Segment_ID,Start,End,Speaker,Speaker_Confidence,Speaker_Basis,Machine_HE,Reviewed_HE,Machine_EN,Reviewed_EN,Content_Class,Preliminary_Disposition,Control_IDs,External_Claim_IDs,Reviewer_A,Reviewer_B,Disagreement,Adjudication,Review_Status,Evidence_Link
S-0001,00:00:01.060,00:00:20.050,Iris,High,Opening visual review documented in provenance manifest,"אוקיי, אז אני אחזור על הדברים שהתחלנו לדבר עליהם, בעצם מה שאמרנו שכשאנחנו מדברים על הצעה אנחנו צריכים שיהיו לנו מספר חלקים ומה שחשוב יותר זה שתהיה לנו שאלת מחקר כללית שעוטפת את כל הדוקטורט,",,"Okay, so I'll go over the things we started discussing, basically what we said is that when we talk about the proposal, we need to have several parts and what's more important is that there should be a general research question that encompasses the whole PhD,",,Requirement,Control-linked,R-01,,,,,,Machine-only; human review needed,./2026-07-29-iris-supervisor-bilingual-transcript.he-en.md#s-0001
S-0002,00:00:20.050,00:00:33.690,Iris,High,Opening visual review documented in provenance manifest,"שמתחלקת לשלוש או ארבע שאלות משנה, כאשר כל אחת משאלות המשנה בעצם היא תמופה בסופו של דבר לאיזושהי סטדי, לאיזושהי עבודה שאנחנו יכולים להגדיר אותה ולעשות אותה.",,"which splits into three or four secondary questions, where each of these secondary questions essentially leads to some stage, some work that we can define and do.",,Requirement,Control-linked,R-01; R-02,,,,,,Machine-only; human review needed,./2026-07-29-iris-supervisor-bilingual-transcript.he-en.md#s-0002
S-0003,00:00:34.770,00:00:49.330,Iris,High,Opening visual review documented in provenance manifest,"כאשר לכל סטדי בשלב של ההצעת מחקר אנחנו כן מצפים לריסורש מתודולוגי, מה שלמדת בעצם בקורס אצל פנינה כדי להגדיר האם אתה מתכנן לעשות שם ניסוי,",,"When it comes to each stage at the proposal phase of the research, we do expect methodological resources, what you learned in Panina's course to define whether you plan to conduct an experiment there,",,Requirement,Control-linked,R-02,,,,,,Machine-only; human review needed,./2026-07-29-iris-supervisor-bilingual-transcript.he-en.md#s-0003
S-0004,00:00:49.330,00:00:59.350,Iris,High,Opening visual review documented in provenance manifest,"האם אתה רוצה לעשות שם סיסטמטיק ריוויור, האם אתה רוצה לעשות קייס סטדי, לרעיין אנשים, מה אתה רוצה לעשות ואיך אתה רוצה לעשות את זה.",,"whether you want to do a systematic review, whether you want to do case studies, interview people, what you want to do and how you want to do it.",,Requirement,Control-linked,R-02,,,,,,Machine-only; human review needed,./2026-07-29-iris-supervisor-bilingual-transcript.he-en.md#s-0004
S-0005,00:01:02.200,00:01:12.180,Iris,High,Opening visual review documented in provenance manifest,"ובעצם אם אני אדבר באופן כללי על ההצעה, כמו שאני רואה אותה ואני אתן לארנון להוסיף או להגיד מהתובנות שלו, כי גם אני לומדת טוב כדי,",,"And essentially if I speak generally about the proposal, as I see it, and Arnon can add or say from his insights, because I'm also learning well,",,Context,Human-review-needed,,,,,,,Machine-only; human review needed,./2026-07-29-iris-supervisor-bilingual-transcript.he-en.md#s-0005
S-0006,00:01:12.180,00:01:20.920,Iris,High,Opening visual review documented in provenance manifest,"בעצם אני לומדת לא איך לעשות את זה, אלא איך אחרים עושים את זה ויכול להיות שיש הבדלים בין מנחים שונים.",,essentially I'm learning not how to do this but how others do it and there might be differences between different advisors.,,Context,Human-review-needed,,,,,,,Machine-only; human review needed,./2026-07-29-iris-supervisor-bilingual-transcript.he-en.md#s-0006
S-0007,00:01:21.880,00:01:36.940,Unresolved,Unknown,No automatic diarization; human audiovisual review required,"בעצם הפרק הראשון יהיה אינטרודאקשן, בעצם אתה תיתן מוטיבציה למחקר, למה אתה רוצה, ללמה זה מעניין, למה אתה מתכוון בגדול לעשות ודברים מהסוג הזה.",,"Essentially the first section will be an introduction, where you'll give motivation for the research, why you want it, why it's interesting, what you intend to do in general and things of that sort.",,Requirement,Control-linked,R-03,,,,,,Machine-only; human review needed,./2026-07-29-iris-supervisor-bilingual-transcript.he-en.md#s-0007
S-0008,00:01:36.940,00:01:49.360,Unresolved,Unknown,No automatic diarization; human audiovisual review required,"הפרק השני הוא בעצם Literature Review, להגיד מה שיש, ודיברנו על זה קצת בפעמים הקודמות, כדי לראות מה יש בסופות, מה אין בסופות,",,"The second section is essentially a Literature Review, saying what exists, we've talked about this somewhat in previous times, to see what there is at the end, what isn't there,",,Requirement,Control-linked,R-03,,,,,,Machine-only; human review needed,./2026-07-29-iris-supervisor-bilingual-transcript.he-en.md#s-0008
S-0009,00:01:49.360,00:01:58.780,Unresolved,Unknown,No automatic diarization; human audiovisual review required,"גם בהקשר הכללי של אלה מימים לצורך פתרונות כאלה, אבל גם אולי להקשר הרפואי.",,"also in the broader context of these days for such solutions, but also maybe in a medical context.",,Requirement,Control-linked,R-03,,,,,,Machine-only; human review needed,./2026-07-29-iris-supervisor-bilingual-transcript.he-en.md#s-0009
S-0010,00:01:58.780,00:02:12.860,Unresolved,Unknown,No automatic diarization; human audiovisual review required,"ואחרי זה, בהמשך, פרק השלישי זה בעצם ה-Research Questions, מהם השאלות שאתה מתייחס אליהם.",,"And after that, further on, the third section is essentially the Research Questions, what are the questions you're referring to.",,Requirement,Control-linked,R-03,,,,,,Machine-only; human review needed,./2026-07-29-iris-supervisor-bilingual-transcript.he-en.md#s-0010
S-0011,00:02:13.320,00:02:18.780,Unresolved,Unknown,No automatic diarization; human audiovisual review required,הפרק הרביעי זה Research Methodology and Artifacts.,,The fourth section is Research Methodology and Artifacts.,,Requirement,Control-linked,R-02; R-03,,,,,,Machine-only; human review needed,./2026-07-29-iris-supervisor-bilingual-transcript.he-en.md#s-0011
S-0012,00:02:18.780,00:02:28.120,Unresolved,Unknown,No automatic diarization; human audiovisual review required,"מהם ה-Research Artifacts שאתה הולך לתת לכל אחד מה-Studies, זאת אומרת, פרק ארבע בעצם יחולק לשלוש או ארבע השאלות,",,"What are the Research Artifacts you'll give to each of the Studies, meaning, Section Four will basically split into three or four questions,",,Requirement,Control-linked,R-02; R-03,,,,,,Machine-only; human review needed,./2026-07-29-iris-supervisor-bilingual-transcript.he-en.md#s-0012
S-0013,00:02:28.180,00:02:33.920,Unresolved,Unknown,No automatic diarization; human audiovisual review required,וכל אחד מהם יהיה לו את ה-Research Methodology ואת ה-Research Artifacts.,,and each one will have its own Research Methodology and Research Artifacts.,,Requirement,Control-linked,R-02; R-03,,,,,,Machine-only; human review needed,./2026-07-29-iris-supervisor-bilingual-transcript.he-en.md#s-0013
S-0014,00:02:34.440,00:02:42.000,Unresolved,Unknown,No automatic diarization; human audiovisual review required,"הפרק החמישי בעצם ידבר על Preliminary Results, פה אתה יכול להתייחס לחלקים שכבר עשית,",,"The fifth section essentially talks about Preliminary Results, here you can refer to parts you've already done,",,Requirement,Control-linked,R-03,,,,,,Machine-only; human review needed,./2026-07-29-iris-supervisor-bilingual-transcript.he-en.md#s-0014
S-0015,00:02:42.000,00:02:48.680,Unresolved,Unknown,No automatic diarization; human audiovisual review required,"והראתה לי בפגישות הקודמות, עוד לפני שארנון הצטרף, ואחרי זה גם עם ארנון.",,"which you showed me in previous meetings, before Arnon joined, and after that also with Arnon.",,Requirement,Control-linked,R-03,,,,,,Machine-only; human review needed,./2026-07-29-iris-supervisor-bilingual-transcript.he-en.md#s-0015
S-0016,00:02:48.820,00:02:53.140,Unresolved,Unknown,No automatic diarization; human audiovisual review required,"זאת אומרת, דברים שכבר בדקת, שבר רצית והראתה.",,"Meaning, things you've already tested, that you wanted to test and showed.",,Requirement,Control-linked,R-03,,,,,,Machine-only; human review needed,./2026-07-29-iris-supervisor-bilingual-transcript.he-en.md#s-0016
S-0017,00:02:55.060,00:03:04.100,Unresolved,Unknown,No automatic diarization; human audiovisual review required,"והפרק השישי נראה לי, זה בעצם הפלנץ, מה אתה מתכנן לעשות לכל הדבר,",,"And the sixth section seems to be, this is essentially the plan, what you're planning to do for everything,",,Requirement,Control-linked,R-03,,,,,,Machine-only; human review needed,./2026-07-29-iris-supervisor-bilingual-transcript.he-en.md#s-0017
S-0018,00:03:04.340,00:03:07.600,Unresolved,Unknown,No automatic diarization; human audiovisual review required,כולל את הלוח זמנים וכל הדברים האלה.,,including the timeline and all these things.,,Requirement,Control-linked,R-03,,,,,,Machine-only; human review needed,./2026-07-29-iris-supervisor-bilingual-transcript.he-en.md#s-0018
S-0019,00:03:07.600,00:03:13.680,Unresolved,Unknown,No automatic diarization; human audiovisual review required,"עכשיו צריך לזכור ש... אני תכף איתן לך לשאול על החלקים האלה,",,"Now we need to remember that... I will ask you about these parts shortly,",,Context,Human-review-needed,,,,,,,Machine-only; human review needed,./2026-07-29-iris-supervisor-bilingual-transcript.he-en.md#s-0019
S-0020,00:03:13.780,00:03:18.560,Unresolved,Unknown,No automatic diarization; human audiovisual review required,"אבל צריך לזכור שאת ההצעה בעצם זה לא רק אנחנו נותנים את זה,",,"but we need to remember that in essence this proposal is not just that we are giving it,",,Context,Human-review-needed,,,,,,,Machine-only; human review needed,./2026-07-29-iris-supervisor-bilingual-transcript.he-en.md#s-0020
S-0021,00:03:18.640,00:03:22.260,Unresolved,Unknown,No automatic diarization; human audiovisual review required,אלא גם אתה נבחן על זה.,,but also that you will be tested on it.,,Context,Human-review-needed,,,,,,,Machine-only; human review needed,./2026-07-29-iris-supervisor-bilingual-transcript.he-en.md#s-0021
S-0022,00:03:22.260,00:03:28.840,Unresolved,Unknown,No automatic diarization; human audiovisual review required,"זאת אומרת, יש אנשים, נראה לי שאני אבקש את ארנון להיות אחד הבוחנים כבר,",,"This means, I think I will ask Arnon to be one of the examiners already,",,Action,Control-linked,A-14; Q-08,,,,,,Machine-only; human review needed,./2026-07-29-iris-supervisor-bilingual-transcript.he-en.md#s-0022
S-0023,00:03:29.580,00:03:34.260,Unresolved,Unknown,No automatic diarization; human audiovisual review required,"אבל יהיו, אני חושבת שזה שניים, אבל צריך לבדוק את זה עוד פעם,",,"but there will be, I believe it will be two, but we need to check this again,",,Action,Control-linked,A-14; Q-08,,,,,,Machine-only; human review needed,./2026-07-29-iris-supervisor-bilingual-transcript.he-en.md#s-0023
S-0024,00:03:34.260,00:03:39.280,Unresolved,Unknown,No automatic diarization; human audiovisual review required,"אנשים שבהם בעצם הם יקבלו את ההצעה שלך,",,"people who actually will receive your proposal,",,Action,Control-linked,A-14; Q-08,,,,,,Machine-only; human review needed,./2026-07-29-iris-supervisor-bilingual-transcript.he-en.md#s-0024
S-0025,00:03:39.820,00:03:45.820,Unresolved,Unknown,No automatic diarization; human audiovisual review required,"ויבואו ויפגשו אותך, וישאלו שתי שאלות מרכזיות.",,"and come and meet with you, and ask two central questions.",,Action,Control-linked,A-14; Q-08,,,,,,Machine-only; human review needed,./2026-07-29-iris-supervisor-bilingual-transcript.he-en.md#s-0025
S-0026,00:03:45.820,00:03:51.420,Unresolved,Unknown,No automatic diarization; human audiovisual review required,"בעצם כל מבחינת מועמדות כזאת, יש לבד שתי שאלות מרכזיות.",,"Essentially for any application, there are only two central questions.",,Action,Control-linked,A-14; Q-08,,,,,,Machine-only; human review needed,./2026-07-29-iris-supervisor-bilingual-transcript.he-en.md#s-0026
S-0027,00:03:51.920,00:03:56.460,Unresolved,Unknown,No automatic diarization; human audiovisual review required,האם העבודה או הנושא הוא מספיק לדוקטורט?,,Is the work or topic sufficient for a doctoral degree?,,Requirement,Control-linked,R-04; A-14; Q-08,,,,,,Machine-only; human review needed,./2026-07-29-iris-supervisor-bilingual-transcript.he-en.md#s-0027
S-0028,00:03:56.820,00:04:01.200,Unresolved,Unknown,No automatic diarization; human audiovisual review required,"זאת אומרת, הוא גם בהיקף שלו, גם מבחינת החדשנות שלו,",,"That is, also in terms of its scope, as well as its originality,",,Requirement,Control-linked,R-04; A-14; Q-08,,,,,,Machine-only; human review needed,./2026-07-29-iris-supervisor-bilingual-transcript.he-en.md#s-0028
S-0029,00:04:01.200,00:04:05.780,Unresolved,Unknown,No automatic diarization; human audiovisual review required,"או גם מבחינת מה שיש בה בספרות, אז זה שאלה אחת.",,"or what exists in the literature, so this is one question.",,Requirement,Control-linked,R-04; A-14; Q-08,,,,,,Machine-only; human review needed,./2026-07-29-iris-supervisor-bilingual-transcript.he-en.md#s-0029
S-0030,00:04:06.400,00:04:11.650,Unresolved,Unknown,No automatic diarization; human audiovisual review required,"והשאלה שנייה, האם המועמד מסוגל לעשות את זה?",,"And the second question, is the applicant capable of doing it?",,Requirement,Control-linked,R-04; A-14; Q-08,,,,,,Machine-only; human review needed,./2026-07-29-iris-supervisor-bilingual-transcript.he-en.md#s-0030
S-0031,00:04:11.990,00:04:15.750,Unresolved,Unknown,No automatic diarization; human audiovisual review required,"בפרק הזמן, עם היכולות שלו, עם הסכיל שלו,",,"Within the time frame, with his abilities, with his skills,",,Requirement,Control-linked,R-04; A-14; Q-08,,,,,,Machine-only; human review needed,./2026-07-29-iris-supervisor-bilingual-transcript.he-en.md#s-0031
S-0032,00:04:15.850,00:04:19.910,Unresolved,Unknown,No automatic diarization; human audiovisual review required,אולי כדאי לתת לו איזשהו קורס שהוא ישלים את הדברים האלה.,,maybe we should give him some course to complete these things.,,Requirement,Control-linked,R-04; A-14; Q-08,,,,,,Machine-only; human review needed,./2026-07-29-iris-supervisor-bilingual-transcript.he-en.md#s-0032
S-0033,00:04:20.390,00:04:24.570,Unresolved,Unknown,No automatic diarization; human audiovisual review required,זה בעצם שתי המטרות של בחינת מועמדות.,,This is essentially the two goals of evaluating an application.,,Requirement,Control-linked,R-04; A-14; Q-08,,,,,,Machine-only; human review needed,./2026-07-29-iris-supervisor-bilingual-transcript.he-en.md#s-0033
S-0034,00:04:24.570,00:04:30.980,Unresolved,Unknown,No automatic diarization; human audiovisual review required,"איך קובעים את המועמדות? מבחינת, כאילו אני ניגש אליכם, אני...",,How do we evaluate applications? From the perspective that I approach you...,,Action,Control-linked,A-14; Q-08,,,,,,Machine-only; human review needed,./2026-07-29-iris-supervisor-bilingual-transcript.he-en.md#s-0034
S-0035,00:04:30.980,00:04:38.020,Unresolved,Unknown,No automatic diarization; human audiovisual review required,"לא, מבחינת, רגע, אתה צריך להגיש עד תחילת שנת הלימודים את הבחינה.",,"No, from the perspective that, hold on, you need to submit the evaluation before the start of your studies.",,Action,Control-linked,A-14; Q-08,,,,,,Machine-only; human review needed,./2026-07-29-iris-supervisor-bilingual-transcript.he-en.md#s-0035
S-0036,00:04:38.700,00:04:43.180,Unresolved,Unknown,No automatic diarization; human audiovisual review required,"ממה שאני הבנתי גם מהסטודנטים, אבל גם מסיגל,",,"As I understand it, both from the students and also from Sigal.",,Action,Control-linked,A-14; Q-08,,,,,,Machine-only; human review needed,./2026-07-29-iris-supervisor-bilingual-transcript.he-en.md#s-0036
S-0037,00:04:43.620,00:04:46.620,Unresolved,Unknown,No automatic diarization; human audiovisual review required,"במהלך סמסטר א', אתה צריך שיהיה לך בחינת מועמדות.",,"During the first semester, you need to have a candidacy exam.",,Action,Control-linked,A-14; Q-08,,,,,,Machine-only; human review needed,./2026-07-29-iris-supervisor-bilingual-transcript.he-en.md#s-0037
S-0038,00:04:46.620,00:04:50.240,Unresolved,Unknown,No automatic diarization; human audiovisual review required,"בדרך כלל, ברגע שאתה נותן את ההצעה הזאת,",,"Generally, as soon as you submit this proposal,",,Action,Control-linked,A-14; Q-08,,,,,,Machine-only; human review needed,./2026-07-29-iris-supervisor-bilingual-transcript.he-en.md#s-0038
S-0039,00:04:50.360,00:04:54.760,Unresolved,Unknown,No automatic diarization; human audiovisual review required,"קודם כל, מבקשים ממני שמות של אנשים שיכולים להיות.",,"First, they ask for names of people who might be suitable.",,Action,Control-linked,A-14; Q-08,,,,,,Machine-only; human review needed,./2026-07-29-iris-supervisor-bilingual-transcript.he-en.md#s-0039
S-0040,00:04:55.280,00:04:57.880,Unresolved,Unknown,No automatic diarization; human audiovisual review required,פונים לאנשים האלה לראו אם הם מסכימים.,,They approach these people to see if they agree.,,Action,Control-linked,A-14; Q-08,,,,,,Machine-only; human review needed,./2026-07-29-iris-supervisor-bilingual-transcript.he-en.md#s-0040
S-0041,00:04:57.960,00:05:00.840,Unresolved,Unknown,No automatic diarization; human audiovisual review required,"אם הם מסכימים, שולחים להם את העבודה,",,"If they agree, they send them the work,",,Action,Control-linked,A-14; Q-08,,,,,,Machine-only; human review needed,./2026-07-29-iris-supervisor-bilingual-transcript.he-en.md#s-0041
S-0042,00:05:00.940,00:05:03.120,Unresolved,Unknown,No automatic diarization; human audiovisual review required,"ונותנים להם סדר גודל של חודש, חודש וחצי,",,"and give them a timeframe of about one to one and a half months,",,Action,Control-linked,A-14; Q-08,,,,,,Machine-only; human review needed,./2026-07-29-iris-supervisor-bilingual-transcript.he-en.md#s-0042
S-0043,00:05:03.140,00:05:07.320,Unresolved,Unknown,No automatic diarization; human audiovisual review required,"לקרוא את העבודה, לתאם את הפגישה, ואז נפגשים.",,"to read the work, schedule the meeting, then we meet.",,Action,Control-linked,A-14; Q-08,,,,,,Machine-only; human review needed,./2026-07-29-iris-supervisor-bilingual-transcript.he-en.md#s-0043
S-0044,00:05:07.720,00:05:10.600,Unresolved,Unknown,No automatic diarization; human audiovisual review required,"הפגישה הזאת, היא לא צריכה להיות ארוכה מאוד,",,"This meeting doesn't need to be very long,",,Action,Control-linked,A-14; Q-08,,,,,,Machine-only; human review needed,./2026-07-29-iris-supervisor-bilingual-transcript.he-en.md#s-0044
S-0045,00:05:10.600,00:05:14.660,Unresolved,Unknown,No automatic diarization; human audiovisual review required,"היא בדרך כלל מוקצועות לה שעתיים, הרבה פעמים זה הרבה פחות.",,"it is usually scheduled for two hours, often much less.",,Action,Control-linked,A-14; Q-08,,,,,,Machine-only; human review needed,./2026-07-29-iris-supervisor-bilingual-transcript.he-en.md#s-0045
S-0046,00:05:14.660,00:05:19.800,Unresolved,Unknown,No automatic diarization; human audiovisual review required,"ולפגישה הזאת, בעצם אתה אמור להכין איזושהי מצגת,",,"For this meeting, you should prepare some kind of presentation,",,Requirement,Control-linked,R-05,,,,,,Machine-only; human review needed,./2026-07-29-iris-supervisor-bilingual-transcript.he-en.md#s-0046
S-0047,00:05:19.860,00:05:22.080,Unresolved,Unknown,No automatic diarization; human audiovisual review required,"אנחנו נדבר על זה כמובן על הפרטים וכל הדברים,",,"Of course, we will discuss the details and everything else,",,Requirement,Control-linked,R-05,,,,,,Machine-only; human review needed,./2026-07-29-iris-supervisor-bilingual-transcript.he-en.md#s-0047
S-0048,00:05:22.380,00:05:25.700,Unresolved,Unknown,No automatic diarization; human audiovisual review required,"אבל איזושהי מצגת קצרה, כי אתה לא צריך לספר להם מה עשית,",,"but a short presentation, because you don't need to tell them what you did,",,Requirement,Control-linked,R-05,,,,,,Machine-only; human review needed,./2026-07-29-iris-supervisor-bilingual-transcript.he-en.md#s-0048
S-0049,00:05:25.780,00:05:27.220,Unresolved,Unknown,No automatic diarization; human audiovisual review required,"הם קראו הרי את מה שעשית,",,"they have already read what you did,",,Requirement,Control-linked,R-05,,,,,,Machine-only; human review needed,./2026-07-29-iris-supervisor-bilingual-transcript.he-en.md#s-0049
S-0050,00:05:27.540,00:05:31.040,Unresolved,Unknown,No automatic diarization; human audiovisual review required,"אבל איזושהי מצגת קצרה שבעצם מכניסה אותנו לתוך העניינים,",,"but a short presentation that actually gets us into the issues,",,Requirement,Control-linked,R-05,,,,,,Machine-only; human review needed,./2026-07-29-iris-supervisor-bilingual-transcript.he-en.md#s-0050
S-0051,00:05:31.400,00:05:34.640,Unresolved,Unknown,No automatic diarization; human audiovisual review required,"אולי גם מספרת מה התקדמת מאז שהגשת את הדברים האלה,",,"maybe also mentioning how things have progressed since you submitted these,",,Requirement,Control-linked,R-05,,,,,,Machine-only; human review needed,./2026-07-29-iris-supervisor-bilingual-transcript.he-en.md#s-0051
S-0052,00:05:35.020,00:05:37.940,Unresolved,Unknown,No automatic diarization; human audiovisual review required,"דברים מהסוג הזה, ואז הם באים עם שאלות,",,"things like this, then they come with questions,",,Requirement,Control-linked,R-05,,,,,,Machine-only; human review needed,./2026-07-29-iris-supervisor-bilingual-transcript.he-en.md#s-0052
S-0053,00:05:37.940,00:05:43.660,Unresolved,Unknown,No automatic diarization; human audiovisual review required,"עם שאלות על הנושא, על הרחבת הדעת,",,"questions on the topic, on expanding knowledge.",,Context,Human-review-needed,,,,,,,Machine-only; human review needed,./2026-07-29-iris-supervisor-bilingual-transcript.he-en.md#s-0053
S-0054,00:05:43.660,00:05:46.660,Unresolved,Unknown,No automatic diarization; human audiovisual review required,"האם כדאי להוסיף דברים, האם כדאי לשנות דברים,",,"Should we add things, should we change things,",,Context,Human-review-needed,,,,,,,Machine-only; human review needed,./2026-07-29-iris-supervisor-bilingual-transcript.he-en.md#s-0054
S-0055,00:05:46.900,00:05:49.040,Unresolved,Unknown,No automatic diarization; human audiovisual review required,"האם משאול אותך את הדברים,",,"Are you asking me about these things,",,Context,Human-review-needed,,,,,,,Machine-only; human review needed,./2026-07-29-iris-supervisor-bilingual-transcript.he-en.md#s-0055
S-0056,00:05:49.320,00:05:56.340,Unresolved,Unknown,No automatic diarization; human audiovisual review required,ובסופו של דבר בעצם יש מספר תוצאות לפגישה הזאת.,,"And in the end, basically, there are a few outcomes from this meeting.",,Context,Human-review-needed,,,,,,,Machine-only; human review needed,./2026-07-29-iris-supervisor-bilingual-transcript.he-en.md#s-0056
S-0057,00:05:56.740,00:06:02.030,Unresolved,Unknown,No automatic diarization; human audiovisual review required,"אפשרות אחת זה שזה לא הולך, המועמד לא מתאים,",,"One option is that it won't happen, the candidate isn't suitable,",,Context,Human-review-needed,,,,,,,Machine-only; human review needed,./2026-07-29-iris-supervisor-bilingual-transcript.he-en.md#s-0057
S-0058,00:06:02.330,00:06:05.630,Unresolved,Unknown,No automatic diarization; human audiovisual review required,"לא קרה לי אף פעם, אבל זה אחת האופציות שיכולות...",,"It hasn't happened to me, but it's one of the options that could...",,Context,Human-review-needed,,,,,,,Machine-only; human review needed,./2026-07-29-iris-supervisor-bilingual-transcript.he-en.md#s-0058
S-0059,00:06:05.630,00:06:06.610,Unresolved,Unknown,No automatic diarization; human audiovisual review required,"לא יקרה, לא יקרה.",,"It won't happen, it won't happen.",,Context,Human-review-needed,,,,,,,Machine-only; human review needed,./2026-07-29-iris-supervisor-bilingual-transcript.he-en.md#s-0059
S-0060,00:06:06.770,00:06:08.010,Unresolved,Unknown,No automatic diarization; human audiovisual review required,"כנראה גם לא יקרה,",,"Probably also won't happen,",,Context,Human-review-needed,,,,,,,Machine-only; human review needed,./2026-07-29-iris-supervisor-bilingual-transcript.he-en.md#s-0060
S-0061,00:06:08.250,00:06:10.450,Unresolved,Unknown,No automatic diarization; human audiovisual review required,"כנראה גם לא יקרה מכיוון שאנחנו עובדים על זה,",,"Probably also won't happen because we're working on it,",,Context,Human-review-needed,,,,,,,Machine-only; human review needed,./2026-07-29-iris-supervisor-bilingual-transcript.he-en.md#s-0061
S-0062,00:06:10.750,00:06:11.470,Unresolved,Unknown,No automatic diarization; human audiovisual review required,וזה...,,And this...,,Context,Human-review-needed,,,,,,,Machine-only; human review needed,./2026-07-29-iris-supervisor-bilingual-transcript.he-en.md#s-0062
S-0063,00:06:11.470,00:06:13.020,Unresolved,Unknown,No automatic diarization; human audiovisual review required,"פעם היחידה, אתה זוכר,",,"The only time, you remember,",,Context,Human-review-needed,,,,,,,Machine-only; human review needed,./2026-07-29-iris-supervisor-bilingual-transcript.he-en.md#s-0063
S-0064,00:06:13.100,00:06:16.080,Unresolved,Unknown,No automatic diarization; human audiovisual review required,"ששומענו על זה שהיה שותף שלנו כשלמדנו,",,"When we heard about our colleague who failed when we learned,",,Context,Human-review-needed,,,,,,,Machine-only; human review needed,./2026-07-29-iris-supervisor-bilingual-transcript.he-en.md#s-0064
S-0065,00:06:17.440,00:06:18.700,Unresolved,Unknown,No automatic diarization; human audiovisual review required,זה...,,This...,,Context,Human-review-needed,,,,,,,Machine-only; human review needed,./2026-07-29-iris-supervisor-bilingual-transcript.he-en.md#s-0065
S-0066,00:06:18.700,00:06:20.700,Unresolved,Unknown,No automatic diarization; human audiovisual review required,"כשמישהו בא,",,"When someone comes in,",,Context,Human-review-needed,,,,,,,Machine-only; human review needed,./2026-07-29-iris-supervisor-bilingual-transcript.he-en.md#s-0066
S-0067,00:06:20.900,00:06:23.640,Unresolved,Unknown,No automatic diarization; human audiovisual review required,"מכריח את המנחה שלו להגיש את זה,",,"They force their mentor to submit it,",,Context,Human-review-needed,,,,,,,Machine-only; human review needed,./2026-07-29-iris-supervisor-bilingual-transcript.he-en.md#s-0067
S-0068,00:06:23.740,00:06:25.340,Unresolved,Unknown,No automatic diarization; human audiovisual review required,"וגם המנחה לא מאמין בעבודה,",,"And the mentor doesn't believe in the work either,",,Context,Human-review-needed,,,,,,,Machine-only; human review needed,./2026-07-29-iris-supervisor-bilingual-transcript.he-en.md#s-0068
S-0069,00:06:25.340,00:06:27.200,Unresolved,Unknown,No automatic diarization; human audiovisual review required,זה הדבר...,,This is the thing...,,Context,Human-review-needed,,,,,,,Machine-only; human review needed,./2026-07-29-iris-supervisor-bilingual-transcript.he-en.md#s-0069
S-0070,00:06:27.200,00:06:27.840,Unresolved,Unknown,No automatic diarization; human audiovisual review required,זה לא יקרה בעבודה.,,It won't happen at work.,,Context,Human-review-needed,,,,,,,Machine-only; human review needed,./2026-07-29-iris-supervisor-bilingual-transcript.he-en.md#s-0070
S-0071,00:06:27.840,00:06:29.240,Unresolved,Unknown,No automatic diarization; human audiovisual review required,"כן, זה לא אמור להיות מפתיעה.",,"Yes, this shouldn't be surprising.",,Context,Human-review-needed,,,,,,,Machine-only; human review needed,./2026-07-29-iris-supervisor-bilingual-transcript.he-en.md#s-0071
S-0072,00:06:29.360,00:06:30.720,Unresolved,Unknown,No automatic diarization; human audiovisual review required,זה לא אמור לקרות.,,This is not supposed to happen.,,Context,Human-review-needed,,,,,,,Machine-only; human review needed,./2026-07-29-iris-supervisor-bilingual-transcript.he-en.md#s-0072
S-0073,00:06:30.720,00:06:34.060,Unresolved,Unknown,No automatic diarization; human audiovisual review required,"השתי האופציות שכן יכולות לקרות,",,"The two options that could occur,",,Context,Human-review-needed,,,,,,,Machine-only; human review needed,./2026-07-29-iris-supervisor-bilingual-transcript.he-en.md#s-0073
S-0074,00:06:34.480,00:06:36.840,Unresolved,Unknown,No automatic diarization; human audiovisual review required,"זה אפשרות אחת,",,"this is one option,",,Context,Human-review-needed,,,,,,,Machine-only; human review needed,./2026-07-29-iris-supervisor-bilingual-transcript.he-en.md#s-0074
S-0075,00:06:38.460,00:06:40.060,Unresolved,Unknown,No automatic diarization; human audiovisual review required,"בעצם יש שלוש אופציות,",,"in fact, there are three options,",,Context,Human-review-needed,,,,,,,Machine-only; human review needed,./2026-07-29-iris-supervisor-bilingual-transcript.he-en.md#s-0075
S-0076,00:06:40.200,00:06:41.620,Unresolved,Unknown,No automatic diarization; human audiovisual review required,"אבל שתיים רווחות,",,"but two of them are profitable,",,Context,Human-review-needed,,,,,,,Machine-only; human review needed,./2026-07-29-iris-supervisor-bilingual-transcript.he-en.md#s-0076
S-0077,00:06:41.900,00:06:44.180,Unresolved,Unknown,No automatic diarization; human audiovisual review required,"זה אפשרות אחת שזה עובר ככה כמו שזה,",,"this is an option that happens just like that,",,Context,Human-review-needed,,,,,,,Machine-only; human review needed,./2026-07-29-iris-supervisor-bilingual-transcript.he-en.md#s-0077
S-0078,00:06:44.620,00:06:46.300,Unresolved,Unknown,No automatic diarization; human audiovisual review required,"הכל בסדר, יאללה, תתחיל לעבוד,",,"everything is fine, let's go, start working,",,Context,Human-review-needed,,,,,,,Machine-only; human review needed,./2026-07-29-iris-supervisor-bilingual-transcript.he-en.md#s-0078
S-0079,00:06:46.420,00:06:49.140,Unresolved,Unknown,No automatic diarization; human audiovisual review required,ושום דבר לא קרה.,,and nothing happened.,,Context,Human-review-needed,,,,,,,Machine-only; human review needed,./2026-07-29-iris-supervisor-bilingual-transcript.he-en.md#s-0079
S-0080,00:06:49.800,00:06:50.720,Unresolved,Unknown,No automatic diarization; human audiovisual review required,"אפשרות שקיימת,",,"An option that exists,",,Context,Human-review-needed,,,,,,,Machine-only; human review needed,./2026-07-29-iris-supervisor-bilingual-transcript.he-en.md#s-0080
S-0081,00:06:50.720,00:06:53.000,Unresolved,Unknown,No automatic diarization; human audiovisual review required,"היא לא נורא נפוצה, אני חייבת להגיד,",,"it's not terribly common, I have to say,",,Context,Human-review-needed,,,,,,,Machine-only; human review needed,./2026-07-29-iris-supervisor-bilingual-transcript.he-en.md#s-0081
S-0082,00:06:53.080,00:06:53.900,Unresolved,Unknown,No automatic diarization; human audiovisual review required,אבל היא קיימת.,,but it does exist.,,Context,Human-review-needed,,,,,,,Machine-only; human review needed,./2026-07-29-iris-supervisor-bilingual-transcript.he-en.md#s-0082
S-0083,00:06:54.000,00:06:54.620,Unresolved,Unknown,No automatic diarization; human audiovisual review required,"אפשרות שנייה,",,"The second option,",,Context,Human-review-needed,,,,,,,Machine-only; human review needed,./2026-07-29-iris-supervisor-bilingual-transcript.he-en.md#s-0083
S-0084,00:06:55.040,00:06:57.440,Unresolved,Unknown,No automatic diarization; human audiovisual review required,"זה שלכל אחד מהאנשים,",,"for each person,",,Context,Human-review-needed,,,,,,,Machine-only; human review needed,./2026-07-29-iris-supervisor-bilingual-transcript.he-en.md#s-0084
S-0085,00:06:57.680,00:07:00.500,Unresolved,Unknown,No automatic diarization; human audiovisual review required,"יהיה איזשהו רעיון,",,"there will be some idea,",,Context,Human-review-needed,,,,,,,Machine-only; human review needed,./2026-07-29-iris-supervisor-bilingual-transcript.he-en.md#s-0085
S-0086,00:07:00.500,00:07:01.340,Unresolved,Unknown,No automatic diarization; human audiovisual review required,"או איזשהו דבר,",,"or something,",,Context,Human-review-needed,,,,,,,Machine-only; human review needed,./2026-07-29-iris-supervisor-bilingual-transcript.he-en.md#s-0086
S-0087,00:07:01.500,00:07:04.160,Unresolved,Unknown,No automatic diarization; human audiovisual review required,והוא ישיר את זה למנחה לבדוק את זה.,,and he will present it to the moderator to check it.,,Context,Human-review-needed,,,,,,,Machine-only; human review needed,./2026-07-29-iris-supervisor-bilingual-transcript.he-en.md#s-0087
S-0088,00:07:04.620,00:07:04.840,Unresolved,Unknown,No automatic diarization; human audiovisual review required,אוקיי?,,Okay?,,Context,Human-review-needed,,,,,,,Machine-only; human review needed,./2026-07-29-iris-supervisor-bilingual-transcript.he-en.md#s-0088
S-0089,00:07:05.180,00:07:06.840,Unresolved,Unknown,No automatic diarization; human audiovisual review required,"זה האופציה הכי רווחת,",,"This is the most profitable option,",,Context,Human-review-needed,,,,,,,Machine-only; human review needed,./2026-07-29-iris-supervisor-bilingual-transcript.he-en.md#s-0089
S-0090,00:07:06.900,00:07:08.640,Unresolved,Unknown,No automatic diarization; human audiovisual review required,"כי כל אחד שקורא את זה,",,"For anyone reading this,",,Context,Human-review-needed,,,,,,,Machine-only; human review needed,./2026-07-29-iris-supervisor-bilingual-transcript.he-en.md#s-0090
S-0091,00:07:08.740,00:07:10.760,Unresolved,Unknown,No automatic diarization; human audiovisual review required,"למרות שאנחנו מכניסים את ארנון לתוך העניינים,",,"Despite us now including Arnon in the mix,",,Context,Human-review-needed,,,,,,,Machine-only; human review needed,./2026-07-29-iris-supervisor-bilingual-transcript.he-en.md#s-0091
S-0092,00:07:10.980,00:07:11.980,Unresolved,Unknown,No automatic diarization; human audiovisual review required,"והוא יהיה גם מבוחן,",,"and he will also be examined,",,Context,Human-review-needed,,,,,,,Machine-only; human review needed,./2026-07-29-iris-supervisor-bilingual-transcript.he-en.md#s-0092
S-0093,00:07:12.420,00:07:14.700,Unresolved,Unknown,No automatic diarization; human audiovisual review required,"זה יכול לראות,",,"one might see,",,Context,Human-review-needed,,,,,,,Machine-only; human review needed,./2026-07-29-iris-supervisor-bilingual-transcript.he-en.md#s-0093
S-0094,00:07:14.780,00:07:15.560,Unresolved,Unknown,No automatic diarization; human audiovisual review required,"כי מישהו יגיד,",,"that someone will say,",,Context,Human-review-needed,,,,,,,Machine-only; human review needed,./2026-07-29-iris-supervisor-bilingual-transcript.he-en.md#s-0094
S-0095,00:07:15.640,00:07:17.880,Unresolved,Unknown,No automatic diarization; human audiovisual review required,"רגע, אולי כדאי שאתה עשה את הדברים האלה,",,"Hold on, maybe it's worth you doing these things,",,Context,Human-review-needed,,,,,,,Machine-only; human review needed,./2026-07-29-iris-supervisor-bilingual-transcript.he-en.md#s-0095
S-0096,00:07:17.880,00:07:18.720,Unresolved,Unknown,No automatic diarization; human audiovisual review required,"לפני שאתה מגיש,",,"before you present,",,Context,Human-review-needed,,,,,,,Machine-only; human review needed,./2026-07-29-iris-supervisor-bilingual-transcript.he-en.md#s-0096
S-0097,00:07:19.000,00:07:19.680,Unresolved,Unknown,No automatic diarization; human audiovisual review required,"תבדקי את זה,",,"check this,",,Context,Human-review-needed,,,,,,,Machine-only; human review needed,./2026-07-29-iris-supervisor-bilingual-transcript.he-en.md#s-0097
S-0098,00:07:19.760,00:07:20.560,Unresolved,Unknown,No automatic diarization; human audiovisual review required,"והכל יהיה בסדר,",,"and everything will be fine,",,Context,Human-review-needed,,,,,,,Machine-only; human review needed,./2026-07-29-iris-supervisor-bilingual-transcript.he-en.md#s-0098
S-0099,00:07:20.680,00:07:22.040,Unresolved,Unknown,No automatic diarization; human audiovisual review required,"ואז זה עניין של כמה,",,"then it's a matter of how many,",,Context,Human-review-needed,,,,,,,Machine-only; human review needed,./2026-07-29-iris-supervisor-bilingual-transcript.he-en.md#s-0099
S-0100,00:07:23.540,00:07:25.300,Unresolved,Unknown,No automatic diarization; human audiovisual review required,"בדרך כלל זה שבוע, שבועיים,",,"Usually it's a week or two,",,Context,Human-review-needed,,,,,,,Machine-only; human review needed,./2026-07-29-iris-supervisor-bilingual-transcript.he-en.md#s-0100
S-0101,00:07:25.440,00:07:27.020,Unresolved,Unknown,No automatic diarization; human audiovisual review required,וגמרנו על הדבר הזה.,,and we're done with this.,,Context,Human-review-needed,,,,,,,Machine-only; human review needed,./2026-07-29-iris-supervisor-bilingual-transcript.he-en.md#s-0101
S-0102,00:07:27.340,00:07:28.140,Unresolved,Unknown,No automatic diarization; human audiovisual review required,"אפשרות השלישית,",,"The third option is,",,Context,Human-review-needed,,,,,,,Machine-only; human review needed,./2026-07-29-iris-supervisor-bilingual-transcript.he-en.md#s-0102
S-0103,00:07:28.140,00:07:29.480,Unresolved,Unknown,No automatic diarization; human audiovisual review required,זה כן בחינה חוזרת.,,it is indeed a follow-up examination.,,Context,Human-review-needed,,,,,,,Machine-only; human review needed,./2026-07-29-iris-supervisor-bilingual-transcript.he-en.md#s-0103
S-0104,00:07:30.080,00:07:30.700,Unresolved,Unknown,No automatic diarization; human audiovisual review required,"זאת אומרת,",,"That means,",,Context,Human-review-needed,,,,,,,Machine-only; human review needed,./2026-07-29-iris-supervisor-bilingual-transcript.he-en.md#s-0104
S-0105,00:07:30.800,00:07:32.460,Unresolved,Unknown,No automatic diarization; human audiovisual review required,"יש פה הרבה מאוד דברים,",,"there are many things here,",,Context,Human-review-needed,,,,,,,Machine-only; human review needed,./2026-07-29-iris-supervisor-bilingual-transcript.he-en.md#s-0105
S-0106,00:07:32.680,00:07:35.620,Unresolved,Unknown,No automatic diarization; human audiovisual review required,"אנחנו לא סומכים על המנחה משום מה,",,"we don't rely on the grade for some reason,",,Context,Human-review-needed,,,,,,,Machine-only; human review needed,./2026-07-29-iris-supervisor-bilingual-transcript.he-en.md#s-0106
S-0107,00:07:36.120,00:07:38.200,Unresolved,Unknown,No automatic diarization; human audiovisual review required,וגם זה לא כל כך הווח.,,and this isn't very certain.,,Context,Human-review-needed,,,,,,,Machine-only; human review needed,./2026-07-29-iris-supervisor-bilingual-transcript.he-en.md#s-0107
S-0108,00:07:39.180,00:07:39.780,Unresolved,Unknown,No automatic diarization; human audiovisual review required,"עקרונית,",,"Essentially,",,Context,Human-review-needed,,,,,,,Machine-only; human review needed,./2026-07-29-iris-supervisor-bilingual-transcript.he-en.md#s-0108
S-0109,00:07:40.020,00:07:43.220,Unresolved,Unknown,No automatic diarization; human audiovisual review required,המנחה הוא זה שקובע גם את הוועדה שתהיה.,,The chair is the one who determines the committee as well.,,Action,Control-linked,A-14,,,,,,Machine-only; human review needed,./2026-07-29-iris-supervisor-bilingual-transcript.he-en.md#s-0109
S-0110,00:07:43.780,00:07:44.300,Unresolved,Unknown,No automatic diarization; human audiovisual review required,"זאת אומרת,",,"That means,",,Action,Control-linked,A-14,,,,,,Machine-only; human review needed,./2026-07-29-iris-supervisor-bilingual-transcript.he-en.md#s-0110
S-0111,00:07:44.300,00:07:45.400,Unresolved,Unknown,No automatic diarization; human audiovisual review required,"קשה לי להאמין,",,"I find it hard to believe,",,Context,Human-review-needed,,,,,,,Machine-only; human review needed,./2026-07-29-iris-supervisor-bilingual-transcript.he-en.md#s-0111
S-0112,00:07:45.480,00:07:46.640,Unresolved,Unknown,No automatic diarization; human audiovisual review required,אבל היו מקרים כאלה.,,But such cases did exist.,,Context,Human-review-needed,,,,,,,Machine-only; human review needed,./2026-07-29-iris-supervisor-bilingual-transcript.he-en.md#s-0112
S-0113,00:07:46.900,00:07:48.920,Unresolved,Unknown,No automatic diarization; human audiovisual review required,"בתור החיית על דוקטורט,",,"As a doctoral student,",,Context,Human-review-needed,,,,,,,Machine-only; human review needed,./2026-07-29-iris-supervisor-bilingual-transcript.he-en.md#s-0113
S-0114,00:07:48.980,00:07:50.720,Unresolved,Unknown,No automatic diarization; human audiovisual review required,"היו לנו מקרים לא נעימים כאלה,",,"We had such unpleasant cases too,",,Context,Human-review-needed,,,,,,,Machine-only; human review needed,./2026-07-29-iris-supervisor-bilingual-transcript.he-en.md#s-0114
S-0115,00:07:51.660,00:07:53.360,Unresolved,Unknown,No automatic diarization; human audiovisual review required,אז זה יכול לקרות עקרונית.,,So this could happen essentially.,,Context,Human-review-needed,,,,,,,Machine-only; human review needed,./2026-07-29-iris-supervisor-bilingual-transcript.he-en.md#s-0115
S-0116,00:07:53.360,00:07:55.940,Unresolved,Unknown,No automatic diarization; human audiovisual review required,"אז בדרך כלל מה שקורה,",,"So generally what happens is,",,Context,Human-review-needed,,,,,,,Machine-only; human review needed,./2026-07-29-iris-supervisor-bilingual-transcript.he-en.md#s-0116
S-0117,00:07:56.080,00:07:57.880,Unresolved,Unknown,No automatic diarization; human audiovisual review required,"זה שבאמת יש איזה שם שאלות,",,"There are indeed some questions of concern,",,Context,Human-review-needed,,,,,,,Machine-only; human review needed,./2026-07-29-iris-supervisor-bilingual-transcript.he-en.md#s-0117
S-0118,00:07:57.920,00:07:59.400,Unresolved,Unknown,No automatic diarization; human audiovisual review required,"האווירה היא בדרך כלל אווירה טובה,",,"The atmosphere is usually good,",,Context,Human-review-needed,,,,,,,Machine-only; human review needed,./2026-07-29-iris-supervisor-bilingual-transcript.he-en.md#s-0118
S-0119,00:07:59.700,00:08:02.100,Unresolved,Unknown,No automatic diarization; human audiovisual review required,"היא לא אווירה של מבחן ולחץ,",,"It's not an atmosphere of a test and pressure,",,Context,Human-review-needed,,,,,,,Machine-only; human review needed,./2026-07-29-iris-supervisor-bilingual-transcript.he-en.md#s-0119
S-0120,00:08:02.560,00:08:03.460,Unresolved,Unknown,No automatic diarization; human audiovisual review required,"אלא שאלות,",,"But rather questions,",,Context,Human-review-needed,,,,,,,Machine-only; human review needed,./2026-07-29-iris-supervisor-bilingual-transcript.he-en.md#s-0120
S-0121,00:08:03.680,00:08:05.240,Unresolved,Unknown,No automatic diarization; human audiovisual review required,"כשהמטרה של הבוחנים בעצם,",,"When the purpose of the examiners in fact,",,Context,Human-review-needed,,,,,,,Machine-only; human review needed,./2026-07-29-iris-supervisor-bilingual-transcript.he-en.md#s-0121
S-0122,00:08:05.580,00:08:07.640,Unresolved,Unknown,No automatic diarization; human audiovisual review required,"זה לעזור ולשפר ולדייק יותר,",,"Is to help, improve, and refine more,",,Context,Human-review-needed,,,,,,,Machine-only; human review needed,./2026-07-29-iris-supervisor-bilingual-transcript.he-en.md#s-0122
S-0123,00:08:07.640,00:08:11.640,Unresolved,Unknown,No automatic diarization; human audiovisual review required,"את ההצעה ואת הדברים האלה,",,"The proposal and these things,",,Context,Human-review-needed,,,,,,,Machine-only; human review needed,./2026-07-29-iris-supervisor-bilingual-transcript.he-en.md#s-0123
S-0124,00:08:12.000,00:08:13.800,Unresolved,Unknown,No automatic diarization; human audiovisual review required,וחלק מההצעות הן מאוד טובות.,,And some of the proposals are very good.,,Context,Human-review-needed,,,,,,,Machine-only; human review needed,./2026-07-29-iris-supervisor-bilingual-transcript.he-en.md#s-0124
S-0125,00:08:14.780,00:08:16.900,Unresolved,Unknown,No automatic diarization; human audiovisual review required,"בזה צריך להיות במהלך סמסטר א',",,This should be during semester A.,,Context,Human-review-needed,,,,,,,Machine-only; human review needed,./2026-07-29-iris-supervisor-bilingual-transcript.he-en.md#s-0125
S-0126,00:08:16.900,00:08:19.610,Unresolved,Unknown,No automatic diarization; human audiovisual review required,"ואחרי זה עבודה רגילה, כן.",,"And after this, regular work.",,Context,Human-review-needed,,,,,,,Machine-only; human review needed,./2026-07-29-iris-supervisor-bilingual-transcript.he-en.md#s-0126
S-0127,00:08:21.690,00:08:25.710,Unresolved,Unknown,No automatic diarization; human audiovisual review required,"נכון, ומתחילת בוא נגיד סמסטר ב',",,"Correct, and let's say from the beginning of the semester.",,Requirement,Control-linked,R-06,,,,,,Machine-only; human review needed,./2026-07-29-iris-supervisor-bilingual-transcript.he-en.md#s-0127
S-0128,00:08:25.710,00:08:26.670,Unresolved,Unknown,No automatic diarization; human audiovisual review required,"זה כבר כאילו,",,"This is already as if,",,Requirement,Control-linked,R-06,,,,,,Machine-only; human review needed,./2026-07-29-iris-supervisor-bilingual-transcript.he-en.md#s-0128
S-0129,00:08:27.110,00:08:28.430,Unresolved,Unknown,No automatic diarization; human audiovisual review required,"בחוט או יותר כאילו מאושר,",,"Like a thread or more approved,",,Requirement,Control-linked,R-06,,,,,,Machine-only; human review needed,./2026-07-29-iris-supervisor-bilingual-transcript.he-en.md#s-0129
S-0130,00:08:28.530,00:08:29.410,Unresolved,Unknown,No automatic diarization; human audiovisual review required,"ויכולים להתחיל כבר,",,"They can start already,",,Requirement,Control-linked,R-06,,,,,,Machine-only; human review needed,./2026-07-29-iris-supervisor-bilingual-transcript.he-en.md#s-0130
S-0131,00:08:29.970,00:08:30.950,Unresolved,Unknown,No automatic diarization; human audiovisual review required,"כאילו אנחנו גם עובדים עלה,",,"As if we are also working on it,",,Requirement,Control-linked,R-06,,,,,,Machine-only; human review needed,./2026-07-29-iris-supervisor-bilingual-transcript.he-en.md#s-0131
S-0132,00:08:31.030,00:08:31.570,Unresolved,Unknown,No automatic diarization; human audiovisual review required,"נותנים עבודה,",,"Assigning work,",,Requirement,Control-linked,R-06,,,,,,Machine-only; human review needed,./2026-07-29-iris-supervisor-bilingual-transcript.he-en.md#s-0132
S-0133,00:08:31.790,00:08:34.170,Unresolved,Unknown,No automatic diarization; human audiovisual review required,"תראה, כל הדברים האלה קוראים במקביל,",,"See, all these things are done in parallel,",,Requirement,Control-linked,R-06,,,,,,Machine-only; human review needed,./2026-07-29-iris-supervisor-bilingual-transcript.he-en.md#s-0133
S-0134,00:08:34.990,00:08:36.030,Unresolved,Unknown,No automatic diarization; human audiovisual review required,"קוראים במקביל,",,"Done in parallel,",,Requirement,Control-linked,R-06,,,,,,Machine-only; human review needed,./2026-07-29-iris-supervisor-bilingual-transcript.he-en.md#s-0134
S-0135,00:08:36.130,00:08:36.730,Unresolved,Unknown,No automatic diarization; human audiovisual review required,"זאת אומרת,",,"That means,",,Requirement,Control-linked,R-06,,,,,,Machine-only; human review needed,./2026-07-29-iris-supervisor-bilingual-transcript.he-en.md#s-0135
S-0136,00:08:37.650,00:08:39.670,Unresolved,Unknown,No automatic diarization; human audiovisual review required,"עקרונית כשאתה מחכה לוועדה,",,"Essentially when you wait for the committee,",,Requirement,Control-linked,R-06,,,,,,Machine-only; human review needed,./2026-07-29-iris-supervisor-bilingual-transcript.he-en.md#s-0136
S-0137,00:08:39.930,00:08:41.110,Unresolved,Unknown,No automatic diarization; human audiovisual review required,"אנחנו ממשיכים להתקדם,",,"We continue to advance,",,Requirement,Control-linked,R-06,,,,,,Machine-only; human review needed,./2026-07-29-iris-supervisor-bilingual-transcript.he-en.md#s-0137
S-0138,00:08:41.210,00:08:41.630,Unresolved,Unknown,No automatic diarization; human audiovisual review required,"זאת אומרת,",,"That means,",,Requirement,Control-linked,R-06,,,,,,Machine-only; human review needed,./2026-07-29-iris-supervisor-bilingual-transcript.he-en.md#s-0138
S-0139,00:08:41.670,00:08:46.750,Unresolved,Unknown,No automatic diarization; human audiovisual review required,"אין סיבה שאתה תחכה לבחינת מועמדות,",,"There's no reason why you should wait for the application review,",,Requirement,Control-linked,R-06,,,,,,Machine-only; human review needed,./2026-07-29-iris-supervisor-bilingual-transcript.he-en.md#s-0139
S-0140,00:08:46.750,00:08:49.650,Unresolved,Unknown,No automatic diarization; human audiovisual review required,"כי הוא לוקח זמן לבחינת מועמדות,",,"Because it takes time for the application review,",,Requirement,Control-linked,R-06,,,,,,Machine-only; human review needed,./2026-07-29-iris-supervisor-bilingual-transcript.he-en.md#s-0140
S-0141,00:08:49.990,00:08:51.530,Unresolved,Unknown,No automatic diarization; human audiovisual review required,"זה לוקח חודש, חודש וחצי,",,"It takes a month, a month and a half,",,Requirement,Control-linked,R-06,,,,,,Machine-only; human review needed,./2026-07-29-iris-supervisor-bilingual-transcript.he-en.md#s-0141
S-0142,00:08:51.610,00:08:52.110,Unresolved,Unknown,No automatic diarization; human audiovisual review required,"משהו כזה,",,"Something like that,",,Requirement,Control-linked,R-06,,,,,,Machine-only; human review needed,./2026-07-29-iris-supervisor-bilingual-transcript.he-en.md#s-0142
S-0143,00:08:52.410,00:08:53.950,Unresolved,Unknown,No automatic diarization; human audiovisual review required,"כי גם עד שהוועדה,",,"Because even until the committee, [unclear]",,Requirement,Control-linked,R-06,,,,,,Machine-only; human review needed,./2026-07-29-iris-supervisor-bilingual-transcript.he-en.md#s-0143
S-0144,00:08:54.030,00:08:56.090,Unresolved,Unknown,No automatic diarization; human audiovisual review required,"עד שקורא את האנשים,",,"Until they call the people,",,Requirement,Control-linked,R-06,,,,,,Machine-only; human review needed,./2026-07-29-iris-supervisor-bilingual-transcript.he-en.md#s-0144
S-0145,00:08:56.230,00:08:57.050,Unresolved,Unknown,No automatic diarization; human audiovisual review required,"עד שנותנים להם,",,"Until they give them,",,Requirement,Control-linked,R-06,,,,,,Machine-only; human review needed,./2026-07-29-iris-supervisor-bilingual-transcript.he-en.md#s-0145
S-0146,00:08:57.090,00:08:58.750,Unresolved,Unknown,No automatic diarization; human audiovisual review required,"אי אפשר להפיל להם הצעה,",,"It's impossible to present them with an offer,",,Requirement,Control-linked,R-06,,,,,,Machine-only; human review needed,./2026-07-29-iris-supervisor-bilingual-transcript.he-en.md#s-0146
S-0147,00:08:59.530,00:09:00.050,Unresolved,Unknown,No automatic diarization; human audiovisual review required,"ולהגיד להם,",,"And tell them,",,Requirement,Control-linked,R-06,,,,,,Machine-only; human review needed,./2026-07-29-iris-supervisor-bilingual-transcript.he-en.md#s-0147
S-0148,00:09:00.110,00:09:01.870,Unresolved,Unknown,No automatic diarization; human audiovisual review required,"טוב מחר אתם יושבים,",,"Good, you'll be sitting tomorrow,",,Requirement,Control-linked,R-06,,,,,,Machine-only; human review needed,./2026-07-29-iris-supervisor-bilingual-transcript.he-en.md#s-0148
S-0149,00:09:02.090,00:09:03.090,Unresolved,Unknown,No automatic diarization; human audiovisual review required,"אז זה לוקח את החודש,",,"So it takes a month,",,Requirement,Control-linked,R-06,,,,,,Machine-only; human review needed,./2026-07-29-iris-supervisor-bilingual-transcript.he-en.md#s-0149
S-0150,00:09:03.690,00:09:04.350,Unresolved,Unknown,No automatic diarization; human audiovisual review required,"בכל מיגה,",,"Every week,",,Context,Human-review-needed,,,,,,,Machine-only; human review needed,./2026-07-29-iris-supervisor-bilingual-transcript.he-en.md#s-0150
S-0151,00:09:04.450,00:09:06.510,Unresolved,Unknown,No automatic diarization; human audiovisual review required,"אני צופה שאם הכל בסדר,",,"I expect that if everything is fine,",,Context,Human-review-needed,,,,,,,Machine-only; human review needed,./2026-07-29-iris-supervisor-bilingual-transcript.he-en.md#s-0151
S-0152,00:09:07.870,00:09:10.750,Unresolved,Unknown,No automatic diarization; human audiovisual review required,"לכיוון נובמבר,",,"Towards November,",,Context,Human-review-needed,,,,,,,Machine-only; human review needed,./2026-07-29-iris-supervisor-bilingual-transcript.he-en.md#s-0152
S-0153,00:09:11.630,00:09:11.870,Unresolved,Unknown,No automatic diarization; human audiovisual review required,"כבר,",,"Already,",,Context,Human-review-needed,,,,,,,Machine-only; human review needed,./2026-07-29-iris-supervisor-bilingual-transcript.he-en.md#s-0153
S-0154,00:09:12.870,00:09:14.130,Unresolved,Unknown,No automatic diarization; human audiovisual review required,"סוף נובמבר נניח,",,"By the end of November, let's say,",,Context,Human-review-needed,,,,,,,Machine-only; human review needed,./2026-07-29-iris-supervisor-bilingual-transcript.he-en.md#s-0154
S-0155,00:09:14.130,00:09:15.630,Unresolved,Unknown,No automatic diarization; human audiovisual review required,"יכול להיות לך כבר הצעה,",,"You might already have an offer,",,Context,Human-review-needed,,,,,,,Machine-only; human review needed,./2026-07-29-iris-supervisor-bilingual-transcript.he-en.md#s-0155
S-0156,00:09:15.630,00:09:17.370,Unresolved,Unknown,No automatic diarization; human audiovisual review required,"כאילו שאתה,",,"As if you are,",,Context,Human-review-needed,,,,,,,Machine-only; human review needed,./2026-07-29-iris-supervisor-bilingual-transcript.he-en.md#s-0156
S-0157,00:09:17.690,00:09:18.570,Unresolved,Unknown,No automatic diarization; human audiovisual review required,"יש שלבים,",,"There are stages,",,Context,Human-review-needed,,,,,,,Machine-only; human review needed,./2026-07-29-iris-supervisor-bilingual-transcript.he-en.md#s-0157
S-0158,00:09:18.870,00:09:20.770,Unresolved,Unknown,No automatic diarization; human audiovisual review required,"שתהיה בשלב ב' בעצם,",,"You will actually be at stage B,",,Context,Human-review-needed,,,,,,,Machine-only; human review needed,./2026-07-29-iris-supervisor-bilingual-transcript.he-en.md#s-0158
S-0159,00:09:20.870,00:09:22.580,Unresolved,Unknown,No automatic diarization; human audiovisual review required,מאחר הצעה.,,Because of the offer.,,Context,Human-review-needed,,,,,,,Machine-only; human review needed,./2026-07-29-iris-supervisor-bilingual-transcript.he-en.md#s-0159
S-0160,00:09:22.640,00:09:22.820,Unresolved,Unknown,No automatic diarization; human audiovisual review required,"כן,",,"Yes,",,Context,Human-review-needed,,,,,,,Machine-only; human review needed,./2026-07-29-iris-supervisor-bilingual-transcript.he-en.md#s-0160
S-0161,00:09:23.800,00:09:25.020,Unresolved,Unknown,No automatic diarization; human audiovisual review required,"כשזה אנחנו דבר נסיים,",,"When we finish this, it's something.",,Context,Human-review-needed,,,,,,,Machine-only; human review needed,./2026-07-29-iris-supervisor-bilingual-transcript.he-en.md#s-0161
S-0162,00:09:25.180,00:09:27.140,Unresolved,Unknown,No automatic diarization; human audiovisual review required,"לפני אפילו אוקטובר,",,"Before even October,",,Context,Human-review-needed,,,,,,,Machine-only; human review needed,./2026-07-29-iris-supervisor-bilingual-transcript.he-en.md#s-0162
S-0163,00:09:27.220,00:09:28.920,Unresolved,Unknown,No automatic diarization; human audiovisual review required,"אפילו כאילו בתחילת ספטמבר,",,"as if at the beginning of September,",,Context,Human-review-needed,,,,,,,Machine-only; human review needed,./2026-07-29-iris-supervisor-bilingual-transcript.he-en.md#s-0163
S-0164,00:09:29.020,00:09:29.480,Unresolved,Unknown,No automatic diarization; human audiovisual review required,"משהו כזה,",,"something like that,",,Context,Human-review-needed,,,,,,,Machine-only; human review needed,./2026-07-29-iris-supervisor-bilingual-transcript.he-en.md#s-0164
S-0165,00:09:30.000,00:09:30.480,Unresolved,Unknown,No automatic diarization; human audiovisual review required,"אמורים,",,"supposed to,",,Context,Human-review-needed,,,,,,,Machine-only; human review needed,./2026-07-29-iris-supervisor-bilingual-transcript.he-en.md#s-0165
S-0166,00:09:31.040,00:09:31.840,Unresolved,Unknown,No automatic diarization; human audiovisual review required,כדי שנגיש.,,so we can submit.,,Context,Human-review-needed,,,,,,,Machine-only; human review needed,./2026-07-29-iris-supervisor-bilingual-transcript.he-en.md#s-0166
S-0167,00:09:31.860,00:09:32.040,Unresolved,Unknown,No automatic diarization; human audiovisual review required,"אוקיי,",,"Okay,",,Context,Human-review-needed,,,,,,,Machine-only; human review needed,./2026-07-29-iris-supervisor-bilingual-transcript.he-en.md#s-0167
S-0168,00:09:32.160,00:09:33.280,Unresolved,Unknown,No automatic diarization; human audiovisual review required,"אם נגיש,",,"if accessible,",,Context,Human-review-needed,,,,,,,Machine-only; human review needed,./2026-07-29-iris-supervisor-bilingual-transcript.he-en.md#s-0168
S-0169,00:09:33.680,00:09:35.960,Unresolved,Unknown,No automatic diarization; human audiovisual review required,"אנחנו צריכים עד תחילת אוקטובר,",,"we need by the start of October,",,Context,Human-review-needed,,,,,,,Machine-only; human review needed,./2026-07-29-iris-supervisor-bilingual-transcript.he-en.md#s-0169
S-0170,00:09:36.400,00:09:37.060,Unresolved,Unknown,No automatic diarization; human audiovisual review required,"אם אנחנו,",,"if we,",,Context,Human-review-needed,,,,,,,Machine-only; human review needed,./2026-07-29-iris-supervisor-bilingual-transcript.he-en.md#s-0170
S-0171,00:09:37.720,00:09:39.240,Unresolved,Unknown,No automatic diarization; human audiovisual review required,"אני הייתי צמחה מאוד,",,"I was very pregnant,",,Context,Human-review-needed,,,,,,,Machine-only; human review needed,./2026-07-29-iris-supervisor-bilingual-transcript.he-en.md#s-0171
S-0172,00:09:39.640,00:09:41.360,Unresolved,Unknown,No automatic diarization; human audiovisual review required,"מבחינה האישית,",,"personally,",,Context,Human-review-needed,,,,,,,Machine-only; human review needed,./2026-07-29-iris-supervisor-bilingual-transcript.he-en.md#s-0172
S-0173,00:09:41.640,00:09:44.040,Unresolved,Unknown,No automatic diarization; human audiovisual review required,"שנסיים את זה לפני ה-28 בספטמבר,",,"to finish this before September 28,",,Context,Human-review-needed,,,,,,,Machine-only; human review needed,./2026-07-29-iris-supervisor-bilingual-transcript.he-en.md#s-0173
S-0174,00:09:44.040,00:09:46.780,Unresolved,Unknown,No automatic diarization; human audiovisual review required,"ב-28 ספטמבר אני נוסעת לשנת נסים,",,"On September 28, I travel for Nusach,",,Context,Human-review-needed,,,,,,,Machine-only; human review needed,./2026-07-29-iris-supervisor-bilingual-transcript.he-en.md#s-0174
S-0175,00:09:46.860,00:09:47.560,Unresolved,Unknown,No automatic diarization; human audiovisual review required,"אחד אחרי השני,",,"one after another,",,Context,Human-review-needed,,,,,,,Machine-only; human review needed,./2026-07-29-iris-supervisor-bilingual-transcript.he-en.md#s-0175
S-0176,00:09:48.450,00:09:51.290,Unresolved,Unknown,No automatic diarization; human audiovisual review required,"הזמן שלי לתת תגובות באותה תקופה,",,"the time for me to give feedback at that time,",,Context,Human-review-needed,,,,,,,Machine-only; human review needed,./2026-07-29-iris-supervisor-bilingual-transcript.he-en.md#s-0176
S-0177,00:09:51.330,00:09:52.470,Unresolved,Unknown,No automatic diarization; human audiovisual review required,"היא נמוכה,",,"it's low,",,Context,Human-review-needed,,,,,,,Machine-only; human review needed,./2026-07-29-iris-supervisor-bilingual-transcript.he-en.md#s-0177
S-0178,00:09:52.530,00:09:55.170,Unresolved,Unknown,No automatic diarization; human audiovisual review required,"ואני חוזרת ל-11 באוקטובר,",,"and I return on October 11,",,Context,Human-review-needed,,,,,,,Machine-only; human review needed,./2026-07-29-iris-supervisor-bilingual-transcript.he-en.md#s-0178
S-0179,00:09:55.550,00:09:57.530,Unresolved,Unknown,No automatic diarization; human audiovisual review required,ש-11 באוקטובר זה תחילת סמסטר כבר.,,as October 11 is already the start of the semester.,,Context,Human-review-needed,,,,,,,Machine-only; human review needed,./2026-07-29-iris-supervisor-bilingual-transcript.he-en.md#s-0179
S-0180,00:09:57.810,00:09:58.510,Unresolved,Unknown,No automatic diarization; human audiovisual review required,"נכון, כן.",,"Correct, yes.",,Context,Human-review-needed,,,,,,,Machine-only; human review needed,./2026-07-29-iris-supervisor-bilingual-transcript.he-en.md#s-0180
S-0181,00:09:58.510,00:10:01.770,Unresolved,Unknown,No automatic diarization; human audiovisual review required,"אז לכן אני הייתי צמחה עד סוף ספטמבר,",,"So therefore I was a plant until the end of September,",,Context,Human-review-needed,,,,,,,Machine-only; human review needed,./2026-07-29-iris-supervisor-bilingual-transcript.he-en.md#s-0181
S-0182,00:10:01.850,00:10:03.250,Unresolved,Unknown,No automatic diarization; human audiovisual review required,שנסגור את הדברים האלה.,,to wrap up these matters.,,Context,Human-review-needed,,,,,,,Machine-only; human review needed,./2026-07-29-iris-supervisor-bilingual-transcript.he-en.md#s-0182
S-0183,00:10:03.650,00:10:04.930,Unresolved,Unknown,No automatic diarization; human audiovisual review required,"כדי שזה יקרה,",,"In order for that to happen,",,Context,Human-review-needed,,,,,,,Machine-only; human review needed,./2026-07-29-iris-supervisor-bilingual-transcript.he-en.md#s-0183
S-0184,00:10:05.030,00:10:08.330,Unresolved,Unknown,No automatic diarization; human audiovisual review required,"אנחנו נצטרך לדבר על כל מיני שלבים בדרך,",,"we will need to discuss various stages along the way,",,Context,Human-review-needed,,,,,,,Machine-only; human review needed,./2026-07-29-iris-supervisor-bilingual-transcript.he-en.md#s-0184
S-0185,00:10:08.690,00:10:10.550,Unresolved,Unknown,No automatic diarization; human audiovisual review required,"אבל באופן כללי,",,"but generally,",,Context,Human-review-needed,,,,,,,Machine-only; human review needed,./2026-07-29-iris-supervisor-bilingual-transcript.he-en.md#s-0185
S-0186,00:10:10.990,00:10:15.210,Unresolved,Unknown,No automatic diarization; human audiovisual review required,"אני כן הייתי רוצה שתעשה,",,"yes, I do want you to do,",,Requirement,Control-linked,R-19,,,,,,Machine-only; human review needed,./2026-07-29-iris-supervisor-bilingual-transcript.he-en.md#s-0186
S-0187,00:10:15.310,00:10:17.030,Unresolved,Unknown,No automatic diarization; human audiovisual review required,"ומה שרציתי לשאול לך קודם,",,"and what I wanted to ask you first,",,Requirement,Control-linked,R-19,,,,,,Machine-only; human review needed,./2026-07-29-iris-supervisor-bilingual-transcript.he-en.md#s-0187
S-0188,00:10:17.370,00:10:18.630,Unresolved,Unknown,No automatic diarization; human audiovisual review required,"וכאן זה שכחתי,",,"and here I forgot,",,Requirement,Control-linked,R-19,,,,,,Machine-only; human review needed,./2026-07-29-iris-supervisor-bilingual-transcript.he-en.md#s-0188
S-0189,00:10:18.870,00:10:21.630,Unresolved,Unknown,No automatic diarization; human audiovisual review required,אתה צריך לעשות עבודה על הקורס של פנינה.,,You need to do work on Penina's course.,,Requirement,Control-linked,R-19,,,,,,Machine-only; human review needed,./2026-07-29-iris-supervisor-bilingual-transcript.he-en.md#s-0189
S-0190,00:10:23.040,00:10:23.400,Unresolved,Unknown,No automatic diarization; human audiovisual review required,נכון.,,Correct.,,Requirement,Control-linked,R-19,,,,,,Machine-only; human review needed,./2026-07-29-iris-supervisor-bilingual-transcript.he-en.md#s-0190
S-0191,00:10:23.400,00:10:24.560,Unresolved,Unknown,No automatic diarization; human audiovisual review required,אנחנו צריכים לגישהו.,,We need to delegate it.,,Requirement,Control-linked,R-19,,,,,,Machine-only; human review needed,./2026-07-29-iris-supervisor-bilingual-transcript.he-en.md#s-0191
S-0192,00:10:24.560,00:10:25.140,Unresolved,Unknown,No automatic diarization; human audiovisual review required,על מה צריכים לגישהו?,,To whom should we delegate it?,,Requirement,Control-linked,R-19,,,,,,Machine-only; human review needed,./2026-07-29-iris-supervisor-bilingual-transcript.he-en.md#s-0192
S-0193,00:10:26.250,00:10:27.050,Unresolved,Unknown,No automatic diarization; human audiovisual review required,"על התזה,",,"About the thesis,",,Requirement,Control-linked,R-19,,,,,,Machine-only; human review needed,./2026-07-29-iris-supervisor-bilingual-transcript.he-en.md#s-0193
S-0194,00:10:27.950,00:10:28.730,Unresolved,Unknown,No automatic diarization; human audiovisual review required,על ויגויירי.,,about Wiguyiri.,,Requirement,Control-linked,R-19,,,,,,Machine-only; human review needed,./2026-07-29-iris-supervisor-bilingual-transcript.he-en.md#s-0194
S-0195,00:10:28.730,00:10:30.690,Unresolved,Unknown,No automatic diarization; human audiovisual review required,על איזה שאלה?,,Which question?,,Requirement,Control-linked,R-19,,,,,,Machine-only; human review needed,./2026-07-29-iris-supervisor-bilingual-transcript.he-en.md#s-0195
S-0196,00:10:30.830,00:10:37.990,Unresolved,Unknown,No automatic diarization; human audiovisual review required,"על השאלה של הקטע של ללכת לכיוון של מה שדיברנו בהתחלה הזאת,",,"The question of the text going in the direction we talked about at the beginning,",,Requirement,Control-linked,R-19,,,,,,Machine-only; human review needed,./2026-07-29-iris-supervisor-bilingual-transcript.he-en.md#s-0196
S-0197,00:10:38.030,00:10:39.610,Unresolved,Unknown,No automatic diarization; human audiovisual review required,"זאת אומרת, לא להרחיב לעולם הרפואי.",,"that is, not expanding into the medical world.",,Requirement,Control-linked,R-19,,,,,,Machine-only; human review needed,./2026-07-29-iris-supervisor-bilingual-transcript.he-en.md#s-0197
S-0198,00:10:40.450,00:10:42.470,Unresolved,Unknown,No automatic diarization; human audiovisual review required,"כן, בינתיים על ה-human interaction,",,"Yes, for now on human interaction,",,Requirement,Control-linked,R-19,,,,,,Machine-only; human review needed,./2026-07-29-iris-supervisor-bilingual-transcript.he-en.md#s-0198
S-0199,00:10:43.070,00:10:45.070,Unresolved,Unknown,No automatic diarization; human audiovisual review required,"זה הכנסת כאילו בן אדם בילוב,",,"this is an introduction as if a human being is integrated,",,Requirement,Control-linked,R-19,,,,,,Machine-only; human review needed,./2026-07-29-iris-supervisor-bilingual-transcript.he-en.md#s-0199
S-0200,00:10:45.670,00:10:49.110,Unresolved,Unknown,No automatic diarization; human audiovisual review required,"בינתיים אין דיבור על הכנסה לעולם הרפואי,",,"for now there is no talk of the entry into the medical world,",,Requirement,Control-linked,R-19,,,,,,Machine-only; human review needed,./2026-07-29-iris-supervisor-bilingual-transcript.he-en.md#s-0200
S-0201,00:10:49.230,00:10:52.450,Unresolved,Unknown,No automatic diarization; human audiovisual review required,"אבל זה כאילו אחת השאלות שאני באתי כאילו היום,",,"but this is like one of the questions I came here today to ask you,",,Requirement,Control-linked,R-19,,,,,,Machine-only; human review needed,./2026-07-29-iris-supervisor-bilingual-transcript.he-en.md#s-0201
S-0202,00:10:52.630,00:10:54.320,Unresolved,Unknown,No automatic diarization; human audiovisual review required,ולשאול אותך עליהן.,,and to ask you about them.,,Requirement,Control-linked,R-19,,,,,,Machine-only; human review needed,./2026-07-29-iris-supervisor-bilingual-transcript.he-en.md#s-0202
S-0203,00:10:54.320,00:10:54.760,Unresolved,Unknown,No automatic diarization; human audiovisual review required,אוקיי.,,Okay.,,Requirement,Control-linked,R-19,,,,,,Machine-only; human review needed,./2026-07-29-iris-supervisor-bilingual-transcript.he-en.md#s-0203
S-0204,00:10:56.060,00:10:56.760,Unresolved,Unknown,No automatic diarization; human audiovisual review required,אז כאילו...,,So...,,Requirement,Control-linked,R-19,,,,,,Machine-only; human review needed,./2026-07-29-iris-supervisor-bilingual-transcript.he-en.md#s-0204
S-0205,00:10:56.760,00:11:01.160,Unresolved,Unknown,No automatic diarization; human audiovisual review required,"קודם כל, אתה תוכל להשתמש בדברים שאתה עושה לעבודה כמובן אצל פנינה,",,"First, you will be able to use what you do for work naturally with Pina,",,Requirement,Control-linked,R-19,,,,,,Machine-only; human review needed,./2026-07-29-iris-supervisor-bilingual-transcript.he-en.md#s-0205
S-0206,00:11:01.260,00:11:06.180,Unresolved,Unknown,No automatic diarization; human audiovisual review required,גם לצורך ההצעה כמובן.,,also for the proposal of course.,,Requirement,Control-linked,R-19,,,,,,Machine-only; human review needed,./2026-07-29-iris-supervisor-bilingual-transcript.he-en.md#s-0206
S-0207,00:11:06.680,00:11:11.680,Unresolved,Unknown,No automatic diarization; human audiovisual review required,"עכשיו, באמת, אולי אחרי שדיברנו על כל המנהלות וכל הדברים האלה,",,"Now, really, maybe after we talked about all the managers and these things,",,Open question,Control-linked,Q-02,,,,,,Machine-only; human review needed,./2026-07-29-iris-supervisor-bilingual-transcript.he-en.md#s-0207
S-0208,00:11:11.980,00:11:19.300,Unresolved,Unknown,No automatic diarization; human audiovisual review required,בואו ננסה אולי לדבר על מה אנחנו רוצים לעשות.,,let's try to talk maybe about what we want to do.,,Open question,Control-linked,Q-02,,,,,,Machine-only; human review needed,./2026-07-29-iris-supervisor-bilingual-transcript.he-en.md#s-0208
S-0209,00:11:19.300,00:11:22.580,Unresolved,Unknown,No automatic diarization; human audiovisual review required,"זאת אומרת, כדי להרחיב את זה לעולם הרפואי.",,"That means, in order to expand this into the medical world.",,Open question,Control-linked,Q-02,,,,,,Machine-only; human review needed,./2026-07-29-iris-supervisor-bilingual-transcript.he-en.md#s-0209
S-0210,00:11:24.120,00:11:26.460,Unresolved,Unknown,No automatic diarization; human audiovisual review required,"יש לנו שתי אפשרויות,",,"We have two options,",,Open question,Control-linked,Q-02,,,,,,Machine-only; human review needed,./2026-07-29-iris-supervisor-bilingual-transcript.he-en.md#s-0210
S-0211,00:11:29.150,00:11:33.170,Unresolved,Unknown,No automatic diarization; human audiovisual review required,"אולי יותר, אבל שתי אפשרויות שאני חושבת עליהן כרגע,",,"or perhaps more, but two options that I'm thinking of right now,",,Open question,Control-linked,Q-02,,,,,,Machine-only; human review needed,./2026-07-29-iris-supervisor-bilingual-transcript.he-en.md#s-0211
S-0212,00:11:33.590,00:11:36.550,Unresolved,Unknown,No automatic diarization; human audiovisual review required,"ואני אשמח לשמוע גם את מה שלך יש להגיד עלי,",,"and I would be happy to hear what you have to say about them,",,Open question,Control-linked,Q-02,,,,,,Machine-only; human review needed,./2026-07-29-iris-supervisor-bilingual-transcript.he-en.md#s-0212
S-0213,00:11:36.650,00:11:39.470,Unresolved,Unknown,No automatic diarization; human audiovisual review required,וגם למה שלך יש להגיד על זה ארדון.,,and why you think they should be done.,,Open question,Control-linked,Q-02,,,,,,Machine-only; human review needed,./2026-07-29-iris-supervisor-bilingual-transcript.he-en.md#s-0213
S-0214,00:11:39.470,00:11:42.390,Unresolved,Unknown,No automatic diarization; human audiovisual review required,"אפשרות אחת זה להגיד שהתזה,",,"One option is to say that the thesis is about,",,Open question,Control-linked,Q-02,,,,,,Machine-only; human review needed,./2026-07-29-iris-supervisor-bilingual-transcript.he-en.md#s-0214
S-0215,00:11:42.870,00:11:45.770,Unresolved,Unknown,No automatic diarization; human audiovisual review required,"human intervention, בהקשר הזה,",,"human intervention, in this context,",,Open question,Control-linked,Q-02,,,,,,Machine-only; human review needed,./2026-07-29-iris-supervisor-bilingual-transcript.he-en.md#s-0215
S-0216,00:11:46.090,00:11:48.010,Unresolved,Unknown,No automatic diarization; human audiovisual review required,"ולתת שלוש שאלות על הדברים האלה,",,"and to pose three questions regarding these matters,",,Open question,Control-linked,Q-02,,,,,,Machine-only; human review needed,./2026-07-29-iris-supervisor-bilingual-transcript.he-en.md#s-0216
S-0217,00:11:48.290,00:11:52.470,Unresolved,Unknown,No automatic diarization; human audiovisual review required,"כאשר העולם הרפואי והעולם של המודלינג,",,"when the medical world and the modeling world,",,Open question,Control-linked,Q-02,,,,,,Machine-only; human review needed,./2026-07-29-iris-supervisor-bilingual-transcript.he-en.md#s-0217
S-0218,00:11:53.370,00:11:57.630,Unresolved,Unknown,No automatic diarization; human audiovisual review required,יהיו בעצם שני דומיינים שאנחנו בודקים את שלוש השאלות האלה עליהן.,,will essentially be two domains we are checking these three questions on.,,Open question,Control-linked,Q-02,,,,,,Machine-only; human review needed,./2026-07-29-iris-supervisor-bilingual-transcript.he-en.md#s-0218
S-0219,00:11:57.970,00:12:00.410,Unresolved,Unknown,No automatic diarization; human audiovisual review required,"זאת אומרת, זה יהיה בעצם אורתוגונלי לדבר הזה.",,This means that it will essentially be orthogonal to this matter.,,Open question,Control-linked,Q-02,,,,,,Machine-only; human review needed,./2026-07-29-iris-supervisor-bilingual-transcript.he-en.md#s-0219
S-0220,00:12:00.410,00:12:03.750,Unresolved,Unknown,No automatic diarization; human audiovisual review required,"יהיה לנו את השאלות מחקר, שהן קשורות ל-human intervention,",,"We will have research questions related to human intervention,",,Open question,Control-linked,Q-02,,,,,,Machine-only; human review needed,./2026-07-29-iris-supervisor-bilingual-transcript.he-en.md#s-0220
S-0221,00:12:03.750,00:12:07.650,Unresolved,Unknown,No automatic diarization; human audiovisual review required,"ויהיו לנו שני דומיינים, עולם רפואי,",,"and we will have two domains, a medical world,",,Open question,Control-linked,Q-02,,,,,,Machine-only; human review needed,./2026-07-29-iris-supervisor-bilingual-transcript.he-en.md#s-0221
S-0222,00:12:08.010,00:12:13.470,Unresolved,Unknown,No automatic diarization; human audiovisual review required,"עולם של, בואו נקרא לזה של software engineering, אוקיי?",,"a world of, let's call it software engineering, okay?",,Open question,Control-linked,Q-02,,,,,,Machine-only; human review needed,./2026-07-29-iris-supervisor-bilingual-transcript.he-en.md#s-0222
S-0223,00:12:13.710,00:12:15.170,Unresolved,Unknown,No automatic diarization; human audiovisual review required,"או software modeling, אוקיי?",,"or software modeling, okay?",,Open question,Control-linked,Q-02,,,,,,Machine-only; human review needed,./2026-07-29-iris-supervisor-bilingual-transcript.he-en.md#s-0223
S-0224,00:12:15.610,00:12:20.770,Unresolved,Unknown,No automatic diarization; human audiovisual review required,"אז זה שני הדברים, ובעצם את כל השאלות אנחנו נשאול על כל אחד מהדברים האלה,",,"So these are the two things, and essentially all the questions we will ask about each of these things,",,Open question,Control-linked,Q-02,,,,,,Machine-only; human review needed,./2026-07-29-iris-supervisor-bilingual-transcript.he-en.md#s-0224
S-0225,00:12:20.850,00:12:26.030,Unresolved,Unknown,No automatic diarization; human audiovisual review required,"וכשניתן את הפתרון, בעצם יהיה לנו שני דרכים לעשות.",,"and when given the solution, essentially we will have two ways to do it.",,Open question,Control-linked,Q-02,,,,,,Machine-only; human review needed,./2026-07-29-iris-supervisor-bilingual-transcript.he-en.md#s-0225
S-0226,00:12:26.030,00:12:30.790,Unresolved,Unknown,No automatic diarization; human audiovisual review required,"אפשרות אחרת זה לא להסתכל על זה בצורה הזאת,",,"Another option is not to look at it this way,",,Open question,Control-linked,Q-02,,,,,,Machine-only; human review needed,./2026-07-29-iris-supervisor-bilingual-transcript.he-en.md#s-0226
S-0227,00:12:30.850,00:12:33.430,Unresolved,Unknown,No automatic diarization; human audiovisual review required,"ולשאול שלוש שאלות שהן רלוונטיות,",,"and to ask three relevant questions,",,Open question,Control-linked,Q-02,,,,,,Machine-only; human review needed,./2026-07-29-iris-supervisor-bilingual-transcript.he-en.md#s-0227
S-0228,00:12:33.750,00:12:35.990,Unresolved,Unknown,No automatic diarization; human audiovisual review required,"לעולם הרפואי,",,"in the medical world,",,Open question,Control-linked,Q-02,,,,,,Machine-only; human review needed,./2026-07-29-iris-supervisor-bilingual-transcript.he-en.md#s-0228
S-0229,00:12:36.570,00:12:38.630,Unresolved,Unknown,No automatic diarization; human audiovisual review required,"ולהגיד שהשאלה הראשונה בעצם,",,"and to say that the first question actually,",,Open question,Control-linked,Q-02,,,,,,Machine-only; human review needed,./2026-07-29-iris-supervisor-bilingual-transcript.he-en.md#s-0229
S-0230,00:12:38.730,00:12:42.890,Unresolved,Unknown,No automatic diarization; human audiovisual review required,"מאחר שאנחנו רוצים לא להכניס אותן ישר לעולם הרפואי,",,"since we want not to directly bring them into the medical world,",,Open question,Control-linked,Q-02,,,,,,Machine-only; human review needed,./2026-07-29-iris-supervisor-bilingual-transcript.he-en.md#s-0230
S-0231,00:12:43.190,00:12:45.610,Unresolved,Unknown,No automatic diarization; human audiovisual review required,"היא כן תתייחס לסופטור מודלינג,",,"is yes, to consider model modeling.",,Open question,Control-linked,Q-02,,,,,,Machine-only; human review needed,./2026-07-29-iris-supervisor-bilingual-transcript.he-en.md#s-0231
S-0232,00:12:45.930,00:12:48.930,Unresolved,Unknown,No automatic diarization; human audiovisual review required,"היא כן תתייחס לדברים האלה,",,"She will indeed address these matters,",,Open question,Control-linked,Q-02,,,,,,Machine-only; human review needed,./2026-07-29-iris-supervisor-bilingual-transcript.he-en.md#s-0232
S-0233,00:12:49.130,00:12:50.450,Unresolved,Unknown,No automatic diarization; human audiovisual review required,"ואחרי זה שאלות שתיים ושלוש,",,"and after that, questions two and three,",,Open question,Control-linked,Q-02,,,,,,Machine-only; human review needed,./2026-07-29-iris-supervisor-bilingual-transcript.he-en.md#s-0233
S-0234,00:12:50.530,00:12:52.590,Unresolved,Unknown,No automatic diarization; human audiovisual review required,"בעצם בונות על שאלה אחת,",,"essentially building on one question,",,Open question,Control-linked,Q-02,,,,,,Machine-only; human review needed,./2026-07-29-iris-supervisor-bilingual-transcript.he-en.md#s-0234
S-0235,00:12:52.790,00:12:55.050,Unresolved,Unknown,No automatic diarization; human audiovisual review required,ועולה אוחות רק לעולם הרפואי.,,and the oak will only rise into the medical world.,,Open question,Control-linked,Q-02,,,,,,Machine-only; human review needed,./2026-07-29-iris-supervisor-bilingual-transcript.he-en.md#s-0235
S-0236,00:12:55.050,00:13:00.770,Unresolved,Unknown,No automatic diarization; human audiovisual review required,"זאת אומרת, לא יהיה לנו מצריצה שלמה של שלוש שאלות מול שני תחומים,",,"This means, there won't be a complete squeeze of three questions against two fields,",,Open question,Control-linked,Q-02,,,,,,Machine-only; human review needed,./2026-07-29-iris-supervisor-bilingual-transcript.he-en.md#s-0236
S-0237,00:13:01.050,00:13:02.370,Unresolved,Unknown,No automatic diarization; human audiovisual review required,"אלא יהיה לנו שלוש שאלות,",,"but we will have three questions,",,Open question,Control-linked,Q-02,,,,,,Machine-only; human review needed,./2026-07-29-iris-supervisor-bilingual-transcript.he-en.md#s-0237
S-0238,00:13:02.370,00:13:07.850,Unresolved,Unknown,No automatic diarization; human audiovisual review required,"השאלה הראשונה תענה על ידי התחום של הסופטור אינג'ינירים,",,"the first question will be answered by the field of spectroscopy engineers,",,Open question,Control-linked,Q-02,,,,,,Machine-only; human review needed,./2026-07-29-iris-supervisor-bilingual-transcript.he-en.md#s-0238
S-0239,00:13:08.150,00:13:12.390,Unresolved,Unknown,No automatic diarization; human audiovisual review required,ושתי השאלות הבאות תעננה על ידי התחום של העולם הרפואי.,,and the next two questions will be answered by the medical world.,,Open question,Control-linked,Q-02,,,,,,Machine-only; human review needed,./2026-07-29-iris-supervisor-bilingual-transcript.he-en.md#s-0239
S-0240,00:13:13.140,00:13:14.300,Unresolved,Unknown,No automatic diarization; human audiovisual review required,הייתי מספיק ברורה?,,Was I clear enough?,,Open question,Control-linked,Q-02,,,,,,Machine-only; human review needed,./2026-07-29-iris-supervisor-bilingual-transcript.he-en.md#s-0240
S-0241,00:13:14.300,00:13:19.570,Unresolved,Unknown,No automatic diarization; human audiovisual review required,"כן, אני חושב יותר על ההצעה השנייה,",,"Yes, I think I am more focused on the second proposal,",,Open question,Control-linked,Q-02,,,,,,Machine-only; human review needed,./2026-07-29-iris-supervisor-bilingual-transcript.he-en.md#s-0241
S-0242,00:13:19.790,00:13:21.710,Unresolved,Unknown,No automatic diarization; human audiovisual review required,"שאנחנו נתחיל עם סופטור אינג'ינירים,",,"that we start with spectroscopy engineers,",,Open question,Control-linked,Q-02,,,,,,Machine-only; human review needed,./2026-07-29-iris-supervisor-bilingual-transcript.he-en.md#s-0242
S-0243,00:13:21.850,00:13:24.590,Unresolved,Unknown,No automatic diarization; human audiovisual review required,"כי זה מה שאנחנו בפועל התחלנו גם לעבוד עליו,",,"because this is what we actually started working on as well,",,Open question,Control-linked,Q-02,,,,,,Machine-only; human review needed,./2026-07-29-iris-supervisor-bilingual-transcript.he-en.md#s-0243
S-0244,00:13:24.810,00:13:26.910,Unresolved,Unknown,No automatic diarization; human audiovisual review required,"גם מבחינת דאטה, גם מבחינת ארכיטקטורה,",,"both in terms of data and architecture,",,Open question,Control-linked,Q-02,,,,,,Machine-only; human review needed,./2026-07-29-iris-supervisor-bilingual-transcript.he-en.md#s-0244
S-0245,00:13:27.070,00:13:30.810,Unresolved,Unknown,No automatic diarization; human audiovisual review required,"כאילו, שהיא גם כללית שאנחנו רוצים לעשות לג'ינורליזיישן,",,"as if it's also general enough for us to do a generalization,",,Open question,Control-linked,Q-02,,,,,,Machine-only; human review needed,./2026-07-29-iris-supervisor-bilingual-transcript.he-en.md#s-0245
S-0246,00:13:31.110,00:13:32.310,Unresolved,Unknown,No automatic diarization; human audiovisual review required,"גם לעולם הרפואי,",,"even into the medical world,",,Open question,Control-linked,Q-02,,,,,,Machine-only; human review needed,./2026-07-29-iris-supervisor-bilingual-transcript.he-en.md#s-0246
S-0247,00:13:32.790,00:13:34.410,Unresolved,Unknown,No automatic diarization; human audiovisual review required,"אז נתחיל עם השאלה הזאת,",,"so let's start with this question,",,Open question,Control-linked,Q-02,,,,,,Machine-only; human review needed,./2026-07-29-iris-supervisor-bilingual-transcript.he-en.md#s-0247
S-0248,00:13:34.410,00:13:36.870,Unresolved,Unknown,No automatic diarization; human audiovisual review required,"ואנחנו כאילו כבר בא, יכולים להגיד,",,"and we are kind of already there, we can say,",,Open question,Control-linked,Q-02,,,,,,Machine-only; human review needed,./2026-07-29-iris-supervisor-bilingual-transcript.he-en.md#s-0248
S-0249,00:13:37.510,00:13:40.010,Unresolved,Unknown,No automatic diarization; human audiovisual review required,"ומשם אנחנו יכולים להתקדם לעולם הרפואי,",,and from there we can proceed into the medical world.,,Open question,Control-linked,Q-02,,,,,,Machine-only; human review needed,./2026-07-29-iris-supervisor-bilingual-transcript.he-en.md#s-0249
S-0250,00:13:40.070,00:13:40.870,Unresolved,Unknown,No automatic diarization; human audiovisual review required,למדיביריה.,,Libiuria.,,Open question,Control-linked,Q-02,,,,,,Machine-only; human review needed,./2026-07-29-iris-supervisor-bilingual-transcript.he-en.md#s-0250
S-0251,00:13:41.130,00:13:43.830,Unresolved,Unknown,No automatic diarization; human audiovisual review required,"נכון, הנקודה שמה שצריך לחשוב,",,"Correct, the point is what we need to think about,",,Open question,Control-linked,Q-02,,,,,,Machine-only; human review needed,./2026-07-29-iris-supervisor-bilingual-transcript.he-en.md#s-0251
S-0252,00:13:44.310,00:13:46.730,Unresolved,Unknown,No automatic diarization; human audiovisual review required,"וזה, אני לא אומרת שזה לא אפשרי,",,"and this, I'm not saying it's impossible,",,Open question,Control-linked,Q-02,,,,,,Machine-only; human review needed,./2026-07-29-iris-supervisor-bilingual-transcript.he-en.md#s-0252
S-0253,00:13:46.790,00:13:48.810,Unresolved,Unknown,No automatic diarization; human audiovisual review required,"גם אני נוטה לאפשרות השנייה,",,"and I tend towards the second possibility,",,Open question,Control-linked,Q-02,,,,,,Machine-only; human review needed,./2026-07-29-iris-supervisor-bilingual-transcript.he-en.md#s-0253
S-0254,00:13:48.890,00:13:50.730,Unresolved,Unknown,No automatic diarization; human audiovisual review required,"דרך אגב, יכול להיות שיש עוד אפשרויות,",,"By the way, there might be additional possibilities,",,Open question,Control-linked,Q-02,,,,,,Machine-only; human review needed,./2026-07-29-iris-supervisor-bilingual-transcript.he-en.md#s-0254
S-0255,00:13:50.830,00:13:53.830,Unresolved,Unknown,No automatic diarization; human audiovisual review required,אבל זה האפשרויות שאני כרגע רואה אותם.,,but these are the ones I see currently.,,Open question,Control-linked,Q-02,,,,,,Machine-only; human review needed,./2026-07-29-iris-supervisor-bilingual-transcript.he-en.md#s-0255
S-0256,00:13:56.030,00:13:57.650,Unresolved,Unknown,No automatic diarization; human audiovisual review required,"הבעיה שלי עם האפשרות הזאת,",,"The problem with this possibility,",,Open question,Control-linked,Q-02,,,,,,Machine-only; human review needed,./2026-07-29-iris-supervisor-bilingual-transcript.he-en.md#s-0256
S-0257,00:13:58.290,00:14:00.070,Unresolved,Unknown,No automatic diarization; human audiovisual review required,"שאני, כמו שאמרתי, נוטה אליה,",,"as I said, that I tend towards it,",,Open question,Control-linked,Q-02,,,,,,Machine-only; human review needed,./2026-07-29-iris-supervisor-bilingual-transcript.he-en.md#s-0257
S-0258,00:14:00.070,00:14:01.810,Unresolved,Unknown,No automatic diarization; human audiovisual review required,"זה שאנחנו צריכים לחשוב,",,"is that we need to think,",,Requirement,Control-linked,R-01; Q-02,,,,,,Machine-only; human review needed,./2026-07-29-iris-supervisor-bilingual-transcript.he-en.md#s-0258
S-0259,00:14:01.910,00:14:04.310,Unresolved,Unknown,No automatic diarization; human audiovisual review required,"כמו שאמרתי לך בשאלות מחקר,",,"as I told you in the research questions,",,Requirement,Control-linked,R-01; Q-02,,,,,,Machine-only; human review needed,./2026-07-29-iris-supervisor-bilingual-transcript.he-en.md#s-0259
S-0260,00:14:04.410,00:14:06.670,Unresolved,Unknown,No automatic diarization; human audiovisual review required,"אנחנו צריכים להגדיר שאלת מחקר,",,"we need to define a research question,",,Requirement,Control-linked,R-01; Q-02,,,,,,Machine-only; human review needed,./2026-07-29-iris-supervisor-bilingual-transcript.he-en.md#s-0260
S-0261,00:14:06.750,00:14:07.770,Unresolved,Unknown,No automatic diarization; human audiovisual review required,"שעוטפת את הכל,",,"that encompasses everything,",,Requirement,Control-linked,R-01; Q-02,,,,,,Machine-only; human review needed,./2026-07-29-iris-supervisor-bilingual-transcript.he-en.md#s-0261
S-0262,00:14:08.070,00:14:09.810,Unresolved,Unknown,No automatic diarization; human audiovisual review required,ואז לפרק אותה לשלוש שאלות.,,and then break it down into three questions.,,Requirement,Control-linked,R-01; Q-02,,,,,,Machine-only; human review needed,./2026-07-29-iris-supervisor-bilingual-transcript.he-en.md#s-0262
S-0263,00:14:10.010,00:14:11.450,Unresolved,Unknown,No automatic diarization; human audiovisual review required,"אז אנחנו צריכים לחשוב,",,"So we need to think,",,Requirement,Control-linked,R-01; Q-02,,,,,,Machine-only; human review needed,./2026-07-29-iris-supervisor-bilingual-transcript.he-en.md#s-0263
S-0264,00:14:11.770,00:14:15.510,Unresolved,Unknown,No automatic diarization; human audiovisual review required,"איך להגדיר את השאלת מחקר הראשית,",,"how to define the main research question,",,Requirement,Control-linked,R-01; Q-02,,,,,,Machine-only; human review needed,./2026-07-29-iris-supervisor-bilingual-transcript.he-en.md#s-0264
S-0265,00:14:16.070,00:14:16.790,Unresolved,Unknown,No automatic diarization; human audiovisual review required,לצורך העניין.,,for the sake of this matter.,,Requirement,Control-linked,R-01; Q-02,,,,,,Machine-only; human review needed,./2026-07-29-iris-supervisor-bilingual-transcript.he-en.md#s-0265
S-0266,00:14:18.000,00:14:21.020,Unresolved,Unknown,No automatic diarization; human audiovisual review required,ואז צריך לראות איך אנחנו מגדירים את הדברים האלה.,,And then see how we define these things.,,Requirement,Control-linked,R-01; Q-02,,,,,,Machine-only; human review needed,./2026-07-29-iris-supervisor-bilingual-transcript.he-en.md#s-0266
S-0267,00:14:21.620,00:14:25.760,Unresolved,Unknown,No automatic diarization; human audiovisual review required,"ארנון, יש לך גם תובנות או רעיונות?",,"Arnon, do you have any insights or ideas?",,Open question,Control-linked,Q-02,,,,,,Machine-only; human review needed,./2026-07-29-iris-supervisor-bilingual-transcript.he-en.md#s-0267
S-0268,00:14:25.920,00:14:28.500,Unresolved,Unknown,No automatic diarization; human audiovisual review required,"למרות שאני נוטה גם לאפשרות השנייה,",,"Although I lean towards the second possibility as well,",,Open question,Control-linked,Q-02,,,,,,Machine-only; human review needed,./2026-07-29-iris-supervisor-bilingual-transcript.he-en.md#s-0268
S-0269,00:14:28.500,00:14:31.600,Unresolved,Unknown,No automatic diarization; human audiovisual review required,"אני חושב שכדאי שנתרכז באפשרות הראשונה,",,"I think it's better to focus on the first possibility,",,Open question,Control-linked,Q-02,,,,,,Machine-only; human review needed,./2026-07-29-iris-supervisor-bilingual-transcript.he-en.md#s-0269
S-0270,00:14:31.920,00:14:33.380,Unresolved,Unknown,No automatic diarization; human audiovisual review required,לפחות להגדיר את שלוש השאלות.,,at least to define the three questions.,,Open question,Control-linked,Q-02,,,,,,Machine-only; human review needed,./2026-07-29-iris-supervisor-bilingual-transcript.he-en.md#s-0270
S-0271,00:14:33.620,00:14:34.500,Unresolved,Unknown,No automatic diarization; human audiovisual review required,למה אני אומר את זה?,,Why am I saying this?,,Open question,Control-linked,Q-02,,,,,,Machine-only; human review needed,./2026-07-29-iris-supervisor-bilingual-transcript.he-en.md#s-0271
S-0272,00:14:35.690,00:14:37.190,Unresolved,Unknown,No automatic diarization; human audiovisual review required,הדומיין הרפואי הוא מסוכן.,,The medical domain is risky.,,Open question,Control-linked,Q-02,,,,,,Machine-only; human review needed,./2026-07-29-iris-supervisor-bilingual-transcript.he-en.md#s-0272
S-0273,00:14:38.980,00:14:40.480,Unresolved,Unknown,No automatic diarization; human audiovisual review required,"אתה צריך גישה למומחים,",,"You need access to experts,",,Open question,Control-linked,Q-02,,,,,,Machine-only; human review needed,./2026-07-29-iris-supervisor-bilingual-transcript.he-en.md#s-0273
S-0274,00:14:40.620,00:14:41.780,Unresolved,Unknown,No automatic diarization; human audiovisual review required,"אתה צריך גישה לדייטה,",,"you need access to diet,",,Open question,Control-linked,Q-02,,,,,,Machine-only; human review needed,./2026-07-29-iris-supervisor-bilingual-transcript.he-en.md#s-0274
S-0275,00:14:41.920,00:14:43.980,Unresolved,Unknown,No automatic diarization; human audiovisual review required,"ויש סיכון מסוים,",,"and there is a certain risk,",,Open question,Control-linked,Q-02,,,,,,Machine-only; human review needed,./2026-07-29-iris-supervisor-bilingual-transcript.he-en.md#s-0275
S-0276,00:14:44.180,00:14:45.700,Unresolved,Unknown,No automatic diarization; human audiovisual review required,אם יהיו לא טוב גישה לנתונים האלה.,,if data access isn't good.,,Open question,Control-linked,Q-02,,,,,,Machine-only; human review needed,./2026-07-29-iris-supervisor-bilingual-transcript.he-en.md#s-0276
S-0277,00:14:46.420,00:14:48.500,Unresolved,Unknown,No automatic diarization; human audiovisual review required,"וכדי לשמור עליך במסגר של הדוקטורט,",,"And in order to maintain you during your doctoral program,",,Open question,Control-linked,Q-02,,,,,,Machine-only; human review needed,./2026-07-29-iris-supervisor-bilingual-transcript.he-en.md#s-0277
S-0278,00:14:49.040,00:14:51.600,Unresolved,Unknown,No automatic diarization; human audiovisual review required,בואו נעשה את השאלות ניטרליות לדומיין.,,let's make the questions neutral regarding the domain.,,Open question,Control-linked,Q-02,,,,,,Machine-only; human review needed,./2026-07-29-iris-supervisor-bilingual-transcript.he-en.md#s-0278
S-0279,00:14:52.270,00:14:53.050,Unresolved,Unknown,No automatic diarization; human audiovisual review required,"במקרה הכי גרוע,",,"In the worst-case scenario,",,Open question,Control-linked,Q-02,,,,,,Machine-only; human review needed,./2026-07-29-iris-supervisor-bilingual-transcript.he-en.md#s-0279
S-0280,00:14:53.130,00:14:55.110,Unresolved,Unknown,No automatic diarization; human audiovisual review required,"אנחנו יכולים ללכת רק לדומיין של סופט שרינג'נרינג,",,"we can go only to the domain of software sharing',",,Open question,Control-linked,Q-02,,,,,,Machine-only; human review needed,./2026-07-29-iris-supervisor-bilingual-transcript.he-en.md#s-0280
S-0281,00:14:55.170,00:14:57.090,Unresolved,Unknown,No automatic diarization; human audiovisual review required,ולא למודל של רפואה.,,and not to a medical model.,,Open question,Control-linked,Q-02,,,,,,Machine-only; human review needed,./2026-07-29-iris-supervisor-bilingual-transcript.he-en.md#s-0281
S-0282,00:14:57.090,00:14:59.770,Unresolved,Unknown,No automatic diarization; human audiovisual review required,זה מה שאני חושב.,,This is what I think.,,Open question,Control-linked,Q-02,,,,,,Machine-only; human review needed,./2026-07-29-iris-supervisor-bilingual-transcript.he-en.md#s-0282
S-0283,00:15:01.710,00:15:04.570,Unresolved,Unknown,No automatic diarization; human audiovisual review required,"אוקיי, נקודה שהיא חשובה.",,"Okay, this point is important.",,Open question,Control-linked,Q-02,,,,,,Machine-only; human review needed,./2026-07-29-iris-supervisor-bilingual-transcript.he-en.md#s-0283
S-0284,00:15:05.050,00:15:09.330,Unresolved,Unknown,No automatic diarization; human audiovisual review required,"זאת אומרת, אני אחזור על מה שארנון אומר,",,"It means that I will reiterate what Arnon says,",,Open question,Control-linked,Q-02,,,,,,Machine-only; human review needed,./2026-07-29-iris-supervisor-bilingual-transcript.he-en.md#s-0284
S-0285,00:15:10.590,00:15:13.430,Unresolved,Unknown,No automatic diarization; human audiovisual review required,"ואולי גם תוך כדי זה אני אדקן אותך,",,and perhaps also during this I will mentor you.,,Open question,Control-linked,Q-02,,,,,,Machine-only; human review needed,./2026-07-29-iris-supervisor-bilingual-transcript.he-en.md#s-0285
S-0286,00:15:13.430,00:15:13.870,Unresolved,Unknown,No automatic diarization; human audiovisual review required,עלי.,,Ali.,,Open question,Control-linked,Q-02,,,,,,Machine-only; human review needed,./2026-07-29-iris-supervisor-bilingual-transcript.he-en.md#s-0286
S-0287,00:15:17.090,00:15:21.430,Unresolved,Unknown,No automatic diarization; human audiovisual review required,"אנחנו עובדים באופן אינטנסיבי על העולם הרפואי,",,"We are working intensively on the medical world,",,Open question,Control-linked,Q-02,,,,,,Machine-only; human review needed,./2026-07-29-iris-supervisor-bilingual-transcript.he-en.md#s-0287
S-0288,00:15:22.130,00:15:23.510,Unresolved,Unknown,No automatic diarization; human audiovisual review required,"לצורך ההרחבה,",,"for expansion,",,Open question,Control-linked,Q-02,,,,,,Machine-only; human review needed,./2026-07-29-iris-supervisor-bilingual-transcript.he-en.md#s-0288
S-0289,00:15:24.050,00:15:27.490,Unresolved,Unknown,No automatic diarization; human audiovisual review required,ולראות את היבטים של הווריוביליטי וכל הדברים האלה.,,and to see the aspects of vorticity and all these things.,,Open question,Control-linked,Q-02,,,,,,Machine-only; human review needed,./2026-07-29-iris-supervisor-bilingual-transcript.he-en.md#s-0289
S-0290,00:15:27.850,00:15:31.810,Unresolved,Unknown,No automatic diarization; human audiovisual review required,"בינתיים, אני יכולה לתת לך עדכונים של חלק מהדברים.",,"Meanwhile, I can give you updates on some of them.",,Open question,Control-linked,Q-02,,,,,,Machine-only; human review needed,./2026-07-29-iris-supervisor-bilingual-transcript.he-en.md#s-0290
S-0291,00:15:32.950,00:15:35.810,Unresolved,Unknown,No automatic diarization; human audiovisual review required,"כן, יש לנו כמה אפשרויות,",,"Yes, we have several options,",,Open question,Control-linked,Q-02,,,,,,Machine-only; human review needed,./2026-07-29-iris-supervisor-bilingual-transcript.he-en.md#s-0291
S-0292,00:15:36.790,00:15:38.990,Unresolved,Unknown,No automatic diarization; human audiovisual review required,"אף אחת מהן לא ודאית,",,"none of which are certain,",,Open question,Control-linked,Q-02,,,,,,Machine-only; human review needed,./2026-07-29-iris-supervisor-bilingual-transcript.he-en.md#s-0292
S-0293,00:15:39.450,00:15:40.530,Unresolved,Unknown,No automatic diarization; human audiovisual review required,ב-100 אחוז.,,at 100 percent.,,Open question,Control-linked,Q-02,,,,,,Machine-only; human review needed,./2026-07-29-iris-supervisor-bilingual-transcript.he-en.md#s-0293
S-0294,00:15:40.530,00:15:43.210,Unresolved,Unknown,No automatic diarization; human audiovisual review required,"אז יש לנו,",,"So we have,",,Action,Control-linked,A-09; Q-02,,,,,,Machine-only; human review needed,./2026-07-29-iris-supervisor-bilingual-transcript.he-en.md#s-0294
S-0295,00:15:44.130,00:15:45.910,Unresolved,Unknown,No automatic diarization; human audiovisual review required,בעצם עד עכשיו,,actually so far,,Action,Control-linked,A-09; Q-02,,,,,,Machine-only; human review needed,./2026-07-29-iris-supervisor-bilingual-transcript.he-en.md#s-0295
S-0296,00:15:45.910,00:15:47.410,Unresolved,Unknown,No automatic diarization; human audiovisual review required,"מצינו ארבע אפשרויות,",,"we found four possibilities,",,Action,Control-linked,A-09; Q-02,,,,,,Machine-only; human review needed,./2026-07-29-iris-supervisor-bilingual-transcript.he-en.md#s-0296
S-0297,00:15:47.570,00:15:48.490,Unresolved,Unknown,No automatic diarization; human audiovisual review required,"אחת היא קצת,",,"one is a bit,",,Action,Control-linked,A-09; Q-02,,,,,,Machine-only; human review needed,./2026-07-29-iris-supervisor-bilingual-transcript.he-en.md#s-0297
S-0298,00:15:50.100,00:15:52.400,Unresolved,Unknown,No automatic diarization; human audiovisual review required,בוא נאמר שהספק,,let's say that the supply,,Action,Control-linked,A-09; Q-02,,,,,,Machine-only; human review needed,./2026-07-29-iris-supervisor-bilingual-transcript.he-en.md#s-0298
S-0299,00:15:52.400,00:15:54.260,Unresolved,Unknown,No automatic diarization; human audiovisual review required,"לגביה הוא יותר גבוה,",,"to the patient is higher,",,Action,Control-linked,A-09; Q-02,,,,,,Machine-only; human review needed,./2026-07-29-iris-supervisor-bilingual-transcript.he-en.md#s-0299
S-0300,00:15:54.800,00:15:56.180,Unresolved,Unknown,No automatic diarization; human audiovisual review required,אז הראשונה,,so the first,,Action,Control-linked,A-09; Q-02,,,,,,Machine-only; human review needed,./2026-07-29-iris-supervisor-bilingual-transcript.he-en.md#s-0300
S-0301,00:15:56.180,00:15:58.180,Unresolved,Unknown,No automatic diarization; human audiovisual review required,"זה אולי נדבר על,",,"this might be discussed about,",,Action,Control-linked,A-09; Q-02,,,,,,Machine-only; human review needed,./2026-07-29-iris-supervisor-bilingual-transcript.he-en.md#s-0301
S-0302,00:15:58.920,00:16:00.540,Unresolved,Unknown,No automatic diarization; human audiovisual review required,"או נזכיר את סורוקה,",,"or mention Sorka,",,Action,Control-linked,A-09; Q-02,,,,,,Machine-only; human review needed,./2026-07-29-iris-supervisor-bilingual-transcript.he-en.md#s-0302
S-0303,00:16:00.880,00:16:01.900,Unresolved,Unknown,No automatic diarization; human audiovisual review required,"מחלקת עיניים,",,"ophthalmology department,",,Action,Control-linked,A-09; Q-02,,,,,,Machine-only; human review needed,./2026-07-29-iris-supervisor-bilingual-transcript.he-en.md#s-0303
S-0304,00:16:01.940,00:16:03.540,Unresolved,Unknown,No automatic diarization; human audiovisual review required,"ארנון נמצא בקשר איתם,",,"Arnon is in contact with them,",,Action,Control-linked,A-09; Q-02,,,,,,Machine-only; human review needed,./2026-07-29-iris-supervisor-bilingual-transcript.he-en.md#s-0304
S-0305,00:16:06.260,00:16:07.380,Unresolved,Unknown,No automatic diarization; human audiovisual review required,נראה שיש,,It seems there are,,Action,Control-linked,A-09; Q-02,,,,,,Machine-only; human review needed,./2026-07-29-iris-supervisor-bilingual-transcript.he-en.md#s-0305
S-0306,00:16:07.380,00:16:08.360,Unresolved,Unknown,No automatic diarization; human audiovisual review required,"שיתופי פעולה,",,"cooperation initiatives,",,Action,Control-linked,A-09; Q-02,,,,,,Machine-only; human review needed,./2026-07-29-iris-supervisor-bilingual-transcript.he-en.md#s-0306
S-0307,00:16:08.760,00:16:10.220,Unresolved,Unknown,No automatic diarization; human audiovisual review required,יש נכונות,,There is willingness,,Action,Control-linked,A-09; Q-02,,,,,,Machine-only; human review needed,./2026-07-29-iris-supervisor-bilingual-transcript.he-en.md#s-0307
S-0308,00:16:10.220,00:16:11.080,Unresolved,Unknown,No automatic diarization; human audiovisual review required,"לתת דאטה,",,"to provide data,",,Action,Control-linked,A-09; Q-02,,,,,,Machine-only; human review needed,./2026-07-29-iris-supervisor-bilingual-transcript.he-en.md#s-0308
S-0309,00:16:11.160,00:16:13.720,Unresolved,Unknown,No automatic diarization; human audiovisual review required,"יש נכונות לדבר כבר על גיידליינס,",,"There is willingness to start discussing guidelines,",,Action,Control-linked,A-09; Q-02,,,,,,Machine-only; human review needed,./2026-07-29-iris-supervisor-bilingual-transcript.he-en.md#s-0309
S-0310,00:16:13.760,00:16:14.880,Unresolved,Unknown,No automatic diarization; human audiovisual review required,"וכל הדברים האלה,",,"and all of these things,",,Action,Control-linked,A-09; Q-02,,,,,,Machine-only; human review needed,./2026-07-29-iris-supervisor-bilingual-transcript.he-en.md#s-0310
S-0311,00:16:15.220,00:16:18.100,Unresolved,Unknown,No automatic diarization; human audiovisual review required,זה דבר אחד.,,this is one thing.,,Action,Control-linked,A-09; Q-02,,,,,,Machine-only; human review needed,./2026-07-29-iris-supervisor-bilingual-transcript.he-en.md#s-0311
S-0312,00:16:18.100,00:16:21.700,Unresolved,Unknown,No automatic diarization; human audiovisual review required,הכיוון השני זה,,The second direction is,,Action,Control-linked,A-09; Q-02,,,,,,Machine-only; human review needed,./2026-07-29-iris-supervisor-bilingual-transcript.he-en.md#s-0312
S-0313,00:16:21.700,00:16:24.340,Unresolved,Unknown,No automatic diarization; human audiovisual review required,"פסיכיאטריה,",,"Psychiatry,",,Action,Control-linked,A-09; Q-02,,,,,,Machine-only; human review needed,./2026-07-29-iris-supervisor-bilingual-transcript.he-en.md#s-0313
S-0314,00:16:24.840,00:16:27.920,Unresolved,Unknown,No automatic diarization; human audiovisual review required,"במעייני הישועה,",,"at the Salvation Institutes,",,Action,Control-linked,A-09; Q-02,,,,,,Machine-only; human review needed,./2026-07-29-iris-supervisor-bilingual-transcript.he-en.md#s-0314
S-0315,00:16:28.340,00:16:29.820,Unresolved,Unknown,No automatic diarization; human audiovisual review required,"יש לנו פגישה,",,"We have a meeting,",,Action,Control-linked,A-09; Q-02,,,,,,Machine-only; human review needed,./2026-07-29-iris-supervisor-bilingual-transcript.he-en.md#s-0315
S-0316,00:16:29.940,00:16:31.640,Unresolved,Unknown,No automatic diarization; human audiovisual review required,"לדעתי בתחילת אוגוסט,",,"In my opinion in early August,",,Action,Control-linked,A-09; Q-02,,,,,,Machine-only; human review needed,./2026-07-29-iris-supervisor-bilingual-transcript.he-en.md#s-0316
S-0317,00:16:32.040,00:16:33.560,Unresolved,Unknown,No automatic diarization; human audiovisual review required,"אבל כן יש נכונות,",,"But there is still willingness,",,Action,Control-linked,A-09; Q-02,,,,,,Machine-only; human review needed,./2026-07-29-iris-supervisor-bilingual-transcript.he-en.md#s-0317
S-0318,00:16:34.120,00:16:35.760,Unresolved,Unknown,No automatic diarization; human audiovisual review required,"לא ברור לי עוד למה,",,"I am not clear yet why,",,Action,Control-linked,A-09; Q-02,,,,,,Machine-only; human review needed,./2026-07-29-iris-supervisor-bilingual-transcript.he-en.md#s-0318
S-0319,00:16:35.860,00:16:37.440,Unresolved,Unknown,No automatic diarization; human audiovisual review required,"נפגשתי עם האנשים שם,",,"I met with the people there,",,Action,Control-linked,A-09; Q-02,,,,,,Machine-only; human review needed,./2026-07-29-iris-supervisor-bilingual-transcript.he-en.md#s-0319
S-0320,00:16:37.940,00:16:41.340,Unresolved,Unknown,No automatic diarization; human audiovisual review required,"כן הייתה נכונות לתת,",,"There was indeed willingness to give,",,Action,Control-linked,A-09; Q-02,,,,,,Machine-only; human review needed,./2026-07-29-iris-supervisor-bilingual-transcript.he-en.md#s-0320
S-0321,00:16:41.340,00:16:42.440,Unresolved,Unknown,No automatic diarization; human audiovisual review required,"זה עדיין לא,",,"This is not yet,",,Action,Control-linked,A-09; Q-02,,,,,,Machine-only; human review needed,./2026-07-29-iris-supervisor-bilingual-transcript.he-en.md#s-0321
S-0322,00:16:42.660,00:16:43.080,Unresolved,Unknown,No automatic diarization; human audiovisual review required,"זאת אומרת,",,"That means,",,Action,Control-linked,A-09; Q-02,,,,,,Machine-only; human review needed,./2026-07-29-iris-supervisor-bilingual-transcript.he-en.md#s-0322
S-0323,00:16:43.120,00:16:44.360,Unresolved,Unknown,No automatic diarization; human audiovisual review required,"אם מנהלי המחלקה,",,"If the department managers,",,Action,Control-linked,A-09; Q-02,,,,,,Machine-only; human review needed,./2026-07-29-iris-supervisor-bilingual-transcript.he-en.md#s-0323
S-0324,00:16:44.420,00:16:45.880,Unresolved,Unknown,No automatic diarization; human audiovisual review required,"זה לא עם הרופאים עצמם,",,"It is not with the doctors themselves,",,Action,Control-linked,A-09; Q-02,,,,,,Machine-only; human review needed,./2026-07-29-iris-supervisor-bilingual-transcript.he-en.md#s-0324
S-0325,00:16:48.040,00:16:48.460,Unresolved,Unknown,No automatic diarization; human audiovisual review required,"זאת אומרת,",,"That means,",,Action,Control-linked,A-09; Q-02,,,,,,Machine-only; human review needed,./2026-07-29-iris-supervisor-bilingual-transcript.he-en.md#s-0325
S-0326,00:16:48.500,00:16:49.840,Unresolved,Unknown,No automatic diarization; human audiovisual review required,"זה מנהלת המחלקה,",,"It is the department manager,",,Action,Control-linked,A-09; Q-02,,,,,,Machine-only; human review needed,./2026-07-29-iris-supervisor-bilingual-transcript.he-en.md#s-0326
S-0327,00:16:49.920,00:16:50.220,Unresolved,Unknown,No automatic diarization; human audiovisual review required,"זה פחות,",,"It is less,",,Action,Control-linked,A-09; Q-02,,,,,,Machine-only; human review needed,./2026-07-29-iris-supervisor-bilingual-transcript.he-en.md#s-0327
S-0328,00:16:50.580,00:16:51.300,Unresolved,Unknown,No automatic diarization; human audiovisual review required,"הרופאים,",,"The doctors,",,Action,Control-linked,A-09; Q-02,,,,,,Machine-only; human review needed,./2026-07-29-iris-supervisor-bilingual-transcript.he-en.md#s-0328
S-0329,00:16:51.380,00:16:52.200,Unresolved,Unknown,No automatic diarization; human audiovisual review required,"הפגישה עכשיו,",,"The meeting now,",,Action,Control-linked,A-09; Q-02,,,,,,Machine-only; human review needed,./2026-07-29-iris-supervisor-bilingual-transcript.he-en.md#s-0329
S-0330,00:16:52.280,00:16:54.940,Unresolved,Unknown,No automatic diarization; human audiovisual review required,אמורה להיות גם עם רופאים.,,There should also be with doctors.,,Action,Control-linked,A-09; Q-02,,,,,,Machine-only; human review needed,./2026-07-29-iris-supervisor-bilingual-transcript.he-en.md#s-0330
S-0331,00:16:56.340,00:16:57.560,Unresolved,Unknown,No automatic diarization; human audiovisual review required,"האפשרות השלישית,",,"The third possibility,",,Action,Control-linked,A-09; Q-02,,,,,,Machine-only; human review needed,./2026-07-29-iris-supervisor-bilingual-transcript.he-en.md#s-0331
S-0332,00:16:57.640,00:16:59.020,Unresolved,Unknown,No automatic diarization; human audiovisual review required,"זה שותף שלישי שלנו,",,"is our third party partner,",,Action,Control-linked,A-09; Q-02,,,,,,Machine-only; human review needed,./2026-07-29-iris-supervisor-bilingual-transcript.he-en.md#s-0332
S-0333,00:16:59.020,00:17:03.780,Unresolved,Unknown,No automatic diarization; human audiovisual review required,"שבעצם ניסה לכיוון של מילדות,",,"who in fact tried to steer towards gynecology,",,Action,Control-linked,A-09; Q-02,,,,,,Machine-only; human review needed,./2026-07-29-iris-supervisor-bilingual-transcript.he-en.md#s-0333
S-0334,00:17:03.940,00:17:04.740,Unresolved,Unknown,No automatic diarization; human audiovisual review required,"היה עניין,",,"was an issue,",,Action,Control-linked,A-09; Q-02,,,,,,Machine-only; human review needed,./2026-07-29-iris-supervisor-bilingual-transcript.he-en.md#s-0334
S-0335,00:17:04.840,00:17:05.740,Unresolved,Unknown,No automatic diarization; human audiovisual review required,"היה לנו פגישה,",,"we had a meeting,",,Action,Control-linked,A-09; Q-02,,,,,,Machine-only; human review needed,./2026-07-29-iris-supervisor-bilingual-transcript.he-en.md#s-0335
S-0336,00:17:06.260,00:17:08.980,Unresolved,Unknown,No automatic diarization; human audiovisual review required,"אבל האמירה היא,",,"but the statement is,",,Action,Control-linked,A-09; Q-02,,,,,,Machine-only; human review needed,./2026-07-29-iris-supervisor-bilingual-transcript.he-en.md#s-0336
S-0337,00:17:09.020,00:17:10.440,Unresolved,Unknown,No automatic diarization; human audiovisual review required,"שזה לוקח להם זמן,",,"that it takes them time,",,Action,Control-linked,A-09; Q-02,,,,,,Machine-only; human review needed,./2026-07-29-iris-supervisor-bilingual-transcript.he-en.md#s-0337
S-0338,00:17:10.680,00:17:12.120,Unresolved,Unknown,No automatic diarization; human audiovisual review required,"אנחנו קצת גם בספק,",,"we are a bit skeptical as well,",,Action,Control-linked,A-09; Q-02,,,,,,Machine-only; human review needed,./2026-07-29-iris-supervisor-bilingual-transcript.he-en.md#s-0338
S-0339,00:17:12.180,00:17:13.300,Unresolved,Unknown,No automatic diarization; human audiovisual review required,לגבי האם זה יקרה.,,about whether this will happen.,,Action,Control-linked,A-09; Q-02,,,,,,Machine-only; human review needed,./2026-07-29-iris-supervisor-bilingual-transcript.he-en.md#s-0339
S-0340,00:17:14.540,00:17:16.280,Unresolved,Unknown,No automatic diarization; human audiovisual review required,"האופציה הרביעית,",,"The fourth option,",,Action,Control-linked,A-09; Q-02,,,,,,Machine-only; human review needed,./2026-07-29-iris-supervisor-bilingual-transcript.he-en.md#s-0340
S-0341,00:17:16.340,00:17:18.400,Unresolved,Unknown,No automatic diarization; human audiovisual review required,"שהיא נכון לאתמול,",,"which is correct to call yesterday,",,Action,Control-linked,A-09; Q-02,,,,,,Machine-only; human review needed,./2026-07-29-iris-supervisor-bilingual-transcript.he-en.md#s-0341
S-0342,00:17:18.880,00:17:23.400,Unresolved,Unknown,No automatic diarization; human audiovisual review required,"והייתה מאוד אופטימית,",,"and was very optimistic,",,Action,Control-linked,A-09; Q-02,,,,,,Machine-only; human review needed,./2026-07-29-iris-supervisor-bilingual-transcript.he-en.md#s-0342
S-0343,00:17:23.640,00:17:24.380,Unresolved,Unknown,No automatic diarization; human audiovisual review required,"בוא נקרא לזה,",,"Let's call this,",,Action,Control-linked,A-09; Q-02,,,,,,Machine-only; human review needed,./2026-07-29-iris-supervisor-bilingual-transcript.he-en.md#s-0343
S-0344,00:17:24.980,00:17:26.740,Unresolved,Unknown,No automatic diarization; human audiovisual review required,"נפגשתי עם,",,"I met with,",,Action,Control-linked,A-09; Q-02,,,,,,Machine-only; human review needed,./2026-07-29-iris-supervisor-bilingual-transcript.he-en.md#s-0344
S-0345,00:17:26.740,00:17:31.340,Unresolved,Unknown,No automatic diarization; human audiovisual review required,"עם מישהי שמנסה לקדם,",,"someone who is trying to promote,",,Action,Control-linked,A-09; Q-02,,,,,,Machine-only; human review needed,./2026-07-29-iris-supervisor-bilingual-transcript.he-en.md#s-0345
S-0346,00:17:31.400,00:17:32.220,Unresolved,Unknown,No automatic diarization; human audiovisual review required,"באופן כללי,",,"generally speaking,",,Action,Control-linked,A-09; Q-02,,,,,,Machine-only; human review needed,./2026-07-29-iris-supervisor-bilingual-transcript.he-en.md#s-0346
S-0347,00:17:32.600,00:17:34.460,Unresolved,Unknown,No automatic diarization; human audiovisual review required,"פרויקטים בין כללית,",,"general projects,",,Action,Control-linked,A-09; Q-02,,,,,,Machine-only; human review needed,./2026-07-29-iris-supervisor-bilingual-transcript.he-en.md#s-0347
S-0348,00:17:34.860,00:17:37.000,Unresolved,Unknown,No automatic diarization; human audiovisual review required,לבין החוג שלנו.,,And with our faculty.,,Action,Control-linked,A-09; Q-02,,,,,,Machine-only; human review needed,./2026-07-29-iris-supervisor-bilingual-transcript.he-en.md#s-0348
S-0349,00:17:38.080,00:17:38.440,Unresolved,Unknown,No automatic diarization; human audiovisual review required,"עכשיו,",,"Now,",,Action,Control-linked,A-09; Q-02,,,,,,Machine-only; human review needed,./2026-07-29-iris-supervisor-bilingual-transcript.he-en.md#s-0349
S-0350,00:17:38.900,00:17:40.020,Unresolved,Unknown,No automatic diarization; human audiovisual review required,"אני לא יודעת אם אתה יודע,",,"I don't know if you know,",,Action,Control-linked,A-09; Q-02,,,,,,Machine-only; human review needed,./2026-07-29-iris-supervisor-bilingual-transcript.he-en.md#s-0350
S-0351,00:17:40.200,00:17:42.520,Unresolved,Unknown,No automatic diarization; human audiovisual review required,"אבל האוניברסיטה פתחה,",,"but the university opened,",,Action,Control-linked,A-09; Q-02,,,,,,Machine-only; human review needed,./2026-07-29-iris-supervisor-bilingual-transcript.he-en.md#s-0351
S-0352,00:17:42.520,00:17:46.440,Unresolved,Unknown,No automatic diarization; human audiovisual review required,"פקולטה לרפואה השנה,",,"a medical faculty this year,",,Action,Control-linked,A-09; Q-02,,,,,,Machine-only; human review needed,./2026-07-29-iris-supervisor-bilingual-transcript.he-en.md#s-0352
S-0353,00:17:46.920,00:17:49.100,Unresolved,Unknown,No automatic diarization; human audiovisual review required,"והיא עובדת אל מול כללית,",,"and it is located opposite General Hospital,",,Action,Control-linked,A-09; Q-02,,,,,,Machine-only; human review needed,./2026-07-29-iris-supervisor-bilingual-transcript.he-en.md#s-0353
S-0354,00:17:49.200,00:17:51.820,Unresolved,Unknown,No automatic diarization; human audiovisual review required,"ואל מול קרמל,",,"and opposite Carmel,",,Action,Control-linked,A-09; Q-02,,,,,,Machine-only; human review needed,./2026-07-29-iris-supervisor-bilingual-transcript.he-en.md#s-0354
S-0355,00:17:52.490,00:17:54.510,Unresolved,Unknown,No automatic diarization; human audiovisual review required,"לא למול רמבום כמו הטכניות,",,"not next to Rambam like the technicities,",,Action,Control-linked,A-09; Q-02,,,,,,Machine-only; human review needed,./2026-07-29-iris-supervisor-bilingual-transcript.he-en.md#s-0355
S-0356,00:17:54.570,00:17:56.170,Unresolved,Unknown,No automatic diarization; human audiovisual review required,"אלא למול כללית,",,"but next to General,",,Action,Control-linked,A-09; Q-02,,,,,,Machine-only; human review needed,./2026-07-29-iris-supervisor-bilingual-transcript.he-en.md#s-0356
S-0357,00:17:56.170,00:17:59.310,Unresolved,Unknown,No automatic diarization; human audiovisual review required,"ויש שם הרבה על רפואה בקהילייה,",,"and there's a lot about medicine in Kfar Saba,",,Action,Control-linked,A-09; Q-02,,,,,,Machine-only; human review needed,./2026-07-29-iris-supervisor-bilingual-transcript.he-en.md#s-0357
S-0358,00:17:59.410,00:18:00.350,Unresolved,Unknown,No automatic diarization; human audiovisual review required,"וכל הדברים האלה,",,"and all these things,",,Action,Control-linked,A-09; Q-02,,,,,,Machine-only; human review needed,./2026-07-29-iris-supervisor-bilingual-transcript.he-en.md#s-0358
S-0359,00:18:00.610,00:18:01.350,Unresolved,Unknown,No automatic diarization; human audiovisual review required,"ובסגרת זאת,",,"and within this context,",,Action,Control-linked,A-09; Q-02,,,,,,Machine-only; human review needed,./2026-07-29-iris-supervisor-bilingual-transcript.he-en.md#s-0359
S-0360,00:18:01.430,00:18:03.590,Unresolved,Unknown,No automatic diarization; human audiovisual review required,"הם הקצו פנסיונרית,",,"they are pension-related,",,Action,Control-linked,A-09; Q-02,,,,,,Machine-only; human review needed,./2026-07-29-iris-supervisor-bilingual-transcript.he-en.md#s-0360
S-0361,00:18:03.670,00:18:05.570,Unresolved,Unknown,No automatic diarization; human audiovisual review required,"שהיא גם סטטיסטיקאית,",,"that she is also a statistician,",,Action,Control-linked,A-09; Q-02,,,,,,Machine-only; human review needed,./2026-07-29-iris-supervisor-bilingual-transcript.he-en.md#s-0361
S-0362,00:18:05.650,00:18:06.430,Unresolved,Unknown,No automatic diarization; human audiovisual review required,"באיזושהי צורה,",,"somehow,",,Action,Control-linked,A-09; Q-02,,,,,,Machine-only; human review needed,./2026-07-29-iris-supervisor-bilingual-transcript.he-en.md#s-0362
S-0363,00:18:06.950,00:18:08.650,Unresolved,Unknown,No automatic diarization; human audiovisual review required,"וגם אחות בעברה,",,"and was previously a nurse,",,Action,Control-linked,A-09; Q-02,,,,,,Machine-only; human review needed,./2026-07-29-iris-supervisor-bilingual-transcript.he-en.md#s-0363
S-0364,00:18:09.130,00:18:11.770,Unresolved,Unknown,No automatic diarization; human audiovisual review required,"שבעצם מנסה לקדם שיתופי פעולה,",,"who in fact tries to promote cooperation,",,Action,Control-linked,A-09; Q-02,,,,,,Machine-only; human review needed,./2026-07-29-iris-supervisor-bilingual-transcript.he-en.md#s-0364
S-0365,00:18:12.190,00:18:13.290,Unresolved,Unknown,No automatic diarization; human audiovisual review required,"ודיברתי איתה,",,and I spoke with her.,,Action,Control-linked,A-09; Q-02,,,,,,Machine-only; human review needed,./2026-07-29-iris-supervisor-bilingual-transcript.he-en.md#s-0365
S-0366,00:18:13.410,00:18:14.010,Unresolved,Unknown,No automatic diarization; human audiovisual review required,"על הפרויקט הזה,",,"On this project,",,Action,Control-linked,A-09; Q-02,,,,,,Machine-only; human review needed,./2026-07-29-iris-supervisor-bilingual-transcript.he-en.md#s-0366
S-0367,00:18:14.090,00:18:15.070,Unresolved,Unknown,No automatic diarization; human audiovisual review required,"ועל עוד איזשהו פרויקט,",,"and on some other project,",,Action,Control-linked,A-09; Q-02,,,,,,Machine-only; human review needed,./2026-07-29-iris-supervisor-bilingual-transcript.he-en.md#s-0367
S-0368,00:18:15.150,00:18:16.670,Unresolved,Unknown,No automatic diarization; human audiovisual review required,"והיא נורא התלהבה מהפרויקט הזה,",,"And she is incredibly excited about this project,",,Action,Control-linked,A-09; Q-02,,,,,,Machine-only; human review needed,./2026-07-29-iris-supervisor-bilingual-transcript.he-en.md#s-0368
S-0369,00:18:17.090,00:18:17.930,Unresolved,Unknown,No automatic diarization; human audiovisual review required,"ברמה כזאת,",,"To such a degree,",,Action,Control-linked,A-09; Q-02,,,,,,Machine-only; human review needed,./2026-07-29-iris-supervisor-bilingual-transcript.he-en.md#s-0369
S-0370,00:18:17.990,00:18:18.770,Unresolved,Unknown,No automatic diarization; human audiovisual review required,"שהיא שאלה אותנו,",,"That she asked us,",,Action,Control-linked,A-09; Q-02,,,,,,Machine-only; human review needed,./2026-07-29-iris-supervisor-bilingual-transcript.he-en.md#s-0370
S-0371,00:18:18.890,00:18:19.570,Unresolved,Unknown,No automatic diarization; human audiovisual review required,"טוב, תגידי לי,",,"Well, tell me,",,Action,Control-linked,A-09; Q-02,,,,,,Machine-only; human review needed,./2026-07-29-iris-supervisor-bilingual-transcript.he-en.md#s-0371
S-0372,00:18:19.970,00:18:21.470,Unresolved,Unknown,No automatic diarization; human audiovisual review required,"לאיזה תחום אתה רוצה,",,"In which field do you want to,",,Action,Control-linked,A-09; Q-02,,,,,,Machine-only; human review needed,./2026-07-29-iris-supervisor-bilingual-transcript.he-en.md#s-0372
S-0373,00:18:21.470,00:18:24.110,Unresolved,Unknown,No automatic diarization; human audiovisual review required,"אני כבר אקשר אותך לאנשים,",,"I will already connect you with people,",,Action,Control-linked,A-09; Q-02,,,,,,Machine-only; human review needed,./2026-07-29-iris-supervisor-bilingual-transcript.he-en.md#s-0373
S-0374,00:18:24.430,00:18:25.330,Unresolved,Unknown,No automatic diarization; human audiovisual review required,"היתרון של זה,",,"The advantage of that,",,Action,Control-linked,A-09; Q-02,,,,,,Machine-only; human review needed,./2026-07-29-iris-supervisor-bilingual-transcript.he-en.md#s-0374
S-0375,00:18:25.490,00:18:29.470,Unresolved,Unknown,No automatic diarization; human audiovisual review required,"זה שהיא דיברה הרבה על מחוס חיפה,",,"That she talked a lot about HaShofeht,",,Action,Control-linked,A-09; Q-02,,,,,,Machine-only; human review needed,./2026-07-29-iris-supervisor-bilingual-transcript.he-en.md#s-0375
S-0376,00:18:30.650,00:18:32.970,Unresolved,Unknown,No automatic diarization; human audiovisual review required,"לא מבחינת הנתונים,",,"Not from the perspective of data,",,Action,Control-linked,A-09; Q-02,,,,,,Machine-only; human review needed,./2026-07-29-iris-supervisor-bilingual-transcript.he-en.md#s-0376
S-0377,00:18:33.070,00:18:33.930,Unresolved,Unknown,No automatic diarization; human audiovisual review required,"כי מבחינת הנתונים,",,"Because from the perspective of data,",,Action,Control-linked,A-09; Q-02,,,,,,Machine-only; human review needed,./2026-07-29-iris-supervisor-bilingual-transcript.he-en.md#s-0377
S-0378,00:18:34.070,00:18:34.870,Unresolved,Unknown,No automatic diarization; human audiovisual review required,"יש לה גישה להכל,",,"She has access to everything,",,Action,Control-linked,A-09; Q-02,,,,,,Machine-only; human review needed,./2026-07-29-iris-supervisor-bilingual-transcript.he-en.md#s-0378
S-0379,00:18:34.970,00:18:35.710,Unresolved,Unknown,No automatic diarization; human audiovisual review required,"אבל מחוס חיפה,",,"But HaShofeht,",,Action,Control-linked,A-09; Q-02,,,,,,Machine-only; human review needed,./2026-07-29-iris-supervisor-bilingual-transcript.he-en.md#s-0379
S-0380,00:18:35.990,00:18:36.850,Unresolved,Unknown,No automatic diarization; human audiovisual review required,"כי הסברתי לה,",,"As I explained to her,",,Action,Control-linked,A-09; Q-02,,,,,,Machine-only; human review needed,./2026-07-29-iris-supervisor-bilingual-transcript.he-en.md#s-0380
S-0381,00:18:36.930,00:18:37.530,Unresolved,Unknown,No automatic diarization; human audiovisual review required,"לדברים האלה,",,"For these things,",,Action,Control-linked,A-09; Q-02,,,,,,Machine-only; human review needed,./2026-07-29-iris-supervisor-bilingual-transcript.he-en.md#s-0381
S-0382,00:18:37.590,00:18:38.670,Unresolved,Unknown,No automatic diarization; human audiovisual review required,"אנחנו צריכים גם אנשים,",,"We also need people,",,Requirement,Control-linked,R-09; A-09; Q-02,,,,,,Machine-only; human review needed,./2026-07-29-iris-supervisor-bilingual-transcript.he-en.md#s-0382
S-0383,00:18:38.790,00:18:39.510,Unresolved,Unknown,No automatic diarization; human audiovisual review required,"גם את הרופאים,",,"Also the doctors,",,Requirement,Control-linked,R-09; A-09; Q-02,,,,,,Machine-only; human review needed,./2026-07-29-iris-supervisor-bilingual-transcript.he-en.md#s-0383
S-0384,00:18:39.770,00:18:41.170,Unresolved,Unknown,No automatic diarization; human audiovisual review required,"זה לא מספיק לנו רק דייטה,",,"This is not enough for us, just diet.",,Requirement,Control-linked,R-09; A-09; Q-02,,,,,,Machine-only; human review needed,./2026-07-29-iris-supervisor-bilingual-transcript.he-en.md#s-0384
S-0385,00:18:41.430,00:18:41.710,Unresolved,Unknown,No automatic diarization; human audiovisual review required,"זאת אומרת,",,"That means,",,Requirement,Control-linked,R-09; A-09; Q-02,,,,,,Machine-only; human review needed,./2026-07-29-iris-supervisor-bilingual-transcript.he-en.md#s-0385
S-0386,00:18:41.710,00:18:48.130,Unresolved,Unknown,No automatic diarization; human audiovisual review required,"זה לא איזשהו פרויקט קלאסי,",,"This is not some classic diet project,",,Requirement,Control-linked,R-09; A-09; Q-02,,,,,,Machine-only; human review needed,./2026-07-29-iris-supervisor-bilingual-transcript.he-en.md#s-0386
S-0387,00:18:48.190,00:18:49.070,Unresolved,Unknown,No automatic diarization; human audiovisual review required,"של דייטה סיינס,",,"of Diet Science,",,Requirement,Control-linked,R-09; A-09; Q-02,,,,,,Machine-only; human review needed,./2026-07-29-iris-supervisor-bilingual-transcript.he-en.md#s-0387
S-0388,00:18:49.110,00:18:50.790,Unresolved,Unknown,No automatic diarization; human audiovisual review required,"ששם רוצים את הדייטה בעיקר,",,"where they mainly want the diet,",,Requirement,Control-linked,R-09; A-09; Q-02,,,,,,Machine-only; human review needed,./2026-07-29-iris-supervisor-bilingual-transcript.he-en.md#s-0388
S-0389,00:18:51.110,00:18:53.030,Unresolved,Unknown,No automatic diarization; human audiovisual review required,"אלא אנחנו צריכים גם הרבה את האנשים,",,"but we also need a lot from the people,",,Requirement,Control-linked,R-09; A-09; Q-02,,,,,,Machine-only; human review needed,./2026-07-29-iris-supervisor-bilingual-transcript.he-en.md#s-0389
S-0390,00:18:53.470,00:18:54.890,Unresolved,Unknown,No automatic diarization; human audiovisual review required,"אז בעצם,",,"So basically,",,Action,Control-linked,A-09; Q-02,,,,,,Machine-only; human review needed,./2026-07-29-iris-supervisor-bilingual-transcript.he-en.md#s-0390
S-0391,00:18:55.390,00:18:56.930,Unresolved,Unknown,No automatic diarization; human audiovisual review required,"שלחתי לה כבר חומרים,",,"I already sent her materials,",,Action,Control-linked,A-09; Q-02,,,,,,Machine-only; human review needed,./2026-07-29-iris-supervisor-bilingual-transcript.he-en.md#s-0391
S-0392,00:18:57.150,00:19:00.990,Unresolved,Unknown,No automatic diarization; human audiovisual review required,"והיא מאוד אופטימית ונלהבת,",,"and she is very optimistic and enthusiastic,",,Action,Control-linked,A-09; Q-02,,,,,,Machine-only; human review needed,./2026-07-29-iris-supervisor-bilingual-transcript.he-en.md#s-0392
S-0393,00:19:01.490,00:19:02.550,Unresolved,Unknown,No automatic diarization; human audiovisual review required,"זה קצת הלחיץ אותי,",,"This slightly stressed me out,",,Action,Control-linked,A-09; Q-02,,,,,,Machine-only; human review needed,./2026-07-29-iris-supervisor-bilingual-transcript.he-en.md#s-0393
S-0394,00:19:02.610,00:19:03.210,Unresolved,Unknown,No automatic diarization; human audiovisual review required,"אני חייבת להגיד,",,"I have to say,",,Action,Control-linked,A-09; Q-02,,,,,,Machine-only; human review needed,./2026-07-29-iris-supervisor-bilingual-transcript.he-en.md#s-0394
S-0395,00:19:03.290,00:19:05.010,Unresolved,Unknown,No automatic diarization; human audiovisual review required,"כי יצרתי איתה קשר אתמול,",,"because I contacted her yesterday,",,Action,Control-linked,A-09; Q-02,,,,,,Machine-only; human review needed,./2026-07-29-iris-supervisor-bilingual-transcript.he-en.md#s-0395
S-0396,00:19:05.250,00:19:07.190,Unresolved,Unknown,No automatic diarization; human audiovisual review required,"בתוך כוונה להתפגש איתה,",,"With the intention of meeting with her,",,Action,Control-linked,A-09; Q-02,,,,,,Machine-only; human review needed,./2026-07-29-iris-supervisor-bilingual-transcript.he-en.md#s-0396
S-0397,00:19:07.190,00:19:08.230,Unresolved,Unknown,No automatic diarization; human audiovisual review required,"איפשהו באוגוס,",,"Sometime in August,",,Action,Control-linked,A-09; Q-02,,,,,,Machine-only; human review needed,./2026-07-29-iris-supervisor-bilingual-transcript.he-en.md#s-0397
S-0398,00:19:08.570,00:19:09.430,Unresolved,Unknown,No automatic diarization; human audiovisual review required,"אז כבר אתמול,",,"So already yesterday,",,Action,Control-linked,A-09; Q-02,,,,,,Machine-only; human review needed,./2026-07-29-iris-supervisor-bilingual-transcript.he-en.md#s-0398
S-0399,00:19:09.510,00:19:10.450,Unresolved,Unknown,No automatic diarization; human audiovisual review required,"עשינו את הפגישה,",,"We held the meeting,",,Action,Control-linked,A-09; Q-02,,,,,,Machine-only; human review needed,./2026-07-29-iris-supervisor-bilingual-transcript.he-en.md#s-0399
S-0400,00:19:10.450,00:19:11.190,Unresolved,Unknown,No automatic diarization; human audiovisual review required,"וכבר אתמול,",,"And already yesterday,",,Action,Control-linked,A-09; Q-02,,,,,,Machine-only; human review needed,./2026-07-29-iris-supervisor-bilingual-transcript.he-en.md#s-0400
S-0401,00:19:11.470,00:19:14.130,Unresolved,Unknown,No automatic diarization; human audiovisual review required,"כבר דיברנו על נושאים נורא ספציפיים,",,"We already talked about extremely specific topics,",,Action,Control-linked,A-09; Q-02,,,,,,Machine-only; human review needed,./2026-07-29-iris-supervisor-bilingual-transcript.he-en.md#s-0401
S-0402,00:19:14.230,00:19:15.650,Unresolved,Unknown,No automatic diarization; human audiovisual review required,"ועל נורא דברים,",,"And on scary things,",,Action,Control-linked,A-09; Q-02,,,,,,Machine-only; human review needed,./2026-07-29-iris-supervisor-bilingual-transcript.he-en.md#s-0402
S-0403,00:19:16.250,00:19:19.590,Unresolved,Unknown,No automatic diarization; human audiovisual review required,"יש להגישה להרבה מהנושאים,",,"there should be access to many of the topics,",,Requirement,Control-linked,R-09; A-09; Q-02,,,,,,Machine-only; human review needed,./2026-07-29-iris-supervisor-bilingual-transcript.he-en.md#s-0403
S-0404,00:19:19.730,00:19:21.250,Unresolved,Unknown,No automatic diarization; human audiovisual review required,"זה דבר בירוקרטי,",,"this is a bureaucratic matter,",,Requirement,Control-linked,R-09; A-09; Q-02,,,,,,Machine-only; human review needed,./2026-07-29-iris-supervisor-bilingual-transcript.he-en.md#s-0404
S-0405,00:19:21.630,00:19:22.230,Unresolved,Unknown,No automatic diarization; human audiovisual review required,"שהיא כך,",,"that it is so,",,Requirement,Control-linked,R-09; A-09; Q-02,,,,,,Machine-only; human review needed,./2026-07-29-iris-supervisor-bilingual-transcript.he-en.md#s-0405
S-0406,00:19:22.570,00:19:23.510,Unresolved,Unknown,No automatic diarization; human audiovisual review required,"חלק מהדברים,",,"part of the matters,",,Requirement,Control-linked,R-09; A-09; Q-02,,,,,,Machine-only; human review needed,./2026-07-29-iris-supervisor-bilingual-transcript.he-en.md#s-0406
S-0407,00:19:24.390,00:19:25.470,Unresolved,Unknown,No automatic diarization; human audiovisual review required,"אין להגישה אליהם,",,"there should not be access to them,",,Requirement,Control-linked,R-09; A-09; Q-02,,,,,,Machine-only; human review needed,./2026-07-29-iris-supervisor-bilingual-transcript.he-en.md#s-0407
S-0408,00:19:25.610,00:19:27.550,Unresolved,Unknown,No automatic diarization; human audiovisual review required,"וצריך לקחת את זה בחשבון גם,",,"and one needs to take this into account as well,",,Requirement,Control-linked,R-09; A-09; Q-02,,,,,,Machine-only; human review needed,./2026-07-29-iris-supervisor-bilingual-transcript.he-en.md#s-0408
S-0409,00:19:27.830,00:19:28.210,Unresolved,Unknown,No automatic diarization; human audiovisual review required,"למשל,",,"for example,",,Action,Control-linked,A-09; Q-02,,,,,,Machine-only; human review needed,./2026-07-29-iris-supervisor-bilingual-transcript.he-en.md#s-0409
S-0410,00:19:28.290,00:19:30.310,Unresolved,Unknown,No automatic diarization; human audiovisual review required,"היא נתנה דוגמאות,",,"she gave examples,",,Action,Control-linked,A-09; Q-02,,,,,,Machine-only; human review needed,./2026-07-29-iris-supervisor-bilingual-transcript.he-en.md#s-0410
S-0411,00:19:30.710,00:19:32.470,Unresolved,Unknown,No automatic diarization; human audiovisual review required,"יכול להיות שחלק מהוורייביליטי,",,"it could be that part of the variability,",,Action,Control-linked,A-09; Q-02,,,,,,Machine-only; human review needed,./2026-07-29-iris-supervisor-bilingual-transcript.he-en.md#s-0411
S-0412,00:19:32.630,00:19:34.750,Unresolved,Unknown,No automatic diarization; human audiovisual review required,"ינבא ממאפיינים של הרופא,",,"will be predicted by characteristics of the doctor,",,Action,Control-linked,A-09; Q-02,,,,,,Machine-only; human review needed,./2026-07-29-iris-supervisor-bilingual-transcript.he-en.md#s-0412
S-0413,00:19:35.350,00:19:36.670,Unresolved,Unknown,No automatic diarization; human audiovisual review required,"איפה הוא למד,",,"where he studied,",,Action,Control-linked,A-09; Q-02,,,,,,Machine-only; human review needed,./2026-07-29-iris-supervisor-bilingual-transcript.he-en.md#s-0413
S-0414,00:19:36.750,00:19:38.190,Unresolved,Unknown,No automatic diarization; human audiovisual review required,"מידת הניסיון שלו,",,"his level of experience,",,Action,Control-linked,A-09; Q-02,,,,,,Machine-only; human review needed,./2026-07-29-iris-supervisor-bilingual-transcript.he-en.md#s-0414
S-0415,00:19:38.190,00:19:41.210,Unresolved,Unknown,No automatic diarization; human audiovisual review required,"לפעמים גם,",,"sometimes also,",,Action,Control-linked,A-09; Q-02,,,,,,Machine-only; human review needed,./2026-07-29-iris-supervisor-bilingual-transcript.he-en.md#s-0415
S-0416,00:19:41.610,00:19:44.730,Unresolved,Unknown,No automatic diarization; human audiovisual review required,"הלימודים,",,"the studies,",,Action,Control-linked,A-09; Q-02,,,,,,Machine-only; human review needed,./2026-07-29-iris-supervisor-bilingual-transcript.he-en.md#s-0416
S-0417,00:19:44.950,00:19:46.270,Unresolved,Unknown,No automatic diarization; human audiovisual review required,"באיזה מדינה היו,",,"in which country they were,",,Action,Control-linked,A-09; Q-02,,,,,,Machine-only; human review needed,./2026-07-29-iris-supervisor-bilingual-transcript.he-en.md#s-0417
S-0418,00:19:46.370,00:19:47.130,Unresolved,Unknown,No automatic diarization; human audiovisual review required,"וכל מיני דברים,",,"and all sorts of things,",,Action,Control-linked,A-09; Q-02,,,,,,Machine-only; human review needed,./2026-07-29-iris-supervisor-bilingual-transcript.he-en.md#s-0418
S-0419,00:19:47.590,00:19:48.330,Unresolved,Unknown,No automatic diarization; human audiovisual review required,"חלק מהדברים,",,part of the matters,,Action,Control-linked,A-09; Q-02,,,,,,Machine-only; human review needed,./2026-07-29-iris-supervisor-bilingual-transcript.he-en.md#s-0419
S-0420,00:19:48.610,00:19:49.310,Unresolved,Unknown,No automatic diarization; human audiovisual review required,"יש לה מידע,",,"She has information,",,Action,Control-linked,A-09; Q-02,,,,,,Machine-only; human review needed,./2026-07-29-iris-supervisor-bilingual-transcript.he-en.md#s-0420
S-0421,00:19:49.390,00:19:49.870,Unresolved,Unknown,No automatic diarization; human audiovisual review required,"כמו למשל,",,"for example,",,Action,Control-linked,A-09; Q-02,,,,,,Machine-only; human review needed,./2026-07-29-iris-supervisor-bilingual-transcript.he-en.md#s-0421
S-0422,00:19:49.930,00:19:51.470,Unresolved,Unknown,No automatic diarization; human audiovisual review required,"מתי הוא התחיל לעבוד בכללית,",,"when did he start working at General,",,Action,Control-linked,A-09; Q-02,,,,,,Machine-only; human review needed,./2026-07-29-iris-supervisor-bilingual-transcript.he-en.md#s-0422
S-0423,00:19:51.870,00:19:52.430,Unresolved,Unknown,No automatic diarization; human audiovisual review required,"חלק מהדברים,",,"some of the things,",,Action,Control-linked,A-09; Q-02,,,,,,Machine-only; human review needed,./2026-07-29-iris-supervisor-bilingual-transcript.he-en.md#s-0423
S-0424,00:19:52.530,00:19:53.150,Unresolved,Unknown,No automatic diarization; human audiovisual review required,"אין לה מידע,",,"she does not have information,",,Action,Control-linked,A-09; Q-02,,,,,,Machine-only; human review needed,./2026-07-29-iris-supervisor-bilingual-transcript.he-en.md#s-0424
S-0425,00:19:53.210,00:19:54.090,Unresolved,Unknown,No automatic diarization; human audiovisual review required,"כי אסור לה,",,"because it is forbidden to,",,Action,Control-linked,A-09; Q-02,,,,,,Machine-only; human review needed,./2026-07-29-iris-supervisor-bilingual-transcript.he-en.md#s-0425
S-0426,00:19:54.330,00:19:55.510,Unresolved,Unknown,No automatic diarization; human audiovisual review required,"לבקש מהרופא,",,"ask the doctor,",,Action,Control-linked,A-09; Q-02,,,,,,Machine-only; human review needed,./2026-07-29-iris-supervisor-bilingual-transcript.he-en.md#s-0426
S-0427,00:19:55.650,00:19:55.750,Unresolved,Unknown,No automatic diarization; human audiovisual review required,"אני,",,"I,",,Action,Control-linked,A-09; Q-02,,,,,,Machine-only; human review needed,./2026-07-29-iris-supervisor-bilingual-transcript.he-en.md#s-0427
S-0428,00:20:08.190,00:20:11.310,Unresolved,Unknown,No automatic diarization; human audiovisual review required,"מה שארנון אומר בעצם,",,"What Arnon is saying essentially,",,Context,Human-review-needed,,,,,,,Machine-only; human review needed,./2026-07-29-iris-supervisor-bilingual-transcript.he-en.md#s-0428
S-0429,00:20:12.160,00:20:13.800,Unresolved,Unknown,No automatic diarization; human audiovisual review required,"למרות שיש לנו אופטימיות,",,"Despite our optimism,",,Context,Human-review-needed,,,,,,,Machine-only; human review needed,./2026-07-29-iris-supervisor-bilingual-transcript.he-en.md#s-0429
S-0430,00:20:14.300,00:20:15.580,Unresolved,Unknown,No automatic diarization; human audiovisual review required,"לדברים האלה,",,"for these things,",,Context,Human-review-needed,,,,,,,Machine-only; human review needed,./2026-07-29-iris-supervisor-bilingual-transcript.he-en.md#s-0430
S-0431,00:20:15.840,00:20:17.140,Unresolved,Unknown,No automatic diarization; human audiovisual review required,"העולם הרבה נפואי,",,"the world has many doctors,",,Context,Human-review-needed,,,,,,,Machine-only; human review needed,./2026-07-29-iris-supervisor-bilingual-transcript.he-en.md#s-0431
S-0432,00:20:17.640,00:20:19.340,Unresolved,Unknown,No automatic diarization; human audiovisual review required,"עד שאתה לא מקבל את הדייטה אליך,",,"until you don't receive the diet,",,Context,Human-review-needed,,,,,,,Machine-only; human review needed,./2026-07-29-iris-supervisor-bilingual-transcript.he-en.md#s-0432
S-0433,00:20:19.940,00:20:20.820,Unresolved,Unknown,No automatic diarization; human audiovisual review required,"אין לך את הדייטה,",,"you don't have the diet,",,Context,Human-review-needed,,,,,,,Machine-only; human review needed,./2026-07-29-iris-supervisor-bilingual-transcript.he-en.md#s-0433
S-0434,00:20:21.040,00:20:22.560,Unresolved,Unknown,No automatic diarization; human audiovisual review required,"ופה אנחנו צריכים גם את האנשים,",,"and here we also need people,",,Context,Human-review-needed,,,,,,,Machine-only; human review needed,./2026-07-29-iris-supervisor-bilingual-transcript.he-en.md#s-0434
S-0435,00:20:22.980,00:20:23.780,Unresolved,Unknown,No automatic diarization; human audiovisual review required,"ולכן מה שהוא אומר,",,"so what he's saying,",,Context,Human-review-needed,,,,,,,Machine-only; human review needed,./2026-07-29-iris-supervisor-bilingual-transcript.he-en.md#s-0435
S-0436,00:20:24.500,00:20:27.360,Unresolved,Unknown,No automatic diarization; human audiovisual review required,"בוא נתכנן לפחות להצעה,",,"let's plan at least a proposal,",,Requirement,Control-linked,R-08,,,,,,Machine-only; human review needed,./2026-07-29-iris-supervisor-bilingual-transcript.he-en.md#s-0436
S-0437,00:20:27.360,00:20:30.780,Unresolved,Unknown,No automatic diarization; human audiovisual review required,"על הפלן היותר מורחב,",,"for the more extensive plan,",,Requirement,Control-linked,R-08,,,,,,Machine-only; human review needed,./2026-07-29-iris-supervisor-bilingual-transcript.he-en.md#s-0437
S-0438,00:20:30.780,00:20:31.680,Unresolved,Unknown,No automatic diarization; human audiovisual review required,"זאת אומרת,",,"that means,",,Requirement,Control-linked,R-08,,,,,,Machine-only; human review needed,./2026-07-29-iris-supervisor-bilingual-transcript.he-en.md#s-0438
S-0439,00:20:31.840,00:20:33.080,Unresolved,Unknown,No automatic diarization; human audiovisual review required,"זה עדיין אין בעיה,",,"this is still not a problem,",,Requirement,Control-linked,R-08,,,,,,Machine-only; human review needed,./2026-07-29-iris-supervisor-bilingual-transcript.he-en.md#s-0439
S-0440,00:20:33.180,00:20:35.480,Unresolved,Unknown,No automatic diarization; human audiovisual review required,"כי בפרלמינרי ריזל,",,"because in the parliamentary bill,",,Requirement,Control-linked,R-08,,,,,,Machine-only; human review needed,./2026-07-29-iris-supervisor-bilingual-transcript.he-en.md#s-0440
S-0441,00:20:35.580,00:20:36.760,Unresolved,Unknown,No automatic diarization; human audiovisual review required,"צריכה לדבר,",,"she needs to speak,",,Requirement,Control-linked,R-08,,,,,,Machine-only; human review needed,./2026-07-29-iris-supervisor-bilingual-transcript.he-en.md#s-0441
S-0442,00:20:36.860,00:20:38.840,Unresolved,Unknown,No automatic diarization; human audiovisual review required,"שעשית רק לסופטו אינג'ינירים כרגע,",,"who has only dealt with current software engineers,",,Requirement,Control-linked,R-08,,,,,,Machine-only; human review needed,./2026-07-29-iris-supervisor-bilingual-transcript.he-en.md#s-0442
S-0443,00:20:39.160,00:20:41.060,Unresolved,Unknown,No automatic diarization; human audiovisual review required,"ולדבר על מה שאמרתי כרגע,",,"and to talk about what I said just now,",,Requirement,Control-linked,R-08,,,,,,Machine-only; human review needed,./2026-07-29-iris-supervisor-bilingual-transcript.he-en.md#s-0443
S-0444,00:20:41.140,00:20:42.100,Unresolved,Unknown,No automatic diarization; human audiovisual review required,"לעולם הרפואי,",,"for the medical world,",,Requirement,Control-linked,R-08,,,,,,Machine-only; human review needed,./2026-07-29-iris-supervisor-bilingual-transcript.he-en.md#s-0444
S-0445,00:20:42.160,00:20:43.940,Unresolved,Unknown,No automatic diarization; human audiovisual review required,"שיש הרכנות ויש תשתית,",,"there is compliance and infrastructure,",,Requirement,Control-linked,R-08,,,,,,Machine-only; human review needed,./2026-07-29-iris-supervisor-bilingual-transcript.he-en.md#s-0445
S-0446,00:20:44.280,00:20:45.340,Unresolved,Unknown,No automatic diarization; human audiovisual review required,"אין בעיה עם זה,",,"There's no issue with that,",,Requirement,Control-linked,R-08,,,,,,Machine-only; human review needed,./2026-07-29-iris-supervisor-bilingual-transcript.he-en.md#s-0446
S-0447,00:20:45.820,00:20:47.780,Unresolved,Unknown,No automatic diarization; human audiovisual review required,"אז מה שהוא אומר,",,"So what he is saying is,",,Context,Human-review-needed,,,,,,,Machine-only; human review needed,./2026-07-29-iris-supervisor-bilingual-transcript.he-en.md#s-0447
S-0448,00:20:47.940,00:20:50.060,Unresolved,Unknown,No automatic diarization; human audiovisual review required,"בוא ננסח את השאלות האלה,",,"Let's formulate these questions,",,Requirement,Control-linked,R-07,,,,,,Machine-only; human review needed,./2026-07-29-iris-supervisor-bilingual-transcript.he-en.md#s-0448
S-0449,00:20:50.060,00:20:51.000,Unresolved,Unknown,No automatic diarization; human audiovisual review required,"בצורה כזאת,",,"In such a way,",,Requirement,Control-linked,R-07,,,,,,Machine-only; human review needed,./2026-07-29-iris-supervisor-bilingual-transcript.he-en.md#s-0449
S-0450,00:20:51.080,00:20:53.100,Unresolved,Unknown,No automatic diarization; human audiovisual review required,"שהיא לא דומיין ספסיפיק,",,"That it's not overly pedantic,",,Requirement,Control-linked,R-07,,,,,,Machine-only; human review needed,./2026-07-29-iris-supervisor-bilingual-transcript.he-en.md#s-0450
S-0451,00:20:53.520,00:20:54.520,Unresolved,Unknown,No automatic diarization; human audiovisual review required,"שהיא לא רק,",,"That it's not just,",,Requirement,Control-linked,R-07,,,,,,Machine-only; human review needed,./2026-07-29-iris-supervisor-bilingual-transcript.he-en.md#s-0451
S-0452,00:20:54.760,00:20:55.880,Unresolved,Unknown,No automatic diarization; human audiovisual review required,"אפשר לענות עליהם,",,"It's possible to answer them,",,Requirement,Control-linked,R-07,,,,,,Machine-only; human review needed,./2026-07-29-iris-supervisor-bilingual-transcript.he-en.md#s-0452
S-0453,00:20:55.920,00:20:57.160,Unresolved,Unknown,No automatic diarization; human audiovisual review required,רק בעולם הרפואי.,,Only in the medical world.,,Requirement,Control-linked,R-07,,,,,,Machine-only; human review needed,./2026-07-29-iris-supervisor-bilingual-transcript.he-en.md#s-0453
S-0454,00:20:59.190,00:21:00.210,Unresolved,Unknown,No automatic diarization; human audiovisual review required,"הבנתי, כן,",,"I understand, yes,",,Requirement,Control-linked,R-07,,,,,,Machine-only; human review needed,./2026-07-29-iris-supervisor-bilingual-transcript.he-en.md#s-0454
S-0455,00:21:00.210,00:21:04.570,Unresolved,Unknown,No automatic diarization; human audiovisual review required,"שמרוד נחליל את הנעשה הכללה,",,"That Mordechai is making a generalization,",,Requirement,Control-linked,R-07,,,,,,Machine-only; human review needed,./2026-07-29-iris-supervisor-bilingual-transcript.he-en.md#s-0455
S-0456,00:21:04.830,00:21:06.010,Unresolved,Unknown,No automatic diarization; human audiovisual review required,לכל תחום שאפשר.,,For every field that can be.,,Requirement,Control-linked,R-07,,,,,,Machine-only; human review needed,./2026-07-29-iris-supervisor-bilingual-transcript.he-en.md#s-0456
S-0457,00:21:06.070,00:21:07.850,Unresolved,Unknown,No automatic diarization; human audiovisual review required,"נכון, אבל יהיה לנו בראש,",,"Correct, but we need to keep it in mind,",,Requirement,Control-linked,R-07,,,,,,Machine-only; human review needed,./2026-07-29-iris-supervisor-bilingual-transcript.he-en.md#s-0457
S-0458,00:21:08.350,00:21:10.410,Unresolved,Unknown,No automatic diarization; human audiovisual review required,"ספציפי את העולם הרפואי,",,"Specify the medical world,",,Requirement,Control-linked,R-07,,,,,,Machine-only; human review needed,./2026-07-29-iris-supervisor-bilingual-transcript.he-en.md#s-0458
S-0459,00:21:10.670,00:21:12.210,Unresolved,Unknown,No automatic diarization; human audiovisual review required,ואת העולם של הנדסת תוכנה.,,And the world of software engineering.,,Requirement,Control-linked,R-07,,,,,,Machine-only; human review needed,./2026-07-29-iris-supervisor-bilingual-transcript.he-en.md#s-0459
S-0460,00:21:12.550,00:21:13.830,Unresolved,Unknown,No automatic diarization; human audiovisual review required,"בעולם של הנדסת תוכנה,",,"In the world of software engineering,",,Requirement,Control-linked,R-07,,,,,,Machine-only; human review needed,./2026-07-29-iris-supervisor-bilingual-transcript.he-en.md#s-0460
S-0461,00:21:14.470,00:21:16.230,Unresolved,Unknown,No automatic diarization; human audiovisual review required,כנראה תוכל לעשות בכל מקרה.,,You might be able to do it in any case.,,Requirement,Control-linked,R-07,,,,,,Machine-only; human review needed,./2026-07-29-iris-supervisor-bilingual-transcript.he-en.md#s-0461
S-0462,00:21:16.950,00:21:17.870,Unresolved,Unknown,No automatic diarization; human audiovisual review required,"בעולם הרפואי,",,"In the medical world,",,Requirement,Control-linked,R-07; R-09,,,,,,Machine-only; human review needed,./2026-07-29-iris-supervisor-bilingual-transcript.he-en.md#s-0462
S-0463,00:21:17.870,00:21:19.770,Unresolved,Unknown,No automatic diarization; human audiovisual review required,"אני נורא מקווה שתוכל,",,I'm really hoping you can.,,Requirement,Control-linked,R-07; R-09,,,,,,Machine-only; human review needed,./2026-07-29-iris-supervisor-bilingual-transcript.he-en.md#s-0463
S-0464,00:21:19.770,00:21:20.710,Unresolved,Unknown,No automatic diarization; human audiovisual review required,"אנחנו עובדים מאוד קשה,",,"We are working very hard,",,Requirement,Control-linked,R-07; R-09,,,,,,Machine-only; human review needed,./2026-07-29-iris-supervisor-bilingual-transcript.he-en.md#s-0464
S-0465,00:21:20.950,00:21:23.390,Unresolved,Unknown,No automatic diarization; human audiovisual review required,"כדי שיהיה לנו נתונים כבר עכשיו,",,"in order to have the data already now,",,Requirement,Control-linked,R-07; R-09,,,,,,Machine-only; human review needed,./2026-07-29-iris-supervisor-bilingual-transcript.he-en.md#s-0465
S-0466,00:21:23.490,00:21:24.970,Unresolved,Unknown,No automatic diarization; human audiovisual review required,"כשאתה עוד לא צריך אותם,",,"when you still don't need them,",,Requirement,Control-linked,R-07; R-09,,,,,,Machine-only; human review needed,./2026-07-29-iris-supervisor-bilingual-transcript.he-en.md#s-0466
S-0467,00:21:25.430,00:21:29.530,Unresolved,Unknown,No automatic diarization; human audiovisual review required,"ואני די אופטימית על הדבר הזה,",,"and I am quite optimistic about this,",,Requirement,Control-linked,R-07; R-09,,,,,,Machine-only; human review needed,./2026-07-29-iris-supervisor-bilingual-transcript.he-en.md#s-0467
S-0468,00:21:29.530,00:21:32.170,Unresolved,Unknown,No automatic diarization; human audiovisual review required,"אבל אני מסכימה עם ארנן,",,"but I agree with Aranan,",,Requirement,Control-linked,R-07; R-09,,,,,,Machine-only; human review needed,./2026-07-29-iris-supervisor-bilingual-transcript.he-en.md#s-0468
S-0469,00:21:32.250,00:21:33.670,Unresolved,Unknown,No automatic diarization; human audiovisual review required,"שצריך לעשות ניהול לסיכויינים,",,"that we should do management for students,",,Requirement,Control-linked,R-07; R-09,,,,,,Machine-only; human review needed,./2026-07-29-iris-supervisor-bilingual-transcript.he-en.md#s-0469
S-0470,00:21:33.930,00:21:35.430,Unresolved,Unknown,No automatic diarization; human audiovisual review required,"ולא אם פתאום נגלה,",,"not if suddenly it is revealed,",,Requirement,Control-linked,R-07; R-09,,,,,,Machine-only; human review needed,./2026-07-29-iris-supervisor-bilingual-transcript.he-en.md#s-0470
S-0471,00:21:35.590,00:21:40.170,Unresolved,Unknown,No automatic diarization; human audiovisual review required,"שבעת חתימה לכל מיני מסמכים,",,"that there are seven signatures on all kinds of documents,",,Requirement,Control-linked,R-07; R-09,,,,,,Machine-only; human review needed,./2026-07-29-iris-supervisor-bilingual-transcript.he-en.md#s-0471
S-0472,00:21:40.230,00:21:41.090,Unresolved,Unknown,No automatic diarization; human audiovisual review required,"וכל הדברים האלה,",,"and all these things,",,Requirement,Control-linked,R-07; R-09,,,,,,Machine-only; human review needed,./2026-07-29-iris-supervisor-bilingual-transcript.he-en.md#s-0472
S-0473,00:21:41.390,00:21:42.010,Unresolved,Unknown,No automatic diarization; human audiovisual review required,"משהו נופל,",,"something falls through,",,Requirement,Control-linked,R-07; R-09,,,,,,Machine-only; human review needed,./2026-07-29-iris-supervisor-bilingual-transcript.he-en.md#s-0473
S-0474,00:21:42.130,00:21:43.550,Unresolved,Unknown,No automatic diarization; human audiovisual review required,"ופתאום אתה נשאר,",,"and suddenly you remain,",,Requirement,Control-linked,R-07; R-09,,,,,,Machine-only; human review needed,./2026-07-29-iris-supervisor-bilingual-transcript.he-en.md#s-0474
S-0475,00:21:44.490,00:21:47.470,Unresolved,Unknown,No automatic diarization; human audiovisual review required,בלי אפשרות לעשות דוקטורט.,,without the possibility to do a PhD.,,Requirement,Control-linked,R-07; R-09,,,,,,Machine-only; human review needed,./2026-07-29-iris-supervisor-bilingual-transcript.he-en.md#s-0475
S-0476,00:21:47.470,00:21:48.870,Unresolved,Unknown,No automatic diarization; human audiovisual review required,אוקיי?,,Okay?,,Context,Human-review-needed,,,,,,,Machine-only; human review needed,./2026-07-29-iris-supervisor-bilingual-transcript.he-en.md#s-0476
S-0477,00:21:49.580,00:21:49.760,Unresolved,Unknown,No automatic diarization; human audiovisual review required,כן.,,Yes.,,Context,Human-review-needed,,,,,,,Machine-only; human review needed,./2026-07-29-iris-supervisor-bilingual-transcript.he-en.md#s-0477
S-0478,00:21:50.400,00:21:52.580,Unresolved,Unknown,No automatic diarization; human audiovisual review required,"אז מה שאני הייתי רוצה,",,"So what I would like to think about,",,Context,Human-review-needed,,,,,,,Machine-only; human review needed,./2026-07-29-iris-supervisor-bilingual-transcript.he-en.md#s-0478
S-0479,00:21:53.980,00:21:56.240,Unresolved,Unknown,No automatic diarization; human audiovisual review required,"לחשוב,",,"if you have questions,",,Context,Human-review-needed,,,,,,,Machine-only; human review needed,./2026-07-29-iris-supervisor-bilingual-transcript.he-en.md#s-0479
S-0480,00:21:56.320,00:21:57.100,Unresolved,Unknown,No automatic diarization; human audiovisual review required,"אם יש לך שאלות,",,"then this is the time,",,Context,Human-review-needed,,,,,,,Machine-only; human review needed,./2026-07-29-iris-supervisor-bilingual-transcript.he-en.md#s-0480
S-0481,00:21:57.260,00:21:58.380,Unresolved,Unknown,No automatic diarization; human audiovisual review required,"אז זה הזמן,",,"Then this is the time,",,Context,Human-review-needed,,,,,,,Machine-only; human review needed,./2026-07-29-iris-supervisor-bilingual-transcript.he-en.md#s-0481
S-0482,00:21:59.040,00:22:01.840,Unresolved,Unknown,No automatic diarization; human audiovisual review required,"אני רוצה שנעשה קצת תוכניות,",,"I want to make some plans,",,Requirement,Control-linked,R-13,,,,,,Machine-only; human review needed,./2026-07-29-iris-supervisor-bilingual-transcript.he-en.md#s-0482
S-0483,00:22:02.320,00:22:04.520,Unresolved,Unknown,No automatic diarization; human audiovisual review required,"יש לנו את אוגוסט ואת ספטמבר בעצם,",,"We have August and September basically,",,Requirement,Control-linked,R-13,,,,,,Machine-only; human review needed,./2026-07-29-iris-supervisor-bilingual-transcript.he-en.md#s-0483
S-0484,00:22:05.390,00:22:07.510,Unresolved,Unknown,No automatic diarization; human audiovisual review required,ואנחנו צריכים להגיע לאיזשהו מצב.,,And we need to get to some sort of state.,,Requirement,Control-linked,R-13,,,,,,Machine-only; human review needed,./2026-07-29-iris-supervisor-bilingual-transcript.he-en.md#s-0484
S-0485,00:22:07.590,00:22:08.530,Unresolved,Unknown,No automatic diarization; human audiovisual review required,"עכשיו, הפגישות שלנו,",,"Now, our meetings,",,Requirement,Control-linked,R-13,,,,,,Machine-only; human review needed,./2026-07-29-iris-supervisor-bilingual-transcript.he-en.md#s-0485
S-0486,00:22:08.610,00:22:09.610,Unresolved,Unknown,No automatic diarization; human audiovisual review required,"הם דו שבויות,",,"They are two-day sessions,",,Requirement,Control-linked,R-13,,,,,,Machine-only; human review needed,./2026-07-29-iris-supervisor-bilingual-transcript.he-en.md#s-0486
S-0487,00:22:10.670,00:22:13.550,Unresolved,Unknown,No automatic diarization; human audiovisual review required,שזה אומר שיש לנו מעט גישות.,,Which means we have limited access.,,Requirement,Control-linked,R-13,,,,,,Machine-only; human review needed,./2026-07-29-iris-supervisor-bilingual-transcript.he-en.md#s-0487
S-0488,00:22:13.550,00:22:17.250,Unresolved,Unknown,No automatic diarization; human audiovisual review required,"יש שתי אפשרויות גם פה,",,"There are also two possibilities here,",,Requirement,Control-linked,R-13,,,,,,Machine-only; human review needed,./2026-07-29-iris-supervisor-bilingual-transcript.he-en.md#s-0488
S-0489,00:22:17.450,00:22:18.010,Unresolved,Unknown,No automatic diarization; human audiovisual review required,כשאני רואה.,,As I see it.,,Requirement,Control-linked,R-13,,,,,,Machine-only; human review needed,./2026-07-29-iris-supervisor-bilingual-transcript.he-en.md#s-0489
S-0490,00:22:18.450,00:22:19.550,Unresolved,Unknown,No automatic diarization; human audiovisual review required,"אפשרות אחת,",,One possibility is that,,Requirement,Control-linked,R-13; A-07,,,,,,Machine-only; human review needed,./2026-07-29-iris-supervisor-bilingual-transcript.he-en.md#s-0490
S-0491,00:22:19.710,00:22:23.770,Unresolved,Unknown,No automatic diarization; human audiovisual review required,"זה שיהיה לנו פגישות שבויות,",,"We will have two-day sessions,",,Requirement,Control-linked,R-13; A-07,,,,,,Machine-only; human review needed,./2026-07-29-iris-supervisor-bilingual-transcript.he-en.md#s-0491
S-0492,00:22:24.190,00:22:25.350,Unresolved,Unknown,No automatic diarization; human audiovisual review required,"שבהם באמת,",,"In which really,",,Requirement,Control-linked,R-13; A-07,,,,,,Machine-only; human review needed,./2026-07-29-iris-supervisor-bilingual-transcript.he-en.md#s-0492
S-0493,00:22:25.810,00:22:28.190,Unresolved,Unknown,No automatic diarization; human audiovisual review required,"כל פעם נגדיר משימה מאוד קונקרטית,",,"Each time we define a very concrete task,",,Requirement,Control-linked,R-13; A-07,,,,,,Machine-only; human review needed,./2026-07-29-iris-supervisor-bilingual-transcript.he-en.md#s-0493
S-0494,00:22:28.450,00:22:31.230,Unresolved,Unknown,No automatic diarization; human audiovisual review required,"אתה תיתן לנו דיווח על הדברים האלה,",,"You will give us reports on these things,",,Requirement,Control-linked,R-13; A-07,,,,,,Machine-only; human review needed,./2026-07-29-iris-supervisor-bilingual-transcript.he-en.md#s-0494
S-0495,00:22:31.310,00:22:32.450,Unresolved,Unknown,No automatic diarization; human audiovisual review required,"תתקדם בכתיבה,",,"You will advance in writing,",,Requirement,Control-linked,R-13; A-07,,,,,,Machine-only; human review needed,./2026-07-29-iris-supervisor-bilingual-transcript.he-en.md#s-0495
S-0496,00:22:32.950,00:22:35.370,Unresolved,Unknown,No automatic diarization; human audiovisual review required,"ובוא נאמר בספטמבר,",,"And let's say by September,",,Requirement,Control-linked,R-13; R-18; A-07; A-12,,,,,,Machine-only; human review needed,./2026-07-29-iris-supervisor-bilingual-transcript.he-en.md#s-0496
S-0497,00:22:35.370,00:22:37.370,Unresolved,Unknown,No automatic diarization; human audiovisual review required,"אתה תשלח לנו כבר תהיותה קצת יותר זה,",,"You will send us already somewhat this thesis,",,Requirement,Control-linked,R-13; R-18; A-07; A-12,,,,,,Machine-only; human review needed,./2026-07-29-iris-supervisor-bilingual-transcript.he-en.md#s-0497
S-0498,00:22:38.190,00:22:40.270,Unresolved,Unknown,No automatic diarization; human audiovisual review required,"ונוכל לתת לך פידבק,",,And we can give you feedback,,Requirement,Control-linked,R-13; R-18; A-07; A-12,,,,,,Machine-only; human review needed,./2026-07-29-iris-supervisor-bilingual-transcript.he-en.md#s-0498
S-0499,00:22:40.330,00:22:42.040,Unresolved,Unknown,No automatic diarization; human audiovisual review required,ולראות את הדברים האלה.,,And see these things.,,Requirement,Control-linked,R-13; R-18; A-07; A-12,,,,,,Machine-only; human review needed,./2026-07-29-iris-supervisor-bilingual-transcript.he-en.md#s-0499
S-0500,00:22:42.100,00:22:42.400,Unresolved,Unknown,No automatic diarization; human audiovisual review required,אוקיי?,,Okay?,,Requirement,Control-linked,R-13; A-07,,,,,,Machine-only; human review needed,./2026-07-29-iris-supervisor-bilingual-transcript.he-en.md#s-0500
S-0501,00:22:42.400,00:22:46.140,Unresolved,Unknown,No automatic diarization; human audiovisual review required,זה אפשרות ראשונה.,,This is a first option.,,Requirement,Control-linked,R-13; A-07,,,,,,Machine-only; human review needed,./2026-07-29-iris-supervisor-bilingual-transcript.he-en.md#s-0501
S-0502,00:22:46.540,00:22:47.560,Unresolved,Unknown,No automatic diarization; human audiovisual review required,"אפשרות שנייה,",,"A second option is to still keep the,",,Requirement,Control-linked,R-13; A-07,,,,,,Machine-only; human review needed,./2026-07-29-iris-supervisor-bilingual-transcript.he-en.md#s-0502
S-0503,00:22:48.180,00:22:50.080,Unresolved,Unknown,No automatic diarization; human audiovisual review required,"היא שעדיין נשאיר את ה,",,"bi-weekly meetings,",,Requirement,Control-linked,R-13; A-07,,,,,,Machine-only; human review needed,./2026-07-29-iris-supervisor-bilingual-transcript.he-en.md#s-0503
S-0504,00:22:50.080,00:22:52.800,Unresolved,Unknown,No automatic diarization; human audiovisual review required,"פגישות הדו שבויות,",,"but give us some of them,",,Requirement,Control-linked,R-13; A-07,,,,,,Machine-only; human review needed,./2026-07-29-iris-supervisor-bilingual-transcript.he-en.md#s-0504
S-0505,00:22:53.120,00:22:55.840,Unresolved,Unknown,No automatic diarization; human audiovisual review required,"אבל כן תיתן לנו איזה שהם,",,"the rules,",,Requirement,Control-linked,R-13; A-07,,,,,,Machine-only; human review needed,./2026-07-29-iris-supervisor-bilingual-transcript.he-en.md#s-0505
S-0506,00:22:55.840,00:22:59.800,Unresolved,Unknown,No automatic diarization; human audiovisual review required,"התכונים,",,"the rules every week actually,",,Requirement,Control-linked,R-13; A-07,,,,,,Machine-only; human review needed,./2026-07-29-iris-supervisor-bilingual-transcript.he-en.md#s-0506
S-0507,00:23:00.100,00:23:02.640,Unresolved,Unknown,No automatic diarization; human audiovisual review required,"התכונים כל שבוע בעצם,",,"on what happens,",,Requirement,Control-linked,R-13; A-07,,,,,,Machine-only; human review needed,./2026-07-29-iris-supervisor-bilingual-transcript.he-en.md#s-0507
S-0508,00:23:02.640,00:23:03.800,Unresolved,Unknown,No automatic diarization; human audiovisual review required,"על מה קורה,",,and see how it progresses.,,Requirement,Control-linked,R-13; A-07,,,,,,Machine-only; human review needed,./2026-07-29-iris-supervisor-bilingual-transcript.he-en.md#s-0508
S-0509,00:23:05.700,00:23:07.620,Unresolved,Unknown,No automatic diarization; human audiovisual review required,ונראה איך זה מתקדם.,,And it seems how this is progressing.,,Requirement,Control-linked,R-13; A-07,,,,,,Machine-only; human review needed,./2026-07-29-iris-supervisor-bilingual-transcript.he-en.md#s-0509
S-0510,00:23:08.910,00:23:09.790,Unresolved,Unknown,No automatic diarization; human audiovisual review required,מה אתה מעדיף?,,What do you prefer?,,Requirement,Control-linked,R-13; A-07,,,,,,Machine-only; human review needed,./2026-07-29-iris-supervisor-bilingual-transcript.he-en.md#s-0510
S-0511,00:23:11.280,00:23:13.400,Unresolved,Unknown,No automatic diarization; human audiovisual review required,"אני דווקא מעדיף את האפשרות הראשונה,",,"I actually prefer the first option,",,Requirement,Control-linked,R-13; A-07,,,,,,Machine-only; human review needed,./2026-07-29-iris-supervisor-bilingual-transcript.he-en.md#s-0511
S-0512,00:23:13.400,00:23:14.800,Unresolved,Unknown,No automatic diarization; human audiovisual review required,"שניקח כל שבוע,",,"that we take each week,",,Requirement,Control-linked,R-13; A-07,,,,,,Machine-only; human review needed,./2026-07-29-iris-supervisor-bilingual-transcript.he-en.md#s-0512
S-0513,00:23:15.060,00:23:15.480,Unresolved,Unknown,No automatic diarization; human audiovisual review required,"גישה,",,"approach,",,Requirement,Control-linked,R-13; A-07,,,,,,Machine-only; human review needed,./2026-07-29-iris-supervisor-bilingual-transcript.he-en.md#s-0513
S-0514,00:23:16.450,00:23:17.850,Unresolved,Unknown,No automatic diarization; human audiovisual review required,"היא לא חייבת להיות מאוד ארוכה,",,"which doesn't have to be very long,",,Requirement,Control-linked,R-13; A-07,,,,,,Machine-only; human review needed,./2026-07-29-iris-supervisor-bilingual-transcript.he-en.md#s-0514
S-0515,00:23:17.930,00:23:18.110,Unresolved,Unknown,No automatic diarization; human audiovisual review required,"כאילו,",,"kind of a,",,Requirement,Control-linked,R-13; A-07,,,,,,Machine-only; human review needed,./2026-07-29-iris-supervisor-bilingual-transcript.he-en.md#s-0515
S-0516,00:23:18.250,00:23:19.250,Unresolved,Unknown,No automatic diarization; human audiovisual review required,"גישה מאוד שהיא קצרה,",,"short approach,",,Requirement,Control-linked,R-13; A-07,,,,,,Machine-only; human review needed,./2026-07-29-iris-supervisor-bilingual-transcript.he-en.md#s-0516
S-0517,00:23:19.570,00:23:22.670,Unresolved,Unknown,No automatic diarization; human audiovisual review required,"שלהתכון על משימה שאני אעשה,",,"so I can prepare for a task I'll do,",,Requirement,Control-linked,R-13; A-07,,,,,,Machine-only; human review needed,./2026-07-29-iris-supervisor-bilingual-transcript.he-en.md#s-0517
S-0518,00:23:22.930,00:23:25.940,Unresolved,Unknown,No automatic diarization; human audiovisual review required,"ואני אעדכן בה ככל מה שעשיתי,",,"and I will update her with whatever I did,",,Requirement,Control-linked,R-13; A-07,,,,,,Machine-only; human review needed,./2026-07-29-iris-supervisor-bilingual-transcript.he-en.md#s-0518
S-0519,00:23:26.220,00:23:28.240,Unresolved,Unknown,No automatic diarization; human audiovisual review required,"וכאילו נגדם את המשימה של השלב הבא,",,"as if against them the task of the next stage,",,Requirement,Control-linked,R-13; A-07,,,,,,Machine-only; human review needed,./2026-07-29-iris-supervisor-bilingual-transcript.he-en.md#s-0519
S-0520,00:23:28.700,00:23:31.420,Unresolved,Unknown,No automatic diarization; human audiovisual review required,"ככה כאילו נתקדם גם בצורה שהיא יותר מהירה,",,"so it's like we are advancing in a way that is faster,",,Requirement,Control-linked,R-13; A-07,,,,,,Machine-only; human review needed,./2026-07-29-iris-supervisor-bilingual-transcript.he-en.md#s-0520
S-0521,00:23:31.540,00:23:33.000,Unresolved,Unknown,No automatic diarization; human audiovisual review required,ובוא נגיד יותר נכונה.,,and let's say more correctly.,,Requirement,Control-linked,R-13; A-07,,,,,,Machine-only; human review needed,./2026-07-29-iris-supervisor-bilingual-transcript.he-en.md#s-0521
S-0522,00:23:33.000,00:23:34.490,Unresolved,Unknown,No automatic diarization; human audiovisual review required,"אוקיי,",,"Okay,",,Requirement,Control-linked,R-13; A-06,,,,,,Machine-only; human review needed,./2026-07-29-iris-supervisor-bilingual-transcript.he-en.md#s-0522
S-0523,00:23:34.730,00:23:36.670,Unresolved,Unknown,No automatic diarization; human audiovisual review required,"אז כן,",,"So yes,",,Requirement,Control-linked,R-13; A-06,,,,,,Machine-only; human review needed,./2026-07-29-iris-supervisor-bilingual-transcript.he-en.md#s-0523
S-0524,00:23:36.770,00:23:38.010,Unresolved,Unknown,No automatic diarization; human audiovisual review required,"רק לוגיסטית,",,"just logistics,",,Requirement,Control-linked,R-13; A-06,,,,,,Machine-only; human review needed,./2026-07-29-iris-supervisor-bilingual-transcript.he-en.md#s-0524
S-0525,00:23:38.090,00:23:40.250,Unresolved,Unknown,No automatic diarization; human audiovisual review required,שאני חושבת שעשיתי איזו שאיפה שלה.,,that I think I made some arrangement for it.,,Requirement,Control-linked,R-13; A-06,,,,,,Machine-only; human review needed,./2026-07-29-iris-supervisor-bilingual-transcript.he-en.md#s-0525
S-0526,00:23:42.470,00:23:45.510,Unresolved,Unknown,No automatic diarization; human audiovisual review required,"טוב,",,"Good,",,Requirement,Control-linked,R-13; A-06,,,,,,Machine-only; human review needed,./2026-07-29-iris-supervisor-bilingual-transcript.he-en.md#s-0526
S-0527,00:23:45.830,00:23:50.290,Unresolved,Unknown,No automatic diarization; human audiovisual review required,"אני צריכה לסדר איזשהו סידור פנימי,",,"I need to arrange some internal order,",,Requirement,Control-linked,R-13; A-06,,,,,,Machine-only; human review needed,./2026-07-29-iris-supervisor-bilingual-transcript.he-en.md#s-0527
S-0528,00:23:50.730,00:23:53.510,Unresolved,Unknown,No automatic diarization; human audiovisual review required,"כי בגלל שידעתי שאיתך זה פעם בשבועיים,",,"because since I knew we do this once a week with you,",,Requirement,Control-linked,R-13; A-06,,,,,,Machine-only; human review needed,./2026-07-29-iris-supervisor-bilingual-transcript.he-en.md#s-0528
S-0529,00:23:53.590,00:23:56.490,Unresolved,Unknown,No automatic diarization; human audiovisual review required,"אז הכנסתי בפעם בשבועיים משהו אחר,",,"so I put something else in once a week,",,Requirement,Control-linked,R-13; A-06,,,,,,Machine-only; human review needed,./2026-07-29-iris-supervisor-bilingual-transcript.he-en.md#s-0529
S-0530,00:23:56.570,00:23:57.710,Unresolved,Unknown,No automatic diarization; human audiovisual review required,"אבל זה משהו שפתיר,",,"but it's something that resolves,",,Requirement,Control-linked,R-13; A-06,,,,,,Machine-only; human review needed,./2026-07-29-iris-supervisor-bilingual-transcript.he-en.md#s-0530
S-0531,00:23:57.810,00:24:01.510,Unresolved,Unknown,No automatic diarization; human audiovisual review required,זה משהו שניתן להסתדר איתו.,,it's something that can be managed.,,Requirement,Control-linked,R-13; A-06,,,,,,Machine-only; human review needed,./2026-07-29-iris-supervisor-bilingual-transcript.he-en.md#s-0531
S-0532,00:24:01.510,00:24:06.330,Unresolved,Unknown,No automatic diarization; human audiovisual review required,ואז אני אשלח זימון.,,And then I will send an invitation.,,Action,Control-linked,A-06,,,,,,Machine-only; human review needed,./2026-07-29-iris-supervisor-bilingual-transcript.he-en.md#s-0532
S-0533,00:24:06.850,00:24:09.430,Unresolved,Unknown,No automatic diarization; human audiovisual review required,"ארנון, גם מבחינתך זה בסדר יום רביעי ותשע?",,"Arnon, is Wednesday the ninth okay for you as well?",,Action,Control-linked,A-06,,,,,,Machine-only; human review needed,./2026-07-29-iris-supervisor-bilingual-transcript.he-en.md#s-0533
S-0534,00:24:10.240,00:24:10.880,Unresolved,Unknown,No automatic diarization; human audiovisual review required,"כן,",,"Yes,",,Action,Control-linked,A-06,,,,,,Machine-only; human review needed,./2026-07-29-iris-supervisor-bilingual-transcript.he-en.md#s-0534
S-0535,00:24:11.000,00:24:11.760,Unresolved,Unknown,No automatic diarization; human audiovisual review required,לא כאן אקרוניקה.,,Not here Electronics.,,Action,Control-linked,A-06,,,,,,Machine-only; human review needed,./2026-07-29-iris-supervisor-bilingual-transcript.he-en.md#s-0535
S-0536,00:24:12.260,00:24:12.620,Unresolved,Unknown,No automatic diarization; human audiovisual review required,אוקיי.,,Okay.,,Action,Control-linked,A-06,,,,,,Machine-only; human review needed,./2026-07-29-iris-supervisor-bilingual-transcript.he-en.md#s-0536
S-0537,00:24:13.140,00:24:17.680,Unresolved,Unknown,No automatic diarization; human audiovisual review required,אז בוא נגדיר מה המטרה לפגישה הבאה.,,So let's define the goal for the next meeting.,,Requirement,Control-linked,R-01; R-14; A-01; Q-01,,,,,,Machine-only; human review needed,./2026-07-29-iris-supervisor-bilingual-transcript.he-en.md#s-0537
S-0538,00:24:18.000,00:24:20.180,Unresolved,Unknown,No automatic diarization; human audiovisual review required,"המטרה לפגישה הבאה לדעתי,",,"In my opinion, the goal for the next meeting,",,Requirement,Control-linked,R-01; R-14; A-01; Q-01,,,,,,Machine-only; human review needed,./2026-07-29-iris-supervisor-bilingual-transcript.he-en.md#s-0538
S-0539,00:24:22.320,00:24:22.800,Unresolved,Unknown,No automatic diarization; human audiovisual review required,"עוד פעם,",,"once again,",,Requirement,Control-linked,R-01; R-14; A-01; Q-01,,,,,,Machine-only; human review needed,./2026-07-29-iris-supervisor-bilingual-transcript.he-en.md#s-0539
S-0540,00:24:22.860,00:24:23.680,Unresolved,Unknown,No automatic diarization; human audiovisual review required,"אני אומרת לדעתי,",,"I say in my opinion,",,Requirement,Control-linked,R-01; R-14; A-01; Q-01,,,,,,Machine-only; human review needed,./2026-07-29-iris-supervisor-bilingual-transcript.he-en.md#s-0540
S-0541,00:24:23.680,00:24:26.900,Unresolved,Unknown,No automatic diarization; human audiovisual review required,ואתם מוזמנים להעיר ולהגיב.,,and you are invited to bring up and respond.,,Requirement,Control-linked,R-01; R-14; A-01; Q-01,,,,,,Machine-only; human review needed,./2026-07-29-iris-supervisor-bilingual-transcript.he-en.md#s-0541
S-0542,00:24:28.180,00:24:31.680,Unresolved,Unknown,No automatic diarization; human audiovisual review required,"דבר ראשון זה לנסחת שלאות המחקים,",,"First, it should be formulated for the divisions,",,Requirement,Control-linked,R-01; R-14; A-01; Q-01,,,,,,Machine-only; human review needed,./2026-07-29-iris-supervisor-bilingual-transcript.he-en.md#s-0542
S-0543,00:24:32.240,00:24:35.780,Unresolved,Unknown,No automatic diarization; human audiovisual review required,זאת אומרת שאלה ראשית ושלוש שאלות משניות.,,That means a first question and three secondary questions.,,Requirement,Control-linked,R-01; R-14; A-01; Q-01,,,,,,Machine-only; human review needed,./2026-07-29-iris-supervisor-bilingual-transcript.he-en.md#s-0543
S-0544,00:24:37.760,00:24:39.700,Unresolved,Unknown,No automatic diarization; human audiovisual review required,"ובנוסף הייתי אומרת,",,"And additionally, I would suggest,",,Requirement,Control-linked,R-14; A-02,,,,,,Machine-only; human review needed,./2026-07-29-iris-supervisor-bilingual-transcript.he-en.md#s-0544
S-0545,00:24:40.040,00:24:42.120,Unresolved,Unknown,No automatic diarization; human audiovisual review required,"לפחות לעשות פלנינג,",,"at least to do planning,",,Requirement,Control-linked,R-14; A-02,,,,,,Machine-only; human review needed,./2026-07-29-iris-supervisor-bilingual-transcript.he-en.md#s-0545
S-0546,00:24:42.240,00:24:43.560,Unresolved,Unknown,No automatic diarization; human audiovisual review required,"אם לא התחלה ראשונית,",,"if not an initial start,",,Requirement,Control-linked,R-14; A-02,,,,,,Machine-only; human review needed,./2026-07-29-iris-supervisor-bilingual-transcript.he-en.md#s-0546
S-0547,00:24:43.940,00:24:45.040,Unresolved,Unknown,No automatic diarization; human audiovisual review required,של סקר ספרות.,,of a literature survey.,,Requirement,Control-linked,R-14; A-02,,,,,,Machine-only; human review needed,./2026-07-29-iris-supervisor-bilingual-transcript.he-en.md#s-0547
S-0548,00:24:45.810,00:24:49.290,Unresolved,Unknown,No automatic diarization; human audiovisual review required,"איזה סוגים של ספרות אתה הולך לזכור אותם,",,"What types of literature will you remember them as,",,Requirement,Control-linked,R-14; A-02,,,,,,Machine-only; human review needed,./2026-07-29-iris-supervisor-bilingual-transcript.he-en.md#s-0548
S-0549,00:24:49.350,00:24:50.410,Unresolved,Unknown,No automatic diarization; human audiovisual review required,"ואם יש לך עבודות,",,"and if you have any papers,",,Requirement,Control-linked,R-14; A-02,,,,,,Machine-only; human review needed,./2026-07-29-iris-supervisor-bilingual-transcript.he-en.md#s-0549
S-0550,00:24:50.790,00:24:51.790,Unresolved,Unknown,No automatic diarization; human audiovisual review required,אז זה מצוין.,,This is great.,,Requirement,Control-linked,R-14; A-02,,,,,,Machine-only; human review needed,./2026-07-29-iris-supervisor-bilingual-transcript.he-en.md#s-0550
S-0551,00:24:52.730,00:24:56.250,Unresolved,Unknown,No automatic diarization; human audiovisual review required,"אני אבקש ממך כן לעבוד בצורה של אקסל,",,"I will ask you to work in an Excel format,",,Requirement,Control-linked,R-15; A-03,,,,,,Machine-only; human review needed,./2026-07-29-iris-supervisor-bilingual-transcript.he-en.md#s-0551
S-0552,00:24:56.250,00:25:01.910,Unresolved,Unknown,No automatic diarization; human audiovisual review required,שבה בעצם יש לך שורות.,,where essentially you have rows.,,Requirement,Control-linked,R-15; A-03,,,,,,Machine-only; human review needed,./2026-07-29-iris-supervisor-bilingual-transcript.he-en.md#s-0552
S-0553,00:25:02.030,00:25:04.010,Unresolved,Unknown,No automatic diarization; human audiovisual review required,השורות זה העבודות שאתה סוכר אותן.,,The rows are the papers you subcontract.,,Requirement,Control-linked,R-15; A-03,,,,,,Machine-only; human review needed,./2026-07-29-iris-supervisor-bilingual-transcript.he-en.md#s-0553
S-0554,00:25:04.670,00:25:06.690,Unresolved,Unknown,No automatic diarization; human audiovisual review required,"העמודות נחלקות לשלושה סוגים,",,"The columns are divided into three types,",,Requirement,Control-linked,R-15; A-03,,,,,,Machine-only; human review needed,./2026-07-29-iris-supervisor-bilingual-transcript.he-en.md#s-0554
S-0555,00:25:06.750,00:25:07.930,Unresolved,Unknown,No automatic diarization; human audiovisual review required,"זה לא אומר שיש שלוש עמודות,",,"this does not mean there are three columns,",,Requirement,Control-linked,R-15; A-03,,,,,,Machine-only; human review needed,./2026-07-29-iris-supervisor-bilingual-transcript.he-en.md#s-0555
S-0556,00:25:07.990,00:25:09.330,Unresolved,Unknown,No automatic diarization; human audiovisual review required,אלא שלושה סוגים של עמודות.,,but three types of columns.,,Requirement,Control-linked,R-15; A-03,,,,,,Machine-only; human review needed,./2026-07-29-iris-supervisor-bilingual-transcript.he-en.md#s-0556
S-0557,00:25:09.650,00:25:11.790,Unresolved,Unknown,No automatic diarization; human audiovisual review required,אחד זה מטה-דאטה על המאמר.,,One is meta-data about the article.,,Requirement,Control-linked,R-15; A-03,,,,,,Machine-only; human review needed,./2026-07-29-iris-supervisor-bilingual-transcript.he-en.md#s-0557
S-0558,00:25:12.570,00:25:13.570,Unresolved,Unknown,No automatic diarization; human audiovisual review required,"איפה יתפרסם,",,"Where it will be published,",,Requirement,Control-linked,R-15; A-03,,,,,,Machine-only; human review needed,./2026-07-29-iris-supervisor-bilingual-transcript.he-en.md#s-0558
S-0559,00:25:13.670,00:25:14.430,Unresolved,Unknown,No automatic diarization; human audiovisual review required,"מי המחברים,",,"who the authors are,",,Requirement,Control-linked,R-15; A-03,,,,,,Machine-only; human review needed,./2026-07-29-iris-supervisor-bilingual-transcript.he-en.md#s-0559
S-0560,00:25:14.650,00:25:15.490,Unresolved,Unknown,No automatic diarization; human audiovisual review required,"באיזה שנה,",,"in which year,",,Requirement,Control-linked,R-15; A-03,,,,,,Machine-only; human review needed,./2026-07-29-iris-supervisor-bilingual-transcript.he-en.md#s-0560
S-0561,00:25:15.650,00:25:16.570,Unresolved,Unknown,No automatic diarization; human audiovisual review required,"באיזה מקום,",,"where,",,Requirement,Control-linked,R-15; A-03,,,,,,Machine-only; human review needed,./2026-07-29-iris-supervisor-bilingual-transcript.he-en.md#s-0561
S-0562,00:25:16.990,00:25:18.150,Unresolved,Unknown,No automatic diarization; human audiovisual review required,כל הדברים הטכניים.,,all the technical details.,,Requirement,Control-linked,R-15; A-03,,,,,,Machine-only; human review needed,./2026-07-29-iris-supervisor-bilingual-transcript.he-en.md#s-0562
S-0563,00:25:18.150,00:25:20.110,Unresolved,Unknown,No automatic diarization; human audiovisual review required,"הסוג השני,",,"The second type,",,Requirement,Control-linked,R-15; A-03,,,,,,Machine-only; human review needed,./2026-07-29-iris-supervisor-bilingual-transcript.he-en.md#s-0563
S-0564,00:25:20.670,00:25:23.150,Unresolved,Unknown,No automatic diarization; human audiovisual review required,זה היבטים מתודולוגיים.,,this is methodological aspects.,,Requirement,Control-linked,R-15; A-03,,,,,,Machine-only; human review needed,./2026-07-29-iris-supervisor-bilingual-transcript.he-en.md#s-0564
S-0565,00:25:23.950,00:25:26.030,Unresolved,Unknown,No automatic diarization; human audiovisual review required,"מה שאלת המחקר,",,"What the research question is,",,Requirement,Control-linked,R-15; A-03,,,,,,Machine-only; human review needed,./2026-07-29-iris-supervisor-bilingual-transcript.he-en.md#s-0565
S-0566,00:25:26.430,00:25:27.710,Unresolved,Unknown,No automatic diarization; human audiovisual review required,"או האובג'קטיב,",,"or the objective,",,Requirement,Control-linked,R-15; A-03,,,,,,Machine-only; human review needed,./2026-07-29-iris-supervisor-bilingual-transcript.he-en.md#s-0566
S-0567,00:25:28.110,00:25:29.570,Unresolved,Unknown,No automatic diarization; human audiovisual review required,"מה שיטת המחקר,",,what the research method is.,,Requirement,Control-linked,R-15; A-03,,,,,,Machine-only; human review needed,./2026-07-29-iris-supervisor-bilingual-transcript.he-en.md#s-0567
S-0568,00:25:29.690,00:25:30.490,Unresolved,Unknown,No automatic diarization; human audiovisual review required,"מה התוצרים,",,"What are the results,",,Requirement,Control-linked,R-15; A-03,,,,,,Machine-only; human review needed,./2026-07-29-iris-supervisor-bilingual-transcript.he-en.md#s-0568
S-0569,00:25:30.890,00:25:32.270,Unresolved,Unknown,No automatic diarization; human audiovisual review required,"האם יש להם דייטה סט,",,"do they have a dietary supplement,",,Requirement,Control-linked,R-15; A-03,,,,,,Machine-only; human review needed,./2026-07-29-iris-supervisor-bilingual-transcript.he-en.md#s-0569
S-0570,00:25:32.510,00:25:34.010,Unresolved,Unknown,No automatic diarization; human audiovisual review required,"או חומרים,",,"or materials,",,Requirement,Control-linked,R-15; A-03,,,,,,Machine-only; human review needed,./2026-07-29-iris-supervisor-bilingual-transcript.he-en.md#s-0570
S-0571,00:25:34.190,00:25:35.870,Unresolved,Unknown,No automatic diarization; human audiovisual review required,"אונליין מתיריילס,",,"online materials,",,Requirement,Control-linked,R-15; A-03,,,,,,Machine-only; human review needed,./2026-07-29-iris-supervisor-bilingual-transcript.he-en.md#s-0571
S-0572,00:25:36.390,00:25:38.190,Unresolved,Unknown,No automatic diarization; human audiovisual review required,"מה עם התוצאות,",,"what about the results,",,Requirement,Control-linked,R-15; A-03,,,,,,Machine-only; human review needed,./2026-07-29-iris-supervisor-bilingual-transcript.he-en.md#s-0572
S-0573,00:25:38.270,00:25:39.810,Unresolved,Unknown,No automatic diarization; human audiovisual review required,ומה עם המסקנות.,,and what about the conclusions.,,Requirement,Control-linked,R-15; A-03,,,,,,Machine-only; human review needed,./2026-07-29-iris-supervisor-bilingual-transcript.he-en.md#s-0573
S-0574,00:25:40.540,00:25:40.720,Unresolved,Unknown,No automatic diarization; human audiovisual review required,"אוקיי,",,"Okay,",,Requirement,Control-linked,R-15; A-03,,,,,,Machine-only; human review needed,./2026-07-29-iris-supervisor-bilingual-transcript.he-en.md#s-0574
S-0575,00:25:40.780,00:25:42.780,Unresolved,Unknown,No automatic diarization; human audiovisual review required,מה ההבדל בין ה-results ל-conclusions?,,what is the difference between the results and conclusions?,,Requirement,Control-linked,R-15; A-03,,,,,,Machine-only; human review needed,./2026-07-29-iris-supervisor-bilingual-transcript.he-en.md#s-0575
S-0576,00:25:45.640,00:25:45.820,Unresolved,Unknown,No automatic diarization; human audiovisual review required,"כן,",,"Yes,",,Requirement,Control-linked,R-15; A-03,,,,,,Machine-only; human review needed,./2026-07-29-iris-supervisor-bilingual-transcript.he-en.md#s-0576
S-0577,00:25:45.820,00:25:48.280,Unresolved,Unknown,No automatic diarization; human audiovisual review required,"אז תוצאות זה מה שאנחנו קיבלנו,",,"so these are the results that we got,",,Requirement,Control-linked,R-15; A-03,,,,,,Machine-only; human review needed,./2026-07-29-iris-supervisor-bilingual-transcript.he-en.md#s-0577
S-0578,00:25:48.380,00:25:49.540,Unresolved,Unknown,No automatic diarization; human audiovisual review required,ומסקנות זה...,,and conclusions are...,,Requirement,Control-linked,R-15; A-03,,,,,,Machine-only; human review needed,./2026-07-29-iris-supervisor-bilingual-transcript.he-en.md#s-0578
S-0579,00:25:49.540,00:25:51.360,Unresolved,Unknown,No automatic diarization; human audiovisual review required,אני מדברת על המאמרים.,,I'm talking about the articles.,,Requirement,Control-linked,R-15; A-03,,,,,,Machine-only; human review needed,./2026-07-29-iris-supervisor-bilingual-transcript.he-en.md#s-0579
S-0580,00:25:51.440,00:25:52.520,Unresolved,Unknown,No automatic diarization; human audiovisual review required,"מה שהם קיבלו,",,"what they received,",,Requirement,Control-linked,R-15; A-03,,,,,,Machine-only; human review needed,./2026-07-29-iris-supervisor-bilingual-transcript.he-en.md#s-0580
S-0581,00:25:52.580,00:25:52.960,Unresolved,Unknown,No automatic diarization; human audiovisual review required,"זאת אומרת,",,"which means,",,Requirement,Control-linked,R-15; A-03,,,,,,Machine-only; human review needed,./2026-07-29-iris-supervisor-bilingual-transcript.he-en.md#s-0581
S-0582,00:25:52.980,00:25:54.080,Unresolved,Unknown,No automatic diarization; human audiovisual review required,"התוצאות שהם קיבלו,",,"the results they received,",,Requirement,Control-linked,R-15; A-03,,,,,,Machine-only; human review needed,./2026-07-29-iris-supervisor-bilingual-transcript.he-en.md#s-0582
S-0583,00:25:54.140,00:25:54.360,Unresolved,Unknown,No automatic diarization; human audiovisual review required,"כן,",,"yes,",,Requirement,Control-linked,R-15; A-03,,,,,,Machine-only; human review needed,./2026-07-29-iris-supervisor-bilingual-transcript.he-en.md#s-0583
S-0584,00:25:55.200,00:25:56.080,Unresolved,Unknown,No automatic diarization; human audiovisual review required,ו-conclusions.,,and conclusions.,,Requirement,Control-linked,R-15; A-03,,,,,,Machine-only; human review needed,./2026-07-29-iris-supervisor-bilingual-transcript.he-en.md#s-0584
S-0585,00:25:57.550,00:25:59.730,Unresolved,Unknown,No automatic diarization; human audiovisual review required,וזה מה שאנחנו מסיקים מהמאמר.,,and this is what we infer from the article.,,Requirement,Control-linked,R-15; A-03,,,,,,Machine-only; human review needed,./2026-07-29-iris-supervisor-bilingual-transcript.he-en.md#s-0585
S-0586,00:25:59.950,00:26:00.770,Unresolved,Unknown,No automatic diarization; human audiovisual review required,"זאת אומרת,",,"This means,",,Requirement,Control-linked,R-15; A-03,,,,,,Machine-only; human review needed,./2026-07-29-iris-supervisor-bilingual-transcript.he-en.md#s-0586
S-0587,00:26:00.850,00:26:02.750,Unresolved,Unknown,No automatic diarization; human audiovisual review required,מה הם השיגו...,,What did they achieve...,,Requirement,Control-linked,R-15; A-03,,,,,,Machine-only; human review needed,./2026-07-29-iris-supervisor-bilingual-transcript.he-en.md#s-0587
S-0588,00:26:02.750,00:26:03.210,Unresolved,Unknown,No automatic diarization; human audiovisual review required,"זאת אומרת,",,"This means,",,Requirement,Control-linked,R-15; A-03,,,,,,Machine-only; human review needed,./2026-07-29-iris-supervisor-bilingual-transcript.he-en.md#s-0588
S-0589,00:26:03.250,00:26:04.890,Unresolved,Unknown,No automatic diarization; human audiovisual review required,בעוד ש-results מדבר על,,While the results talk about,,Requirement,Control-linked,R-15; A-03,,,,,,Machine-only; human review needed,./2026-07-29-iris-supervisor-bilingual-transcript.he-en.md#s-0589
S-0590,00:26:04.890,00:26:08.490,Unresolved,Unknown,No automatic diarization; human audiovisual review required,"מה הם קיבלו או השיגו,",,"what they received or achieved,",,Requirement,Control-linked,R-15; A-03,,,,,,Machine-only; human review needed,./2026-07-29-iris-supervisor-bilingual-transcript.he-en.md#s-0590
S-0591,00:26:09.010,00:26:12.470,Unresolved,Unknown,No automatic diarization; human audiovisual review required,conclusion מדבר על so what.,,conclusion talks about so what.,,Requirement,Control-linked,R-15; A-03,,,,,,Machine-only; human review needed,./2026-07-29-iris-supervisor-bilingual-transcript.he-en.md#s-0591
S-0592,00:26:13.010,00:26:14.750,Unresolved,Unknown,No automatic diarization; human audiovisual review required,למה זה מעניין בכלל שהם מקיבלו את זה?,,Why is it interesting at all that they receive this?,,Requirement,Control-linked,R-15; A-03,,,,,,Machine-only; human review needed,./2026-07-29-iris-supervisor-bilingual-transcript.he-en.md#s-0592
S-0593,00:26:14.750,00:26:15.090,Unresolved,Unknown,No automatic diarization; human audiovisual review required,"בסדר,",,"Okay,",,Requirement,Control-linked,R-15; A-03,,,,,,Machine-only; human review needed,./2026-07-29-iris-supervisor-bilingual-transcript.he-en.md#s-0593
S-0594,00:26:15.190,00:26:16.690,Unresolved,Unknown,No automatic diarization; human audiovisual review required,"הם קיבלו איזושהי תוצאה,",,"They received some result,",,Requirement,Control-linked,R-15; A-03,,,,,,Machine-only; human review needed,./2026-07-29-iris-supervisor-bilingual-transcript.he-en.md#s-0594
S-0595,00:26:16.990,00:26:18.190,Unresolved,Unknown,No automatic diarization; human audiovisual review required,"והאינדקס הזה קיבל,",,"and this index got,",,Requirement,Control-linked,R-15; A-03,,,,,,Machine-only; human review needed,./2026-07-29-iris-supervisor-bilingual-transcript.he-en.md#s-0595
S-0596,00:26:18.330,00:26:18.830,Unresolved,Unknown,No automatic diarization; human audiovisual review required,"לא יודעת,",,"I don't know,",,Requirement,Control-linked,R-15; A-03,,,,,,Machine-only; human review needed,./2026-07-29-iris-supervisor-bilingual-transcript.he-en.md#s-0596
S-0597,00:26:18.850,00:26:19.630,Unresolved,Unknown,No automatic diarization; human audiovisual review required,איזשהו מספר.,,Some number.,,Requirement,Control-linked,R-15; A-03,,,,,,Machine-only; human review needed,./2026-07-29-iris-supervisor-bilingual-transcript.he-en.md#s-0597
S-0598,00:26:19.770,00:26:20.130,Unresolved,Unknown,No automatic diarization; human audiovisual review required,אז מה?,,So what?,,Requirement,Control-linked,R-15; A-03,,,,,,Machine-only; human review needed,./2026-07-29-iris-supervisor-bilingual-transcript.he-en.md#s-0598
S-0599,00:26:20.390,00:26:21.340,Unresolved,Unknown,No automatic diarization; human audiovisual review required,אוקיי?,,Okay?,,Requirement,Control-linked,R-15; A-03,,,,,,Machine-only; human review needed,./2026-07-29-iris-supervisor-bilingual-transcript.he-en.md#s-0599
S-0600,00:26:21.540,00:26:23.020,Unresolved,Unknown,No automatic diarization; human audiovisual review required,אז ה-conclusions זה מביא אותך,,So the conclusions bring you,,Requirement,Control-linked,R-15; A-03,,,,,,Machine-only; human review needed,./2026-07-29-iris-supervisor-bilingual-transcript.he-en.md#s-0600
S-0601,00:26:23.020,00:26:24.840,Unresolved,Unknown,No automatic diarization; human audiovisual review required,עוד שלב לקראת הדברים.,,to another stage regarding these things.,,Requirement,Control-linked,R-15; A-03,,,,,,Machine-only; human review needed,./2026-07-29-iris-supervisor-bilingual-transcript.he-en.md#s-0601
S-0602,00:26:24.960,00:26:26.500,Unresolved,Unknown,No automatic diarization; human audiovisual review required,אז אני כן רוצה ש...,,So I do want that...,,Requirement,Control-linked,R-15; A-03,,,,,,Machine-only; human review needed,./2026-07-29-iris-supervisor-bilingual-transcript.he-en.md#s-0602
S-0603,00:26:26.500,00:26:28.400,Unresolved,Unknown,No automatic diarization; human audiovisual review required,"אם הם מתארים,",,"If they describe,",,Requirement,Control-linked,R-15; A-03,,,,,,Machine-only; human review needed,./2026-07-29-iris-supervisor-bilingual-transcript.he-en.md#s-0603
S-0604,00:26:28.480,00:26:30.500,Unresolved,Unknown,No automatic diarization; human audiovisual review required,ואם לא אתה תיתן את האינטרפריטציה,,And if you don't give the interpretation,,Requirement,Control-linked,R-15; A-03,,,,,,Machine-only; human review needed,./2026-07-29-iris-supervisor-bilingual-transcript.he-en.md#s-0604
S-0605,00:26:30.500,00:26:31.840,Unresolved,Unknown,No automatic diarization; human audiovisual review required,"של הריזנקס של ה-conclusions,",,"of the H-reznaks in the conclusions,",,Requirement,Control-linked,R-15; A-03,,,,,,Machine-only; human review needed,./2026-07-29-iris-supervisor-bilingual-transcript.he-en.md#s-0605
S-0606,00:26:32.220,00:26:32.600,Unresolved,Unknown,No automatic diarization; human audiovisual review required,אז...,,then...,,Requirement,Control-linked,R-15; A-03,,,,,,Machine-only; human review needed,./2026-07-29-iris-supervisor-bilingual-transcript.he-en.md#s-0606
S-0607,00:26:32.600,00:26:34.060,Unresolved,Unknown,No automatic diarization; human audiovisual review required,לחבר את זה ל-Iuskis שלנו.,,add it to our Iuskis.,,Requirement,Control-linked,R-15; A-03,,,,,,Machine-only; human review needed,./2026-07-29-iris-supervisor-bilingual-transcript.he-en.md#s-0607
S-0608,00:26:34.720,00:26:34.800,Unresolved,Unknown,No automatic diarization; human audiovisual review required,כן.,,Yes.,,Requirement,Control-linked,R-15; A-03,,,,,,Machine-only; human review needed,./2026-07-29-iris-supervisor-bilingual-transcript.he-en.md#s-0608
S-0609,00:26:35.080,00:26:35.600,Unresolved,Unknown,No automatic diarization; human audiovisual review required,"רגע,",,"Hold on,",,Requirement,Control-linked,R-15; A-03,,,,,,Machine-only; human review needed,./2026-07-29-iris-supervisor-bilingual-transcript.he-en.md#s-0609
S-0610,00:26:35.660,00:26:36.100,Unresolved,Unknown,No automatic diarization; human audiovisual review required,זה עוד לא.,,this is not yet.,,Requirement,Control-linked,R-15; A-03,,,,,,Machine-only; human review needed,./2026-07-29-iris-supervisor-bilingual-transcript.he-en.md#s-0610
S-0611,00:26:36.300,00:26:36.760,Unresolved,Unknown,No automatic diarization; human audiovisual review required,זה עוד לא.,,This is not yet.,,Requirement,Control-linked,R-15; A-03,,,,,,Machine-only; human review needed,./2026-07-29-iris-supervisor-bilingual-transcript.he-en.md#s-0611
S-0612,00:26:36.940,00:26:38.520,Unresolved,Unknown,No automatic diarization; human audiovisual review required,ב-conclusions זה מה הם אומרים,,"In the conclusions, what do they say",,Requirement,Control-linked,R-15; A-03,,,,,,Machine-only; human review needed,./2026-07-29-iris-supervisor-bilingual-transcript.he-en.md#s-0612
S-0613,00:26:38.520,00:26:40.160,Unresolved,Unknown,No automatic diarization; human audiovisual review required,שהם תאמור לנולדג' בייס.,,that you will say it's a leading Bayesian.,,Requirement,Control-linked,R-15; A-03,,,,,,Machine-only; human review needed,./2026-07-29-iris-supervisor-bilingual-transcript.he-en.md#s-0613
S-0614,00:26:40.720,00:26:41.100,Unresolved,Unknown,No automatic diarization; human audiovisual review required,הבנתי.,,I understand.,,Requirement,Control-linked,R-15; A-03,,,,,,Machine-only; human review needed,./2026-07-29-iris-supervisor-bilingual-transcript.he-en.md#s-0614
S-0615,00:26:41.120,00:26:42.200,Unresolved,Unknown,No automatic diarization; human audiovisual review required,"ואז הסוג השלישי,",,"And then the third type,",,Requirement,Control-linked,R-15; A-03,,,,,,Machine-only; human review needed,./2026-07-29-iris-supervisor-bilingual-transcript.he-en.md#s-0615
S-0616,00:26:42.260,00:26:43.140,Unresolved,Unknown,No automatic diarization; human audiovisual review required,זה בדיוק מה שאתה אומר.,,that's exactly what you're saying.,,Requirement,Control-linked,R-15; A-03,,,,,,Machine-only; human review needed,./2026-07-29-iris-supervisor-bilingual-transcript.he-en.md#s-0616
S-0617,00:26:43.520,00:26:44.520,Unresolved,Unknown,No automatic diarization; human audiovisual review required,"בסוג השלישי,",,"In the third type,",,Requirement,Control-linked,R-15; A-03,,,,,,Machine-only; human review needed,./2026-07-29-iris-supervisor-bilingual-transcript.he-en.md#s-0617
S-0618,00:26:44.800,00:26:45.920,Unresolved,Unknown,No automatic diarization; human audiovisual review required,"של העמודות,",,"of the columns,",,Requirement,Control-linked,R-15; A-03,,,,,,Machine-only; human review needed,./2026-07-29-iris-supervisor-bilingual-transcript.he-en.md#s-0618
S-0619,00:26:46.220,00:26:46.700,Unresolved,Unknown,No automatic diarization; human audiovisual review required,"זה בעצם,",,"it's basically,",,Requirement,Control-linked,R-15; A-03,,,,,,Machine-only; human review needed,./2026-07-29-iris-supervisor-bilingual-transcript.he-en.md#s-0619
S-0620,00:26:46.700,00:26:48.240,Unresolved,Unknown,No automatic diarization; human audiovisual review required,איך אתה הולך להציג את זה?,,how are you going to present this?,,Requirement,Control-linked,R-15; A-03,,,,,,Machine-only; human review needed,./2026-07-29-iris-supervisor-bilingual-transcript.he-en.md#s-0620
S-0621,00:26:48.720,00:26:52.260,Unresolved,Unknown,No automatic diarization; human audiovisual review required,איך זה מתחבר ל-Iuskis שלך?,,How does this connect to your Iuskis?,,Requirement,Control-linked,R-15; A-03,,,,,,Machine-only; human review needed,./2026-07-29-iris-supervisor-bilingual-transcript.he-en.md#s-0621
S-0622,00:26:53.460,00:26:54.880,Unresolved,Unknown,No automatic diarization; human audiovisual review required,"האם יש איזה שם,",,"Is there any name,",,Requirement,Control-linked,R-15; A-03; Q-04,,,,,,Machine-only; human review needed,./2026-07-29-iris-supervisor-bilingual-transcript.he-en.md#s-0622
S-0623,00:26:55.280,00:26:57.520,Unresolved,Unknown,No automatic diarization; human audiovisual review required,צורה שבה אתה רוצה,,format in which you want,,Requirement,Control-linked,R-15; A-03; Q-04,,,,,,Machine-only; human review needed,./2026-07-29-iris-supervisor-bilingual-transcript.he-en.md#s-0623
S-0624,00:26:57.520,00:26:59.480,Unresolved,Unknown,No automatic diarization; human audiovisual review required,לקטלג את העבודות,,to catalog the works,,Requirement,Control-linked,R-15; A-03; Q-04,,,,,,Machine-only; human review needed,./2026-07-29-iris-supervisor-bilingual-transcript.he-en.md#s-0624
S-0625,00:26:59.480,00:27:01.260,Unresolved,Unknown,No automatic diarization; human audiovisual review required,"בצורה מסוימת,",,"in a certain way,",,Requirement,Control-linked,R-15; A-03; Q-04,,,,,,Machine-only; human review needed,./2026-07-29-iris-supervisor-bilingual-transcript.he-en.md#s-0625
S-0626,00:27:01.260,00:27:02.760,Unresolved,Unknown,No automatic diarization; human audiovisual review required,"כל אלה מדברות על X,",,"all of these speak about X,",,Requirement,Control-linked,R-15; A-03; Q-04,,,,,,Machine-only; human review needed,./2026-07-29-iris-supervisor-bilingual-transcript.he-en.md#s-0626
S-0627,00:27:02.940,00:27:04.000,Unresolved,Unknown,No automatic diarization; human audiovisual review required,"כל אלה מדברות על Y,",,"all of these speak about Y,",,Requirement,Control-linked,R-15; A-03; Q-04,,,,,,Machine-only; human review needed,./2026-07-29-iris-supervisor-bilingual-transcript.he-en.md#s-0627
S-0628,00:27:04.100,00:27:05.220,Unresolved,Unknown,No automatic diarization; human audiovisual review required,אז ממש יהיה לך עמודה,,so you will really have a column,,Requirement,Control-linked,R-15; A-03; Q-04,,,,,,Machine-only; human review needed,./2026-07-29-iris-supervisor-bilingual-transcript.he-en.md#s-0628
S-0629,00:27:05.220,00:27:06.680,Unresolved,Unknown,No automatic diarization; human audiovisual review required,"שהיא קומבו בוקס,",,"that's a combo box,",,Requirement,Control-linked,R-16; A-03; Q-04,,,,,,Machine-only; human review needed,./2026-07-29-iris-supervisor-bilingual-transcript.he-en.md#s-0629
S-0630,00:27:06.720,00:27:07.920,Unresolved,Unknown,No automatic diarization; human audiovisual review required,"שאומר מי זה X,",,"who says who is X,",,Requirement,Control-linked,R-16; A-03; Q-04,,,,,,Machine-only; human review needed,./2026-07-29-iris-supervisor-bilingual-transcript.he-en.md#s-0630
S-0631,00:27:08.000,00:27:08.460,Unresolved,Unknown,No automatic diarization; human audiovisual review required,"מי זה Y,",,"who is Y,",,Requirement,Control-linked,R-16; A-03; Q-04,,,,,,Machine-only; human review needed,./2026-07-29-iris-supervisor-bilingual-transcript.he-en.md#s-0631
S-0632,00:27:08.540,00:27:09.700,Unresolved,Unknown,No automatic diarization; human audiovisual review required,ומי זה הדברים האלה.,,and who are these things.,,Requirement,Control-linked,R-16; A-03; Q-04,,,,,,Machine-only; human review needed,./2026-07-29-iris-supervisor-bilingual-transcript.he-en.md#s-0632
S-0633,00:27:10.120,00:27:10.540,Unresolved,Unknown,No automatic diarization; human audiovisual review required,"זה בעצם,",,"it's basically,",,Requirement,Control-linked,R-16; A-03,,,,,,Machine-only; human review needed,./2026-07-29-iris-supervisor-bilingual-transcript.he-en.md#s-0633
S-0634,00:27:10.620,00:27:11.880,Unresolved,Unknown,No automatic diarization; human audiovisual review required,העמודות האלה יעזרו לך,,these columns will help you,,Requirement,Control-linked,R-16; A-03,,,,,,Machine-only; human review needed,./2026-07-29-iris-supervisor-bilingual-transcript.he-en.md#s-0634
S-0635,00:27:11.880,00:27:12.540,Unresolved,Unknown,No automatic diarization; human audiovisual review required,לשני דברים.,,with two things.,,Requirement,Control-linked,R-16; A-03,,,,,,Machine-only; human review needed,./2026-07-29-iris-supervisor-bilingual-transcript.he-en.md#s-0635
S-0636,00:27:13.040,00:27:13.440,Unresolved,Unknown,No automatic diarization; human audiovisual review required,"א',",,"A',",,Requirement,Control-linked,R-16; A-03,,,,,,Machine-only; human review needed,./2026-07-29-iris-supervisor-bilingual-transcript.he-en.md#s-0636
S-0637,00:27:13.440,00:27:16.260,Unresolved,Unknown,No automatic diarization; human audiovisual review required,"לעשות סקירת ספות,",,"to do a literature review,",,Requirement,Control-linked,R-16; A-03,,,,,,Machine-only; human review needed,./2026-07-29-iris-supervisor-bilingual-transcript.he-en.md#s-0637
S-0638,00:27:16.380,00:27:18.240,Unresolved,Unknown,No automatic diarization; human audiovisual review required,"לא לזכור כל עבודה בדפרד,",,"not to remember every work in detail from DPD,",,Requirement,Control-linked,R-16; A-03,,,,,,Machine-only; human review needed,./2026-07-29-iris-supervisor-bilingual-transcript.he-en.md#s-0638
S-0639,00:27:18.300,00:27:21.000,Unresolved,Unknown,No automatic diarization; human audiovisual review required,"אלא לפי קבוצות של עבודות,",,"but by groups of works,",,Requirement,Control-linked,R-16; A-03,,,,,,Machine-only; human review needed,./2026-07-29-iris-supervisor-bilingual-transcript.he-en.md#s-0639
S-0640,00:27:21.280,00:27:22.560,Unresolved,Unknown,No automatic diarization; human audiovisual review required,"ובטאיק בדיוק מה שאמרת,",,V'betayik恰好你所说的，,,Requirement,Control-linked,R-16; A-03,,,,,,Machine-only; human review needed,./2026-07-29-iris-supervisor-bilingual-transcript.he-en.md#s-0640
S-0641,00:27:22.660,00:27:24.260,Unresolved,Unknown,No automatic diarization; human audiovisual review required,"להדגים את הגפ,",,"to demonstrate the GPA,",,Requirement,Control-linked,R-16; A-03,,,,,,Machine-only; human review needed,./2026-07-29-iris-supervisor-bilingual-transcript.he-en.md#s-0641
S-0642,00:27:24.900,00:27:26.700,Unresolved,Unknown,No automatic diarization; human audiovisual review required,איך זה קשור לדברים,,how this is related to things,,Requirement,Control-linked,R-16; A-03,,,,,,Machine-only; human review needed,./2026-07-29-iris-supervisor-bilingual-transcript.he-en.md#s-0642
S-0643,00:27:26.700,00:27:28.140,Unresolved,Unknown,No automatic diarization; human audiovisual review required,של מה שאתה עושה.,,that you are doing.,,Requirement,Control-linked,R-16; A-03,,,,,,Machine-only; human review needed,./2026-07-29-iris-supervisor-bilingual-transcript.he-en.md#s-0643
S-0644,00:27:28.660,00:27:28.880,Unresolved,Unknown,No automatic diarization; human audiovisual review required,אוקיי?,,okay?,,Requirement,Control-linked,R-16; A-03,,,,,,Machine-only; human review needed,./2026-07-29-iris-supervisor-bilingual-transcript.he-en.md#s-0644
S-0645,00:27:29.570,00:27:31.710,Unresolved,Unknown,No automatic diarization; human audiovisual review required,"אז זה תנהל לך איזשהו אקסל,",,"so this will handle some Excel for you,",,Requirement,Control-linked,R-16; A-03,,,,,,Machine-only; human review needed,./2026-07-29-iris-supervisor-bilingual-transcript.he-en.md#s-0645
S-0646,00:27:31.710,00:27:32.750,Unresolved,Unknown,No automatic diarization; human audiovisual review required,האקסל הזה לא ייגמר,,this Excel won't end,,Requirement,Control-linked,R-16; A-03,,,,,,Machine-only; human review needed,./2026-07-29-iris-supervisor-bilingual-transcript.he-en.md#s-0646
S-0647,00:27:32.750,00:27:33.790,Unresolved,Unknown,No automatic diarization; human audiovisual review required,"כשתגיש את העבודה,",,"When you approach the work,",,Requirement,Control-linked,R-16; A-03,,,,,,Machine-only; human review needed,./2026-07-29-iris-supervisor-bilingual-transcript.he-en.md#s-0647
S-0648,00:27:33.790,00:27:35.970,Unresolved,Unknown,No automatic diarization; human audiovisual review required,"את ההצעה,",,"or the proposal,",,Requirement,Control-linked,R-16; A-03,,,,,,Machine-only; human review needed,./2026-07-29-iris-supervisor-bilingual-transcript.he-en.md#s-0648
S-0649,00:27:36.010,00:27:37.210,Unresolved,Unknown,No automatic diarization; human audiovisual review required,אלא הוא ילווה אותך,,Or he will accompany you,,Requirement,Control-linked,R-16; A-03,,,,,,Machine-only; human review needed,./2026-07-29-iris-supervisor-bilingual-transcript.he-en.md#s-0649
S-0650,00:27:37.210,00:27:38.370,Unresolved,Unknown,No automatic diarization; human audiovisual review required,"לא עורך כל הדוקטורט,",,"not that he will accompany you,",,Requirement,Control-linked,R-16; A-03,,,,,,Machine-only; human review needed,./2026-07-29-iris-supervisor-bilingual-transcript.he-en.md#s-0650
S-0651,00:27:38.430,00:27:40.190,Unresolved,Unknown,No automatic diarization; human audiovisual review required,"כי כל הזמן יש עבודות חדשות,",,"for there are always new papers,",,Requirement,Control-linked,R-16; A-03,,,,,,Machine-only; human review needed,./2026-07-29-iris-supervisor-bilingual-transcript.he-en.md#s-0651
S-0652,00:27:40.510,00:27:41.910,Unresolved,Unknown,No automatic diarization; human audiovisual review required,וכל הזמן אתה מגלה עבודות,,and all the time you discover papers,,Requirement,Control-linked,R-16; A-03,,,,,,Machine-only; human review needed,./2026-07-29-iris-supervisor-bilingual-transcript.he-en.md#s-0652
S-0653,00:27:41.910,00:27:43.830,Unresolved,Unknown,No automatic diarization; human audiovisual review required,"שבהתחלה חשבת שהן לא רלוונטיות,",,"that at first you thought were irrelevant,",,Requirement,Control-linked,R-16; A-03,,,,,,Machine-only; human review needed,./2026-07-29-iris-supervisor-bilingual-transcript.he-en.md#s-0653
S-0654,00:27:43.930,00:27:45.030,Unresolved,Unknown,No automatic diarization; human audiovisual review required,ועכשיו הן רלוונטיות.,,but now they are relevant.,,Requirement,Control-linked,R-16; A-03,,,,,,Machine-only; human review needed,./2026-07-29-iris-supervisor-bilingual-transcript.he-en.md#s-0654
S-0655,00:27:45.530,00:27:47.370,Unresolved,Unknown,No automatic diarization; human audiovisual review required,"אז שיהיה לך איזשהו אקסל כזה,",,So have some Excel sheet like this.,,Requirement,Control-linked,R-16; A-03,,,,,,Machine-only; human review needed,./2026-07-29-iris-supervisor-bilingual-transcript.he-en.md#s-0655
S-0656,00:27:47.450,00:27:48.070,Unresolved,Unknown,No automatic diarization; human audiovisual review required,לדבר הזה.,,To this matter.,,Requirement,Control-linked,R-16; A-03,,,,,,Machine-only; human review needed,./2026-07-29-iris-supervisor-bilingual-transcript.he-en.md#s-0656
S-0657,00:27:48.510,00:27:50.610,Unresolved,Unknown,No automatic diarization; human audiovisual review required,"אז מה שאני מציעה לפעם הבאה,",,"So what I suggest for next time,",,Requirement,Control-linked,R-01; R-14; A-01; A-03,,,,,,Machine-only; human review needed,./2026-07-29-iris-supervisor-bilingual-transcript.he-en.md#s-0657
S-0658,00:27:50.650,00:27:52.510,Unresolved,Unknown,No automatic diarization; human audiovisual review required,"זה באמת לנסח את השאלות,",,"is really to formulate the questions,",,Requirement,Control-linked,R-01; R-14; A-01; A-03,,,,,,Machine-only; human review needed,./2026-07-29-iris-supervisor-bilingual-transcript.he-en.md#s-0658
S-0659,00:27:53.470,00:27:54.890,Unresolved,Unknown,No automatic diarization; human audiovisual review required,"את השאלה המרכזית,",,"the central question,",,Requirement,Control-linked,R-01; R-14; A-01; A-03,,,,,,Machine-only; human review needed,./2026-07-29-iris-supervisor-bilingual-transcript.he-en.md#s-0659
S-0660,00:27:54.950,00:27:55.930,Unresolved,Unknown,No automatic diarization; human audiovisual review required,"ואת עתה השאלות,",,"and now the questions,",,Requirement,Control-linked,R-01; R-14; A-01; A-03,,,,,,Machine-only; human review needed,./2026-07-29-iris-supervisor-bilingual-transcript.he-en.md#s-0660
S-0661,00:27:56.690,00:28:00.450,Unresolved,Unknown,No automatic diarization; human audiovisual review required,"ולהגדיר איזה עבודות,",,"and define which papers,",,Requirement,Control-linked,R-14; A-02; A-03,,,,,,Machine-only; human review needed,./2026-07-29-iris-supervisor-bilingual-transcript.he-en.md#s-0661
S-0662,00:28:00.450,00:28:03.670,Unresolved,Unknown,No automatic diarization; human audiovisual review required,"איזה סוג של related work אתה רוצה לעשות,",,"what type of related work you want to do,",,Requirement,Control-linked,R-14; A-02; A-03,,,,,,Machine-only; human review needed,./2026-07-29-iris-supervisor-bilingual-transcript.he-en.md#s-0662
S-0663,00:28:03.790,00:28:06.410,Unresolved,Unknown,No automatic diarization; human audiovisual review required,ושיהיה לך כבר את הטמפלייט של האקסל הזה.,,and already have the template of this Excel sheet.,,Requirement,Control-linked,R-14; A-03,,,,,,Machine-only; human review needed,./2026-07-29-iris-supervisor-bilingual-transcript.he-en.md#s-0663
S-0664,00:28:07.010,00:28:08.210,Unresolved,Unknown,No automatic diarization; human audiovisual review required,"אם יש לך כמה עבודות,",,"If you have a few papers,",,Requirement,Control-linked,R-14; A-03,,,,,,Machine-only; human review needed,./2026-07-29-iris-supervisor-bilingual-transcript.he-en.md#s-0664
S-0665,00:28:08.310,00:28:08.670,Unresolved,Unknown,No automatic diarization; human audiovisual review required,מה טוב?,,What's good?,,Requirement,Control-linked,R-14; A-03,,,,,,Machine-only; human review needed,./2026-07-29-iris-supervisor-bilingual-transcript.he-en.md#s-0665
S-0666,00:28:08.790,00:28:09.930,Unresolved,Unknown,No automatic diarization; human audiovisual review required,"אם פחות,",,"If less,",,Requirement,Control-linked,R-14; A-03,,,,,,Machine-only; human review needed,./2026-07-29-iris-supervisor-bilingual-transcript.he-en.md#s-0666
S-0667,00:28:10.010,00:28:10.890,Unresolved,Unknown,No automatic diarization; human audiovisual review required,אז פחות.,,Then less.,,Requirement,Control-linked,R-14; A-03,,,,,,Machine-only; human review needed,./2026-07-29-iris-supervisor-bilingual-transcript.he-en.md#s-0667
S-0668,00:28:12.930,00:28:13.850,Unresolved,Unknown,No automatic diarization; human audiovisual review required,"כן, הבנתי.",,"Yes, I understand.",,Context,Human-review-needed,,,,,,,Machine-only; human review needed,./2026-07-29-iris-supervisor-bilingual-transcript.he-en.md#s-0668
S-0669,00:28:15.180,00:28:15.680,Unresolved,Unknown,No automatic diarization; human audiovisual review required,בסדר?,,Is it okay?,,Context,Human-review-needed,,,,,,,Machine-only; human review needed,./2026-07-29-iris-supervisor-bilingual-transcript.he-en.md#s-0669
S-0670,00:28:15.940,00:28:16.160,Unresolved,Unknown,No automatic diarization; human audiovisual review required,בסדר.,,Okay.,,Context,Human-review-needed,,,,,,,Machine-only; human review needed,./2026-07-29-iris-supervisor-bilingual-transcript.he-en.md#s-0670
S-0671,00:28:17.290,00:28:18.170,Unresolved,Unknown,No automatic diarization; human audiovisual review required,"כן, בסדר.",,"Yes, okay.",,Context,Human-review-needed,,,,,,,Machine-only; human review needed,./2026-07-29-iris-supervisor-bilingual-transcript.he-en.md#s-0671
S-0672,00:28:20.170,00:28:20.850,Unresolved,Unknown,No automatic diarization; human audiovisual review required,"ולגבי,",,"And regarding,",,Requirement,Control-linked,R-18; A-13,,,,,,Machine-only; human review needed,./2026-07-29-iris-supervisor-bilingual-transcript.he-en.md#s-0672
S-0673,00:28:20.970,00:28:21.370,Unresolved,Unknown,No automatic diarization; human audiovisual review required,"בואו נגיד,",,"Let's say,",,Requirement,Control-linked,R-18; A-13,,,,,,Machine-only; human review needed,./2026-07-29-iris-supervisor-bilingual-transcript.he-en.md#s-0673
S-0674,00:28:21.430,00:28:22.510,Unresolved,Unknown,No automatic diarization; human audiovisual review required,"זה אנחנו עכשיו עושים,",,"This is what we're doing now,",,Requirement,Control-linked,R-18; A-13,,,,,,Machine-only; human review needed,./2026-07-29-iris-supervisor-bilingual-transcript.he-en.md#s-0674
S-0675,00:28:22.590,00:28:23.570,Unresolved,Unknown,No automatic diarization; human audiovisual review required,"מבחינת שבוע הבא,",,"For next week,",,Requirement,Control-linked,R-18; A-13,,,,,,Machine-only; human review needed,./2026-07-29-iris-supervisor-bilingual-transcript.he-en.md#s-0675
S-0676,00:28:24.170,00:28:25.490,Unresolved,Unknown,No automatic diarization; human audiovisual review required,"וכך אנחנו נמשיך,",,"And so we'll continue,",,Requirement,Control-linked,R-18; A-13,,,,,,Machine-only; human review needed,./2026-07-29-iris-supervisor-bilingual-transcript.he-en.md#s-0676
S-0677,00:28:25.850,00:28:27.770,Unresolved,Unknown,No automatic diarization; human audiovisual review required,"עד שיהיה לנו הכל מוכן,",,"Until everything is ready,",,Requirement,Control-linked,R-18; A-13,,,,,,Machine-only; human review needed,./2026-07-29-iris-supervisor-bilingual-transcript.he-en.md#s-0677
S-0678,00:28:27.770,00:28:28.990,Unresolved,Unknown,No automatic diarization; human audiovisual review required,"ואז אנחנו נגיש את הכל,",,"Then we'll make it all available,",,Requirement,Control-linked,R-18; A-13,,,,,,Machine-only; human review needed,./2026-07-29-iris-supervisor-bilingual-transcript.he-en.md#s-0678
S-0679,00:28:29.550,00:28:31.110,Unresolved,Unknown,No automatic diarization; human audiovisual review required,"עד תחילת אוקטובר,",,"Until the beginning of October,",,Requirement,Control-linked,R-18; A-13,,,,,,Machine-only; human review needed,./2026-07-29-iris-supervisor-bilingual-transcript.he-en.md#s-0679
S-0680,00:28:31.230,00:28:31.450,Unresolved,Unknown,No automatic diarization; human audiovisual review required,"כאילו,",,"As if,",,Requirement,Control-linked,R-18; A-13,,,,,,Machine-only; human review needed,./2026-07-29-iris-supervisor-bilingual-transcript.he-en.md#s-0680
S-0681,00:28:31.730,00:28:32.610,Unresolved,Unknown,No automatic diarization; human audiovisual review required,לפני אפילו אוקטובר.,,Even before October.,,Requirement,Control-linked,R-18; A-13,,,,,,Machine-only; human review needed,./2026-07-29-iris-supervisor-bilingual-transcript.he-en.md#s-0681
S-0682,00:28:32.650,00:28:34.310,Unresolved,Unknown,No automatic diarization; human audiovisual review required,אני מקווה שסוף סוף סוף סדר.,,I hope finally everything will be in order.,,Context,Human-review-needed,,,,,,,Machine-only; human review needed,./2026-07-29-iris-supervisor-bilingual-transcript.he-en.md#s-0682
S-0683,00:28:35.230,00:28:37.570,Unresolved,Unknown,No automatic diarization; human audiovisual review required,"אבל מה המגבלות שלנו מבחינת הדאטה,",,"But what are our limitations regarding the data,",,Context,Human-review-needed,,,,,,,Machine-only; human review needed,./2026-07-29-iris-supervisor-bilingual-transcript.he-en.md#s-0683
S-0684,00:28:37.650,00:28:37.950,Unresolved,Unknown,No automatic diarization; human audiovisual review required,"כאילו,",,"sort of,",,Context,Human-review-needed,,,,,,,Machine-only; human review needed,./2026-07-29-iris-supervisor-bilingual-transcript.he-en.md#s-0684
S-0685,00:28:38.430,00:28:40.530,Unresolved,Unknown,No automatic diarization; human audiovisual review required,"אם אנחנו עכשיו רוצים להכניס,",,"if we now want to introduce,",,Context,Human-review-needed,,,,,,,Machine-only; human review needed,./2026-07-29-iris-supervisor-bilingual-transcript.he-en.md#s-0685
S-0686,00:28:40.690,00:28:41.650,Unresolved,Unknown,No automatic diarization; human audiovisual review required,"איזשהו ויג או איי,",,"some VIG or II,",,Context,Human-review-needed,,,,,,,Machine-only; human review needed,./2026-07-29-iris-supervisor-bilingual-transcript.he-en.md#s-0686
S-0687,00:28:41.890,00:28:43.390,Unresolved,Unknown,No automatic diarization; human audiovisual review required,"או את הארכיטקטורה עצמה,",,"or the architecture itself,",,Context,Human-review-needed,,,,,,,Machine-only; human review needed,./2026-07-29-iris-supervisor-bilingual-transcript.he-en.md#s-0687
S-0688,00:28:43.390,00:28:44.970,Unresolved,Unknown,No automatic diarization; human audiovisual review required,"לתוך העולם הרפואי,",,"into the medical world,",,Context,Human-review-needed,,,,,,,Machine-only; human review needed,./2026-07-29-iris-supervisor-bilingual-transcript.he-en.md#s-0688
S-0689,00:28:45.550,00:28:46.990,Unresolved,Unknown,No automatic diarization; human audiovisual review required,"אז מבחינת דאטה,",,"then regarding data,",,Context,Human-review-needed,,,,,,,Machine-only; human review needed,./2026-07-29-iris-supervisor-bilingual-transcript.he-en.md#s-0689
S-0690,00:28:47.210,00:28:48.910,Unresolved,Unknown,No automatic diarization; human audiovisual review required,"זה גם יכול להיות מגבלה,",,"this could also be a limitation,",,Context,Human-review-needed,,,,,,,Machine-only; human review needed,./2026-07-29-iris-supervisor-bilingual-transcript.he-en.md#s-0690
S-0691,00:28:48.990,00:28:49.170,Unresolved,Unknown,No automatic diarization; human audiovisual review required,"כאילו,",,"sort of,",,Context,Human-review-needed,,,,,,,Machine-only; human review needed,./2026-07-29-iris-supervisor-bilingual-transcript.he-en.md#s-0691
S-0692,00:28:49.230,00:28:49.950,Unresolved,Unknown,No automatic diarization; human audiovisual review required,"בשבילנו,",,"for us,",,Context,Human-review-needed,,,,,,,Machine-only; human review needed,./2026-07-29-iris-supervisor-bilingual-transcript.he-en.md#s-0692
S-0693,00:28:50.090,00:28:50.250,Unresolved,Unknown,No automatic diarization; human audiovisual review required,"כאילו,",,"sort of,",,Context,Human-review-needed,,,,,,,Machine-only; human review needed,./2026-07-29-iris-supervisor-bilingual-transcript.he-en.md#s-0693
S-0694,00:28:50.330,00:28:51.550,Unresolved,Unknown,No automatic diarization; human audiovisual review required,"גם אם אנחנו נסיק דאטה,",,"even if we extract data,",,Context,Human-review-needed,,,,,,,Machine-only; human review needed,./2026-07-29-iris-supervisor-bilingual-transcript.he-en.md#s-0694
S-0695,00:28:51.550,00:28:52.390,Unresolved,Unknown,No automatic diarization; human audiovisual review required,"אז רגע,",,"well,",,Open question,Control-linked,Q-05,,,,,,Machine-only; human review needed,./2026-07-29-iris-supervisor-bilingual-transcript.he-en.md#s-0695
S-0696,00:28:52.390,00:28:55.550,Unresolved,Unknown,No automatic diarization; human audiovisual review required,"מבחינת דאטה לעולם הרפואי,",,"regarding data in the medical world,",,Open question,Control-linked,Q-05,,,,,,Machine-only; human review needed,./2026-07-29-iris-supervisor-bilingual-transcript.he-en.md#s-0696
S-0697,00:28:55.630,00:28:57.490,Unresolved,Unknown,No automatic diarization; human audiovisual review required,"אם אתה רוצה להתנסות או להבין אותו,",,"if you want to experiment or understand it,",,Open question,Control-linked,Q-05,,,,,,Machine-only; human review needed,./2026-07-29-iris-supervisor-bilingual-transcript.he-en.md#s-0697
S-0698,00:28:57.910,00:29:00.330,Unresolved,Unknown,No automatic diarization; human audiovisual review required,"יש אופן דאטה,",,"there is a way of data,",,Open question,Control-linked,Q-05,,,,,,Machine-only; human review needed,./2026-07-29-iris-supervisor-bilingual-transcript.he-en.md#s-0698
S-0699,00:29:00.910,00:29:02.510,Unresolved,Unknown,No automatic diarization; human audiovisual review required,"שאתה יכול כבר לגשת אליו,",,"that you can already approach,",,Open question,Control-linked,Q-05,,,,,,Machine-only; human review needed,./2026-07-29-iris-supervisor-bilingual-transcript.he-en.md#s-0699
S-0700,00:29:02.570,00:29:05.970,Unresolved,Unknown,No automatic diarization; human audiovisual review required,ולראות מה יכול להיות.,,and see what could be.,,Open question,Control-linked,Q-05,,,,,,Machine-only; human review needed,./2026-07-29-iris-supervisor-bilingual-transcript.he-en.md#s-0700
S-0701,00:29:06.980,00:29:07.220,Unresolved,Unknown,No automatic diarization; human audiovisual review required,אוקיי?,,Okay?,,Open question,Control-linked,Q-05,,,,,,Machine-only; human review needed,./2026-07-29-iris-supervisor-bilingual-transcript.he-en.md#s-0701
S-0702,00:29:07.820,00:29:08.140,Unresolved,Unknown,No automatic diarization; human audiovisual review required,אוקיי.,,Okay.,,Open question,Control-linked,Q-05,,,,,,Machine-only; human review needed,./2026-07-29-iris-supervisor-bilingual-transcript.he-en.md#s-0702
S-0703,00:29:08.700,00:29:09.900,Unresolved,Unknown,No automatic diarization; human audiovisual review required,"אתה זוכר,",,"You remember,",,Open question,Control-linked,Q-05,,,,,,Machine-only; human review needed,./2026-07-29-iris-supervisor-bilingual-transcript.he-en.md#s-0703
S-0704,00:29:10.600,00:29:14.280,Unresolved,Unknown,No automatic diarization; human audiovisual review required,את זה אני אפשר להעביר לך.,,I can pass this on to you.,,Open question,Control-linked,Q-05,,,,,,Machine-only; human review needed,./2026-07-29-iris-supervisor-bilingual-transcript.he-en.md#s-0704
S-0705,00:29:15.060,00:29:17.940,Unresolved,Unknown,No automatic diarization; human audiovisual review required,"יש דאטה סט שנקרא מימיק,",,"There's a dataset called MIMIC,",,Open question,Control-linked,Q-05,,,,,,Machine-only; human review needed,./2026-07-29-iris-supervisor-bilingual-transcript.he-en.md#s-0705
S-0706,00:29:19.010,00:29:21.170,Unresolved,Unknown,No automatic diarization; human audiovisual review required,"M-I-M-I-C,",,"M-I-M-I-C,",,Open question,Control-linked,Q-05,,,,,,Machine-only; human review needed,./2026-07-29-iris-supervisor-bilingual-transcript.he-en.md#s-0706
S-0707,00:29:21.170,00:29:24.430,Unresolved,Unknown,No automatic diarization; human audiovisual review required,"והוא בעצם,",,"and it basically is,",,Open question,Control-linked,Q-05,,,,,,Machine-only; human review needed,./2026-07-29-iris-supervisor-bilingual-transcript.he-en.md#s-0707
S-0708,00:29:24.990,00:29:26.270,Unresolved,Unknown,No automatic diarization; human audiovisual review required,"די הרבה רשומות,",,"quite a lot of records,",,Open question,Control-linked,Q-05,,,,,,Machine-only; human review needed,./2026-07-29-iris-supervisor-bilingual-transcript.he-en.md#s-0708
S-0709,00:29:26.310,00:29:27.250,Unresolved,Unknown,No automatic diarization; human audiovisual review required,"אני לא זוכר את המספרים,",,"I don't remember the numbers,",,Open question,Control-linked,Q-05,,,,,,Machine-only; human review needed,./2026-07-29-iris-supervisor-bilingual-transcript.he-en.md#s-0709
S-0710,00:29:27.730,00:29:29.630,Unresolved,Unknown,No automatic diarization; human audiovisual review required,של חדר מיון.,,for the clean room.,,Open question,Control-linked,Q-05,,,,,,Machine-only; human review needed,./2026-07-29-iris-supervisor-bilingual-transcript.he-en.md#s-0710
S-0711,00:29:30.580,00:29:30.860,Unresolved,Unknown,No automatic diarization; human audiovisual review required,אוקיי?,,Okay?,,Context,Human-review-needed,,,,,,,Machine-only; human review needed,./2026-07-29-iris-supervisor-bilingual-transcript.he-en.md#s-0711
S-0712,00:29:31.520,00:29:33.680,Unresolved,Unknown,No automatic diarization; human audiovisual review required,"מה שעשינו בתחילת הדרך,",,"What we did at the beginning,",,Context,Human-review-needed,,,,,,,Machine-only; human review needed,./2026-07-29-iris-supervisor-bilingual-transcript.he-en.md#s-0712
S-0713,00:29:34.220,00:29:35.240,Unresolved,Unknown,No automatic diarization; human audiovisual review required,"ואחרי זה עזבנו את זה,",,"and after that we left it,",,Context,Human-review-needed,,,,,,,Machine-only; human review needed,./2026-07-29-iris-supervisor-bilingual-transcript.he-en.md#s-0713
S-0714,00:29:35.280,00:29:36.060,Unresolved,Unknown,No automatic diarization; human audiovisual review required,"כי רצינו באמת,",,"because we really wanted to,",,Context,Human-review-needed,,,,,,,Machine-only; human review needed,./2026-07-29-iris-supervisor-bilingual-transcript.he-en.md#s-0714
S-0715,00:29:36.660,00:29:38.240,Unresolved,Unknown,No automatic diarization; human audiovisual review required,"דברים ספציפיים,",,"specific things,",,Context,Human-review-needed,,,,,,,Machine-only; human review needed,./2026-07-29-iris-supervisor-bilingual-transcript.he-en.md#s-0715
S-0716,00:29:39.080,00:29:40.480,Unresolved,Unknown,No automatic diarization; human audiovisual review required,"הסתכלנו,",,"we looked at,",,Context,Human-review-needed,,,,,,,Machine-only; human review needed,./2026-07-29-iris-supervisor-bilingual-transcript.he-en.md#s-0716
S-0717,00:29:40.580,00:29:42.920,Unresolved,Unknown,No automatic diarization; human audiovisual review required,"או התייעצנו ליתר דיוק עם קלוד,",,"or consulted more accurately with Claud,",,Context,Human-review-needed,,,,,,,Machine-only; human review needed,./2026-07-29-iris-supervisor-bilingual-transcript.he-en.md#s-0717
S-0718,00:29:42.920,00:29:46.360,Unresolved,Unknown,No automatic diarization; human audiovisual review required,"על גיידליינס שהם רלוונטיים לחדרי מיון,",,"on guidelines that are relevant for clean rooms,",,Context,Human-review-needed,,,,,,,Machine-only; human review needed,./2026-07-29-iris-supervisor-bilingual-transcript.he-en.md#s-0718
S-0719,00:29:47.090,00:29:49.490,Unresolved,Unknown,No automatic diarization; human audiovisual review required,ולדאטה סט הזה של מימיק.,,And for this data set of the MIMIC.,,Context,Human-review-needed,,,,,,,Machine-only; human review needed,./2026-07-29-iris-supervisor-bilingual-transcript.he-en.md#s-0719
S-0720,00:29:49.890,00:29:51.670,Unresolved,Unknown,No automatic diarization; human audiovisual review required,"אז אני יכולה לשתף איתך,",,"So I can share it with you,",,Requirement,Control-linked,R-17,,,,,,Machine-only; human review needed,./2026-07-29-iris-supervisor-bilingual-transcript.he-en.md#s-0720
S-0721,00:29:51.710,00:29:56.450,Unresolved,Unknown,No automatic diarization; human audiovisual review required,"בעצם מה שאני מציעה לך,",,"Essentially what I'm offering you is,",,Requirement,Control-linked,R-17,,,,,,Machine-only; human review needed,./2026-07-29-iris-supervisor-bilingual-transcript.he-en.md#s-0721
S-0722,00:29:56.950,00:29:57.770,Unresolved,Unknown,No automatic diarization; human audiovisual review required,זה כזה דבר.,,It's something like that.,,Requirement,Control-linked,R-17,,,,,,Machine-only; human review needed,./2026-07-29-iris-supervisor-bilingual-transcript.he-en.md#s-0722
S-0723,00:29:58.070,00:30:01.590,Unresolved,Unknown,No automatic diarization; human audiovisual review required,"תיצור גוגל דרייב,",,"Create a Google Drive,",,Requirement,Control-linked,R-17; A-04,,,,,,Machine-only; human review needed,./2026-07-29-iris-supervisor-bilingual-transcript.he-en.md#s-0723
S-0724,00:30:01.970,00:30:02.310,Unresolved,Unknown,No automatic diarization; human audiovisual review required,אוקיי?,,Okay?,,Requirement,Control-linked,R-17; A-04,,,,,,Machine-only; human review needed,./2026-07-29-iris-supervisor-bilingual-transcript.he-en.md#s-0724
S-0725,00:30:02.450,00:30:03.550,Unresolved,Unknown,No automatic diarization; human audiovisual review required,"גוגל דרייב,",,"Google Drive,",,Requirement,Control-linked,R-17; A-04,,,,,,Machine-only; human review needed,./2026-07-29-iris-supervisor-bilingual-transcript.he-en.md#s-0725
S-0726,00:30:03.770,00:30:04.970,Unresolved,Unknown,No automatic diarization; human audiovisual review required,"תקרא לו פי-אג'די,",,"Call it P-AGD,",,Requirement,Control-linked,R-17; A-04,,,,,,Machine-only; human review needed,./2026-07-29-iris-supervisor-bilingual-transcript.he-en.md#s-0726
S-0727,00:30:06.090,00:30:07.810,Unresolved,Unknown,No automatic diarization; human audiovisual review required,"עם הנושא,",,"With the topic,",,Requirement,Control-linked,R-17; A-04,,,,,,Machine-only; human review needed,./2026-07-29-iris-supervisor-bilingual-transcript.he-en.md#s-0727
S-0728,00:30:07.910,00:30:08.270,Unresolved,Unknown,No automatic diarization; human audiovisual review required,"עם השם,",,"With the name,",,Requirement,Control-linked,R-17; A-04,,,,,,Machine-only; human review needed,./2026-07-29-iris-supervisor-bilingual-transcript.he-en.md#s-0728
S-0729,00:30:08.330,00:30:08.730,Unresolved,Unknown,No automatic diarization; human audiovisual review required,"לא יודעת,",,"I don't know,",,Requirement,Control-linked,R-17; A-04,,,,,,Machine-only; human review needed,./2026-07-29-iris-supervisor-bilingual-transcript.he-en.md#s-0729
S-0730,00:30:08.770,00:30:11.450,Unresolved,Unknown,No automatic diarization; human audiovisual review required,משהו שגם לי יהיה משמעותי לדבר הזה.,,Something that will be significant for me regarding this.,,Requirement,Control-linked,R-17; A-04,,,,,,Machine-only; human review needed,./2026-07-29-iris-supervisor-bilingual-transcript.he-en.md#s-0730
S-0731,00:30:11.810,00:30:13.290,Unresolved,Unknown,No automatic diarization; human audiovisual review required,"תשים שם את כל הדברים,",,"Put everything there,",,Requirement,Control-linked,R-17; A-04,,,,,,Machine-only; human review needed,./2026-07-29-iris-supervisor-bilingual-transcript.he-en.md#s-0731
S-0732,00:30:13.390,00:30:14.790,Unresolved,Unknown,No automatic diarization; human audiovisual review required,"את כל התוצרים שיש לך עד עכשיו,",,"All the results you have so far,",,Requirement,Control-linked,R-17; A-04,,,,,,Machine-only; human review needed,./2026-07-29-iris-supervisor-bilingual-transcript.he-en.md#s-0732
S-0733,00:30:14.890,00:30:17.310,Unresolved,Unknown,No automatic diarization; human audiovisual review required,ושיהיו לך להמשך לשם.,,And keep it going from there.,,Requirement,Control-linked,R-17; A-04,,,,,,Machine-only; human review needed,./2026-07-29-iris-supervisor-bilingual-transcript.he-en.md#s-0733
S-0734,00:30:17.310,00:30:20.870,Unresolved,Unknown,No automatic diarization; human audiovisual review required,"אחרי שאני אקבל את ההזמנה לדבר הזה,",,"After I receive the invitation for this meeting,",,Requirement,Control-linked,R-17; A-04,,,,,,Machine-only; human review needed,./2026-07-29-iris-supervisor-bilingual-transcript.he-en.md#s-0734
S-0735,00:30:21.190,00:30:22.830,Unresolved,Unknown,No automatic diarization; human audiovisual review required,"אני אשים שם,",,"I'll put here,",,Requirement,Control-linked,R-17; A-04,,,,,,Machine-only; human review needed,./2026-07-29-iris-supervisor-bilingual-transcript.he-en.md#s-0735
S-0736,00:30:23.190,00:30:26.210,Unresolved,Unknown,No automatic diarization; human audiovisual review required,"גם קובץ אקסל הזה,",,Also this Excel file.,,Requirement,Control-linked,R-17; A-04,,,,,,Machine-only; human review needed,./2026-07-29-iris-supervisor-bilingual-transcript.he-en.md#s-0736
S-0737,00:30:26.310,00:30:27.810,Unresolved,Unknown,No automatic diarization; human audiovisual review required,"שאמרתי לך על הגיידליין,",,"I told you about the Gyldenstjerne,",,Requirement,Control-linked,R-17; A-04,,,,,,Machine-only; human review needed,./2026-07-29-iris-supervisor-bilingual-transcript.he-en.md#s-0737
S-0738,00:30:28.190,00:30:28.970,Unresolved,Unknown,No automatic diarization; human audiovisual review required,"וגם קובץ,",,"and also a file,",,Requirement,Control-linked,R-17; A-04,,,,,,Machine-only; human review needed,./2026-07-29-iris-supervisor-bilingual-transcript.he-en.md#s-0738
S-0739,00:30:29.470,00:30:34.450,Unresolved,Unknown,No automatic diarization; human audiovisual review required,וגם קישור למימיק.,,and a link to MIMIC.,,Requirement,Control-linked,R-17; A-04,,,,,,Machine-only; human review needed,./2026-07-29-iris-supervisor-bilingual-transcript.he-en.md#s-0739
S-0740,00:30:34.450,00:30:35.330,Unresolved,Unknown,No automatic diarization; human audiovisual review required,אוקיי?,,Okay?,,Requirement,Control-linked,R-11; A-08,,,,,,Machine-only; human review needed,./2026-07-29-iris-supervisor-bilingual-transcript.he-en.md#s-0740
S-0741,00:30:35.970,00:30:37.650,Unresolved,Unknown,No automatic diarization; human audiovisual review required,"ושם אתה תוכל בעצם,",,"And there you can actually,",,Requirement,Control-linked,R-11; A-08,,,,,,Machine-only; human review needed,./2026-07-29-iris-supervisor-bilingual-transcript.he-en.md#s-0741
S-0742,00:30:38.010,00:30:40.710,Unresolved,Unknown,No automatic diarization; human audiovisual review required,"להתחיל להסתכל גם על דאטה רפואית,",,"start looking at medical data,",,Requirement,Control-linked,R-11; A-08,,,,,,Machine-only; human review needed,./2026-07-29-iris-supervisor-bilingual-transcript.he-en.md#s-0742
S-0743,00:30:40.890,00:30:42.810,Unresolved,Unknown,No automatic diarization; human audiovisual review required,למרות שאין לנו עוד את הדברים האלה.,,despite not having those things anymore.,,Requirement,Control-linked,R-11; A-08,,,,,,Machine-only; human review needed,./2026-07-29-iris-supervisor-bilingual-transcript.he-en.md#s-0743
S-0744,00:30:43.830,00:30:44.270,Unresolved,Unknown,No automatic diarization; human audiovisual review required,ריבנתי.,,I grew up.,,Requirement,Control-linked,R-11; A-08,,,,,,Machine-only; human review needed,./2026-07-29-iris-supervisor-bilingual-transcript.he-en.md#s-0744
S-0745,00:30:44.630,00:30:44.750,Unresolved,Unknown,No automatic diarization; human audiovisual review required,כן.,,Yes.,,Requirement,Control-linked,R-11; A-08,,,,,,Machine-only; human review needed,./2026-07-29-iris-supervisor-bilingual-transcript.he-en.md#s-0745
S-0746,00:30:45.030,00:30:45.530,Unresolved,Unknown,No automatic diarization; human audiovisual review required,"אז אני כן,",,"So yes,",,Requirement,Control-linked,R-11; A-08,,,,,,Machine-only; human review needed,./2026-07-29-iris-supervisor-bilingual-transcript.he-en.md#s-0746
S-0747,00:30:45.610,00:30:46.970,Unresolved,Unknown,No automatic diarization; human audiovisual review required,"להסתכל איך זה נראה,",,"to see how it looks,",,Requirement,Control-linked,R-11; A-08,,,,,,Machine-only; human review needed,./2026-07-29-iris-supervisor-bilingual-transcript.he-en.md#s-0747
S-0748,00:30:47.290,00:30:48.370,Unresolved,Unknown,No automatic diarization; human audiovisual review required,"לראות מה החוסרים,",,"to see what the gaps are,",,Requirement,Control-linked,R-11; A-08,,,,,,Machine-only; human review needed,./2026-07-29-iris-supervisor-bilingual-transcript.he-en.md#s-0748
S-0749,00:30:48.470,00:30:49.570,Unresolved,Unknown,No automatic diarization; human audiovisual review required,"אולי דברים חסרים,",,"maybe some things are missing,",,Requirement,Control-linked,R-11; A-08,,,,,,Machine-only; human review needed,./2026-07-29-iris-supervisor-bilingual-transcript.he-en.md#s-0749
S-0750,00:30:50.030,00:30:51.110,Unresolved,Unknown,No automatic diarization; human audiovisual review required,אולי יש דברים ש...,,maybe there are things that...,,Requirement,Control-linked,R-11; A-08,,,,,,Machine-only; human review needed,./2026-07-29-iris-supervisor-bilingual-transcript.he-en.md#s-0750
S-0751,00:30:51.110,00:30:53.350,Unresolved,Unknown,No automatic diarization; human audiovisual review required,"זה יעזור לנו גם לדייק,",,"This will also help us refine,",,Requirement,Control-linked,R-11; A-08,,,,,,Machine-only; human review needed,./2026-07-29-iris-supervisor-bilingual-transcript.he-en.md#s-0751
S-0752,00:30:53.610,00:30:54.670,Unresolved,Unknown,No automatic diarization; human audiovisual review required,"את הדרישות שלנו,",,"our requirements,",,Requirement,Control-linked,R-11; A-08,,,,,,Machine-only; human review needed,./2026-07-29-iris-supervisor-bilingual-transcript.he-en.md#s-0752
S-0753,00:30:54.750,00:30:56.110,Unresolved,Unknown,No automatic diarization; human audiovisual review required,בעצם מהשיתופי פעולה.,,essentially from the collaborative effort.,,Requirement,Control-linked,R-11; A-08,,,,,,Machine-only; human review needed,./2026-07-29-iris-supervisor-bilingual-transcript.he-en.md#s-0753
S-0754,00:30:56.110,00:30:59.290,Unresolved,Unknown,No automatic diarization; human audiovisual review required,"נכון,",,"Right,",,Requirement,Control-linked,R-11; A-08,,,,,,Machine-only; human review needed,./2026-07-29-iris-supervisor-bilingual-transcript.he-en.md#s-0754
S-0755,00:30:59.370,00:31:00.190,Unresolved,Unknown,No automatic diarization; human audiovisual review required,"אבל השאלה,",,"but the question is,",,Requirement,Control-linked,R-11; A-08,,,,,,Machine-only; human review needed,./2026-07-29-iris-supervisor-bilingual-transcript.he-en.md#s-0755
S-0756,00:31:00.630,00:31:01.950,Unresolved,Unknown,No automatic diarization; human audiovisual review required,"אם בטווח הקצר הזה,",,"in this short term,",,Requirement,Control-linked,R-11; A-08,,,,,,Machine-only; human review needed,./2026-07-29-iris-supervisor-bilingual-transcript.he-en.md#s-0756
S-0757,00:31:02.090,00:31:03.490,Unresolved,Unknown,No automatic diarization; human audiovisual review required,זה לא אוברקיל.,,it's not overkill.,,Requirement,Control-linked,R-11; A-08,,,,,,Machine-only; human review needed,./2026-07-29-iris-supervisor-bilingual-transcript.he-en.md#s-0757
S-0758,00:31:04.410,00:31:05.650,Unresolved,Unknown,No automatic diarization; human audiovisual review required,אני חושבת ש...,,I think that...,,Requirement,Control-linked,R-11; A-08,,,,,,Machine-only; human review needed,./2026-07-29-iris-supervisor-bilingual-transcript.he-en.md#s-0758
S-0759,00:31:05.650,00:31:07.530,Unresolved,Unknown,No automatic diarization; human audiovisual review required,"אנחנו עושינו איזה תהליך,",,"We have done some process,",,Requirement,Control-linked,R-11; A-08,,,,,,Machine-only; human review needed,./2026-07-29-iris-supervisor-bilingual-transcript.he-en.md#s-0759
S-0760,00:31:07.630,00:31:09.810,Unresolved,Unknown,No automatic diarization; human audiovisual review required,וראינו שמה שחסר לנו זה מומחה.,,and we saw that what was missing for us is an expert.,,Requirement,Control-linked,R-11; A-08,,,,,,Machine-only; human review needed,./2026-07-29-iris-supervisor-bilingual-transcript.he-en.md#s-0760
S-0761,00:31:10.330,00:31:10.730,Unresolved,Unknown,No automatic diarization; human audiovisual review required,נכון.,,Right.,,Requirement,Control-linked,R-11; A-08,,,,,,Machine-only; human review needed,./2026-07-29-iris-supervisor-bilingual-transcript.he-en.md#s-0761
S-0762,00:31:11.170,00:31:11.750,Unresolved,Unknown,No automatic diarization; human audiovisual review required,"ועכשיו,",,"And now,",,Requirement,Control-linked,R-11; A-08,,,,,,Machine-only; human review needed,./2026-07-29-iris-supervisor-bilingual-transcript.he-en.md#s-0762
S-0763,00:31:11.870,00:31:13.430,Unresolved,Unknown,No automatic diarization; human audiovisual review required,אלי ייכנס לזה ו...,,Eli will get into this and...,,Requirement,Control-linked,R-11; A-08,,,,,,Machine-only; human review needed,./2026-07-29-iris-supervisor-bilingual-transcript.he-en.md#s-0763
S-0764,00:31:13.430,00:31:15.570,Unresolved,Unknown,No automatic diarization; human audiovisual review required,"אז אני אסביר בידייק את זה,",,"So I will explain it step by step,",,Requirement,Control-linked,R-11; A-08,,,,,,Machine-only; human review needed,./2026-07-29-iris-supervisor-bilingual-transcript.he-en.md#s-0764
S-0765,00:31:15.670,00:31:17.070,Unresolved,Unknown,No automatic diarization; human audiovisual review required,זה טוב שאמרת את זה.,,It's good that you said that.,,Requirement,Control-linked,R-11; A-08,,,,,,Machine-only; human review needed,./2026-07-29-iris-supervisor-bilingual-transcript.he-en.md#s-0765
S-0766,00:31:17.570,00:31:19.710,Unresolved,Unknown,No automatic diarization; human audiovisual review required,"הכוונה היא לא שתהיה עכשיו רופא,",,"The idea is not that you will be a doctor now,",,Requirement,Control-linked,R-11; A-08,,,,,,Machine-only; human review needed,./2026-07-29-iris-supervisor-bilingual-transcript.he-en.md#s-0766
S-0767,00:31:19.770,00:31:19.990,Unresolved,Unknown,No automatic diarization; human audiovisual review required,כן?,,right?,,Requirement,Control-linked,R-11; A-08,,,,,,Machine-only; human review needed,./2026-07-29-iris-supervisor-bilingual-transcript.he-en.md#s-0767
S-0768,00:31:20.730,00:31:21.730,Unresolved,Unknown,No automatic diarization; human audiovisual review required,"בהכשרה שלך,",,"In your training,",,Requirement,Control-linked,R-11; A-08,,,,,,Machine-only; human review needed,./2026-07-29-iris-supervisor-bilingual-transcript.he-en.md#s-0768
S-0769,00:31:21.850,00:31:26.270,Unresolved,Unknown,No automatic diarization; human audiovisual review required,"או שתהפוך את כלוד למומחה ולרופא,",,"or that you will turn Cody into an expert and a doctor,",,Requirement,Control-linked,R-11; A-08,,,,,,Machine-only; human review needed,./2026-07-29-iris-supervisor-bilingual-transcript.he-en.md#s-0769
S-0770,00:31:26.270,00:31:27.730,Unresolved,Unknown,No automatic diarization; human audiovisual review required,שיעזור לך.,,who will help you.,,Requirement,Control-linked,R-11; A-08,,,,,,Machine-only; human review needed,./2026-07-29-iris-supervisor-bilingual-transcript.he-en.md#s-0770
S-0771,00:31:27.730,00:31:30.690,Unresolved,Unknown,No automatic diarization; human audiovisual review required,"הכוונה שלי זה שכשאתה כותב את השאלות,",,"My meaning is when you write the questions,",,Requirement,Control-linked,R-11; A-08,,,,,,Machine-only; human review needed,./2026-07-29-iris-supervisor-bilingual-transcript.he-en.md#s-0771
S-0772,00:31:30.770,00:31:34.570,Unresolved,Unknown,No automatic diarization; human audiovisual review required,"ונתנו הגדרות מאוד מדויקות למה צריך לשבוע הבא,",,"and we gave very precise definitions of what needs to be done next week,",,Requirement,Control-linked,R-11; A-08,,,,,,Machine-only; human review needed,./2026-07-29-iris-supervisor-bilingual-transcript.he-en.md#s-0772
S-0773,00:31:34.770,00:31:36.230,Unresolved,Unknown,No automatic diarization; human audiovisual review required,"כשאתה כותב את השאלות,",,"when you write the questions,",,Requirement,Control-linked,R-11; A-08,,,,,,Machine-only; human review needed,./2026-07-29-iris-supervisor-bilingual-transcript.he-en.md#s-0773
S-0774,00:31:36.690,00:31:38.770,Unresolved,Unknown,No automatic diarization; human audiovisual review required,"אז אתה מכיר עכשיו את הדייטה,",,"then you know now about the diet,",,Requirement,Control-linked,R-11; A-08,,,,,,Machine-only; human review needed,./2026-07-29-iris-supervisor-bilingual-transcript.he-en.md#s-0774
S-0775,00:31:38.870,00:31:42.730,Unresolved,Unknown,No automatic diarization; human audiovisual review required,או איך נראה הדייטה של העולם של הסופט ומודלינג.,,or how the diet of the world of soft modeling looks.,,Requirement,Control-linked,R-11; A-08,,,,,,Machine-only; human review needed,./2026-07-29-iris-supervisor-bilingual-transcript.he-en.md#s-0775
S-0776,00:31:43.230,00:31:47.510,Unresolved,Unknown,No automatic diarization; human audiovisual review required,"אני משערת שאתה פחות מכיר את הדייטה,",,"I estimate you know less about the diet,",,Requirement,Control-linked,R-11; A-08,,,,,,Machine-only; human review needed,./2026-07-29-iris-supervisor-bilingual-transcript.he-en.md#s-0776
S-0777,00:31:47.550,00:31:49.510,Unresolved,Unknown,No automatic diarization; human audiovisual review required,ואיך הוא נראה של העולם הרפואי.,,and how it appears to the medical world.,,Requirement,Control-linked,R-11; A-08,,,,,,Machine-only; human review needed,./2026-07-29-iris-supervisor-bilingual-transcript.he-en.md#s-0777
S-0778,00:31:49.910,00:31:52.490,Unresolved,Unknown,No automatic diarization; human audiovisual review required,"אז אני לא רוצה שתצלול לתוך הדברים האלה,",,"So I don't want you to delve into these matters,",,Requirement,Control-linked,R-11; A-08,,,,,,Machine-only; human review needed,./2026-07-29-iris-supervisor-bilingual-transcript.he-en.md#s-0778
S-0779,00:31:52.490,00:31:55.910,Unresolved,Unknown,No automatic diarization; human audiovisual review required,"אבל אני רוצה שתעיף מבט מדי פעם,",,"but I do want you to occasionally glance at them,",,Requirement,Control-linked,R-11; A-08,,,,,,Machine-only; human review needed,./2026-07-29-iris-supervisor-bilingual-transcript.he-en.md#s-0779
S-0780,00:31:55.910,00:31:58.990,Unresolved,Unknown,No automatic diarization; human audiovisual review required,"כדי לראות שהשאלות שלך הן לא רחוקות,",,"to see that your questions aren't far off,",,Requirement,Control-linked,R-11; A-08,,,,,,Machine-only; human review needed,./2026-07-29-iris-supervisor-bilingual-transcript.he-en.md#s-0780
S-0781,00:31:59.070,00:32:01.130,Unresolved,Unknown,No automatic diarization; human audiovisual review required,או לא קשורות לעולם הרפואי.,,or unrelated to the medical world.,,Requirement,Control-linked,R-11; A-08,,,,,,Machine-only; human review needed,./2026-07-29-iris-supervisor-bilingual-transcript.he-en.md#s-0781
S-0782,00:32:01.730,00:32:02.590,Unresolved,Unknown,No automatic diarization; human audiovisual review required,זה הכוונה שלי.,,That's my intention.,,Requirement,Control-linked,R-11; A-08,,,,,,Machine-only; human review needed,./2026-07-29-iris-supervisor-bilingual-transcript.he-en.md#s-0782
S-0783,00:32:03.010,00:32:04.530,Unresolved,Unknown,No automatic diarization; human audiovisual review required,"סוף של סניטי כזה, נעשה.",,"End of such sanitization, we did.",,Requirement,Control-linked,R-11; A-08,,,,,,Machine-only; human review needed,./2026-07-29-iris-supervisor-bilingual-transcript.he-en.md#s-0783
S-0784,00:32:04.770,00:32:06.450,Unresolved,Unknown,No automatic diarization; human audiovisual review required,"נכון, אבל עוד פעם,",,"Right, but one more time,",,Requirement,Control-linked,R-11; A-08,,,,,,Machine-only; human review needed,./2026-07-29-iris-supervisor-bilingual-transcript.he-en.md#s-0784
S-0785,00:32:06.910,00:32:10.250,Unresolved,Unknown,No automatic diarization; human audiovisual review required,"הזרה של ארנון היא במקומה,",,"Arnon's foreignness is in its place,",,Requirement,Control-linked,R-11; A-08,,,,,,Machine-only; human review needed,./2026-07-29-iris-supervisor-bilingual-transcript.he-en.md#s-0785
S-0786,00:32:10.350,00:32:11.250,Unresolved,Unknown,No automatic diarization; human audiovisual review required,והיא טובה.,,and it's good.,,Requirement,Control-linked,R-11; A-08,,,,,,Machine-only; human review needed,./2026-07-29-iris-supervisor-bilingual-transcript.he-en.md#s-0786
S-0787,00:32:13.170,00:32:15.290,Unresolved,Unknown,No automatic diarization; human audiovisual review required,אנחנו חווינו את זה על בשרנו.,,We experienced this firsthand.,,Requirement,Control-linked,R-11; A-08,,,,,,Machine-only; human review needed,./2026-07-29-iris-supervisor-bilingual-transcript.he-en.md#s-0787
S-0788,00:32:15.670,00:32:16.590,Unresolved,Unknown,No automatic diarization; human audiovisual review required,"זאת אומרת, אמרנו,",,"That means,",,Requirement,Control-linked,R-11; A-08,,,,,,Machine-only; human review needed,./2026-07-29-iris-supervisor-bilingual-transcript.he-en.md#s-0788
S-0789,00:32:16.590,00:32:17.490,Unresolved,Unknown,No automatic diarization; human audiovisual review required,"בוא נעבין את זה,",,"Let's implement this,",,Requirement,Control-linked,R-11; A-08,,,,,,Machine-only; human review needed,./2026-07-29-iris-supervisor-bilingual-transcript.he-en.md#s-0789
S-0790,00:32:17.590,00:32:20.890,Unresolved,Unknown,No automatic diarization; human audiovisual review required,"ואז התחלנו להיכנס לתוך איזשהו שם לופים,",,"then we started getting into some loop names,",,Requirement,Control-linked,R-11; A-08,,,,,,Machine-only; human review needed,./2026-07-29-iris-supervisor-bilingual-transcript.he-en.md#s-0790
S-0791,00:32:21.150,00:32:22.270,Unresolved,Unknown,No automatic diarization; human audiovisual review required,"רגע, אבל לא הבנו את זה,",,"Hold on, but we didn't understand that,",,Requirement,Control-linked,R-11; A-08,,,,,,Machine-only; human review needed,./2026-07-29-iris-supervisor-bilingual-transcript.he-en.md#s-0791
S-0792,00:32:22.370,00:32:23.470,Unresolved,Unknown,No automatic diarization; human audiovisual review required,"אבל בוא ננסה להבין את זה,",,"but let's try to comprehend it,",,Requirement,Control-linked,R-11; A-08,,,,,,Machine-only; human review needed,./2026-07-29-iris-supervisor-bilingual-transcript.he-en.md#s-0792
S-0793,00:32:23.690,00:32:24.870,Unresolved,Unknown,No automatic diarization; human audiovisual review required,וזה גוזל מלא זמן.,,and it takes a lot of time.,,Requirement,Control-linked,R-11; A-08,,,,,,Machine-only; human review needed,./2026-07-29-iris-supervisor-bilingual-transcript.he-en.md#s-0793
S-0794,00:32:25.370,00:32:26.950,Unresolved,Unknown,No automatic diarization; human audiovisual review required,"אם אתה תיכנס ללופ הזה,",,"If you enter this loop,",,Requirement,Control-linked,R-11; A-08,,,,,,Machine-only; human review needed,./2026-07-29-iris-supervisor-bilingual-transcript.he-en.md#s-0794
S-0795,00:32:27.470,00:32:31.290,Unresolved,Unknown,No automatic diarization; human audiovisual review required,אתה לא תצליח לעשות עד ספטמבר את העצר.,,you won't be able to stop by September for the meeting.,,Requirement,Control-linked,R-11; A-08,,,,,,Machine-only; human review needed,./2026-07-29-iris-supervisor-bilingual-transcript.he-en.md#s-0795
S-0796,00:32:31.710,00:32:33.290,Unresolved,Unknown,No automatic diarization; human audiovisual review required,"אז כן תעיף מבט,",,"So yes, take a look,",,Requirement,Control-linked,R-11; A-08,,,,,,Machine-only; human review needed,./2026-07-29-iris-supervisor-bilingual-transcript.he-en.md#s-0796
S-0797,00:32:33.390,00:32:34.090,Unresolved,Unknown,No automatic diarization; human audiovisual review required,"כן תסתכל,",,"yes, observe,",,Requirement,Control-linked,R-11; A-08,,,,,,Machine-only; human review needed,./2026-07-29-iris-supervisor-bilingual-transcript.he-en.md#s-0797
S-0798,00:32:34.470,00:32:37.370,Unresolved,Unknown,No automatic diarization; human audiovisual review required,"כן תשתמש בכלים קלוט וכאלה,",,"yes, use tools like clut and others,",,Requirement,Control-linked,R-11; A-08,,,,,,Machine-only; human review needed,./2026-07-29-iris-supervisor-bilingual-transcript.he-en.md#s-0798
S-0799,00:32:37.570,00:32:39.170,Unresolved,Unknown,No automatic diarization; human audiovisual review required,כדי להבין את הדברים האלה.,,in order to understand these things.,,Requirement,Control-linked,R-11; A-08,,,,,,Machine-only; human review needed,./2026-07-29-iris-supervisor-bilingual-transcript.he-en.md#s-0799
S-0800,00:32:39.170,00:32:41.170,Unresolved,Unknown,No automatic diarization; human audiovisual review required,"יש שם די הרבה דברים שהם,",,"There are quite a few things there that are,",,Requirement,Control-linked,R-11; A-08,,,,,,Machine-only; human review needed,./2026-07-29-iris-supervisor-bilingual-transcript.he-en.md#s-0800
S-0801,00:32:43.400,00:32:46.180,Unresolved,Unknown,No automatic diarization; human audiovisual review required,"בעצם נראה לי שאני פשוט,",,"basically I think I should just,",,Requirement,Control-linked,R-11; A-08; Q-05,,,,,,Machine-only; human review needed,./2026-07-29-iris-supervisor-bilingual-transcript.he-en.md#s-0801
S-0802,00:32:46.980,00:32:51.520,Unresolved,Unknown,No automatic diarization; human audiovisual review required,"אעשה לך הרשאה למימיק,",,"give you permission for the gesture,",,Requirement,Control-linked,R-11; A-08; Q-05,,,,,,Machine-only; human review needed,./2026-07-29-iris-supervisor-bilingual-transcript.he-en.md#s-0802
S-0803,00:32:51.980,00:32:55.580,Unresolved,Unknown,No automatic diarization; human audiovisual review required,"ואז תוכל להסתכל על הדברים האלה,",,"then you can look at these things,",,Requirement,Control-linked,R-11; A-08; Q-05,,,,,,Machine-only; human review needed,./2026-07-29-iris-supervisor-bilingual-transcript.he-en.md#s-0803
S-0804,00:32:56.040,00:33:02.580,Unresolved,Unknown,No automatic diarization; human audiovisual review required,ולפי זה תוכל באמת לראות ולהגדיר את זה.,,"and based on this, you can really see and define it.",,Requirement,Control-linked,R-11; A-08; Q-05,,,,,,Machine-only; human review needed,./2026-07-29-iris-supervisor-bilingual-transcript.he-en.md#s-0804
S-0805,00:33:03.100,00:33:03.300,Unresolved,Unknown,No automatic diarization; human audiovisual review required,אוקיי?,,Okay?,,Requirement,Control-linked,R-11; A-08; Q-05,,,,,,Machine-only; human review needed,./2026-07-29-iris-supervisor-bilingual-transcript.he-en.md#s-0805
S-0806,00:33:03.360,00:33:04.440,Unresolved,Unknown,No automatic diarization; human audiovisual review required,לראות מה אתה יכול לעשות.,,to see what you can do.,,Requirement,Control-linked,R-11; A-08; Q-05,,,,,,Machine-only; human review needed,./2026-07-29-iris-supervisor-bilingual-transcript.he-en.md#s-0806
S-0807,00:33:05.040,00:33:07.300,Unresolved,Unknown,No automatic diarization; human audiovisual review required,"אבל אם זה גוזל לך הרבה זמן,",,"But if it takes you a lot of time,",,Requirement,Control-linked,R-11; A-08,,,,,,Machine-only; human review needed,./2026-07-29-iris-supervisor-bilingual-transcript.he-en.md#s-0807
S-0808,00:33:07.300,00:33:10.580,Unresolved,Unknown,No automatic diarization; human audiovisual review required,"כי פתאום רצית לראות את הדייטה,",,"because suddenly you wanted to see the diet,",,Requirement,Control-linked,R-11; A-08,,,,,,Machine-only; human review needed,./2026-07-29-iris-supervisor-bilingual-transcript.he-en.md#s-0808
S-0809,00:33:10.640,00:33:11.680,Unresolved,Unknown,No automatic diarization; human audiovisual review required,"וכדי לראות את הדייטה,",,"and in order to see the diet,",,Requirement,Control-linked,R-11; A-08,,,,,,Machine-only; human review needed,./2026-07-29-iris-supervisor-bilingual-transcript.he-en.md#s-0809
S-0810,00:33:11.760,00:33:13.420,Unresolved,Unknown,No automatic diarization; human audiovisual review required,"אתה צריך להבין כל מיני פרמטרים,",,"you need to understand all sorts of parameters,",,Requirement,Control-linked,R-11; A-08,,,,,,Machine-only; human review needed,./2026-07-29-iris-supervisor-bilingual-transcript.he-en.md#s-0810
S-0811,00:33:13.500,00:33:14.580,Unresolved,Unknown,No automatic diarization; human audiovisual review required,"וכדי להבין את הפרמטרים,",,"and in order to understand the parameters,",,Requirement,Control-linked,R-11; A-08,,,,,,Machine-only; human review needed,./2026-07-29-iris-supervisor-bilingual-transcript.he-en.md#s-0811
S-0812,00:33:14.680,00:33:15.940,Unresolved,Unknown,No automatic diarization; human audiovisual review required,אתה צריך לקרוא כל מיני דברים.,,You need to read all sorts of things.,,Requirement,Control-linked,R-11; A-08,,,,,,Machine-only; human review needed,./2026-07-29-iris-supervisor-bilingual-transcript.he-en.md#s-0812
S-0813,00:33:16.420,00:33:17.520,Unresolved,Unknown,No automatic diarization; human audiovisual review required,"תכף את צלול ממש, כן.",,"Soon I'll ring you up for real, okay.",,Requirement,Control-linked,R-11; A-08,,,,,,Machine-only; human review needed,./2026-07-29-iris-supervisor-bilingual-transcript.he-en.md#s-0813
S-0814,00:33:17.880,00:33:20.460,Unresolved,Unknown,No automatic diarization; human audiovisual review required,"אז לעסוף את זה, לעזוב את זה.",,"So in the end, leave it behind.",,Requirement,Control-linked,R-11; A-08,,,,,,Machine-only; human review needed,./2026-07-29-iris-supervisor-bilingual-transcript.he-en.md#s-0814
S-0815,00:33:20.740,00:33:23.300,Unresolved,Unknown,No automatic diarization; human audiovisual review required,"אז אנחנו נגיע לדבר הזה בשלבים יותר מוכרים,",,"But we will get to this topic in more familiar stages,",,Requirement,Control-linked,R-11; A-08,,,,,,Machine-only; human review needed,./2026-07-29-iris-supervisor-bilingual-transcript.he-en.md#s-0815
S-0816,00:33:24.100,00:33:25.200,Unresolved,Unknown,No automatic diarization; human audiovisual review required,"אבל כן אני חושבת,",,"but I do think,",,Requirement,Control-linked,R-11; A-08,,,,,,Machine-only; human review needed,./2026-07-29-iris-supervisor-bilingual-transcript.he-en.md#s-0816
S-0817,00:33:25.280,00:33:26.300,Unresolved,Unknown,No automatic diarization; human audiovisual review required,"והשאלה שלך הייתה מאוד ברוקום,",,"and your question was very empty,",,Requirement,Control-linked,R-11; A-08,,,,,,Machine-only; human review needed,./2026-07-29-iris-supervisor-bilingual-transcript.he-en.md#s-0817
S-0818,00:33:27.340,00:33:33.020,Unresolved,Unknown,No automatic diarization; human audiovisual review required,"אני חושבת שכדאי שיהיה לך מושג מה הדייטה הזה נראה,",,"I think it would be better for you to have an idea of what this diet looks like,",,Requirement,Control-linked,R-11; A-08,,,,,,Machine-only; human review needed,./2026-07-29-iris-supervisor-bilingual-transcript.he-en.md#s-0818
S-0819,00:33:33.020,00:33:35.900,Unresolved,Unknown,No automatic diarization; human audiovisual review required,"ובמה הוא שונה מהדגע שאנחנו מדברים עליו,",,"and how it differs from the detox we're talking about,",,Requirement,Control-linked,R-11; A-08,,,,,,Machine-only; human review needed,./2026-07-29-iris-supervisor-bilingual-transcript.he-en.md#s-0819
S-0820,00:33:35.900,00:33:37.400,Unresolved,Unknown,No automatic diarization; human audiovisual review required,בהקשר של סופטור אינג'ינירים.,,In the context of software engineers.,,Context,Human-review-needed,,,,,,,Machine-only; human review needed,./2026-07-29-iris-supervisor-bilingual-transcript.he-en.md#s-0820
S-0821,00:33:38.620,00:33:39.380,Unresolved,Unknown,No automatic diarization; human audiovisual review required,"נבנתי, כן.",,"I see, yes.",,Context,Human-review-needed,,,,,,,Machine-only; human review needed,./2026-07-29-iris-supervisor-bilingual-transcript.he-en.md#s-0821
S-0822,00:33:40.540,00:33:40.960,Unresolved,Unknown,No automatic diarization; human audiovisual review required,בסדר?,,Okay?,,Context,Human-review-needed,,,,,,,Machine-only; human review needed,./2026-07-29-iris-supervisor-bilingual-transcript.he-en.md#s-0822
S-0823,00:33:43.430,00:33:44.070,Unresolved,Unknown,No automatic diarization; human audiovisual review required,"כן, כן.",,"Yes, yes.",,Context,Human-review-needed,,,,,,,Machine-only; human review needed,./2026-07-29-iris-supervisor-bilingual-transcript.he-en.md#s-0823
S-0824,00:33:47.290,00:33:48.190,Unresolved,Unknown,No automatic diarization; human audiovisual review required,"אוקיי, בסדר.",,"Okay, okay.",,Context,Human-review-needed,,,,,,,Machine-only; human review needed,./2026-07-29-iris-supervisor-bilingual-transcript.he-en.md#s-0824
S-0825,00:33:48.350,00:33:51.430,Unresolved,Unknown,No automatic diarization; human audiovisual review required,"אז מבחינת המשימות שלך,",,"So regarding your tasks,",,Requirement,Control-linked,R-13; A-06; Q-07,,,,,,Machine-only; human review needed,./2026-07-29-iris-supervisor-bilingual-transcript.he-en.md#s-0825
S-0826,00:33:51.570,00:33:53.550,Unresolved,Unknown,No automatic diarization; human audiovisual review required,"זה קרובן להכין את כל הדברים לפעם הבאה,",,"this will likely prepare everything for the next time,",,Requirement,Control-linked,R-13; A-06; Q-07,,,,,,Machine-only; human review needed,./2026-07-29-iris-supervisor-bilingual-transcript.he-en.md#s-0826
S-0827,00:33:55.310,00:34:01.390,Unresolved,Unknown,No automatic diarization; human audiovisual review required,"אני צריכה לדאוג שאני מצליחה לסדר את הלוז,",,"I need to make sure I succeed in organizing the LOZ,",,Requirement,Control-linked,R-13; A-06; Q-07,,,,,,Machine-only; human review needed,./2026-07-29-iris-supervisor-bilingual-transcript.he-en.md#s-0827
S-0828,00:34:01.530,00:34:05.330,Unresolved,Unknown,No automatic diarization; human audiovisual review required,"כדי שבאמת ניפגש רבי בתשע כל שבוע,",,"so we can really meet every Saturday,",,Requirement,Control-linked,R-13; A-06; Q-07,,,,,,Machine-only; human review needed,./2026-07-29-iris-supervisor-bilingual-transcript.he-en.md#s-0828
S-0829,00:34:05.330,00:34:12.790,Unresolved,Unknown,No automatic diarization; human audiovisual review required,"ואני צריכה ברגע שאתה נותן לי את הקישור לגוגל דרייב,",,"and I need to give you the Google Drive link as soon as you provide it to me,",,Open question,Control-linked,Q-07,,,,,,Machine-only; human review needed,./2026-07-29-iris-supervisor-bilingual-transcript.he-en.md#s-0829
S-0830,00:34:12.850,00:34:15.270,Unresolved,Unknown,No automatic diarization; human audiovisual review required,"אני צריכה לתת לך,",,"or maybe this is not related,",,Open question,Control-linked,Q-07,,,,,,Machine-only; human review needed,./2026-07-29-iris-supervisor-bilingual-transcript.he-en.md#s-0830
S-0831,00:34:15.890,00:34:17.250,Unresolved,Unknown,No automatic diarization; human audiovisual review required,"או שזה אולי לא קשור,",,"maybe I can do it already now,",,Open question,Control-linked,Q-07,,,,,,Machine-only; human review needed,./2026-07-29-iris-supervisor-bilingual-transcript.he-en.md#s-0831
S-0832,00:34:17.350,00:34:18.770,Unresolved,Unknown,No automatic diarization; human audiovisual review required,"אולי אני יכולה לעשות את זה כבר עכשיו,",,so I don't forget.,,Open question,Control-linked,Q-07,,,,,,Machine-only; human review needed,./2026-07-29-iris-supervisor-bilingual-transcript.he-en.md#s-0832
S-0833,00:34:18.850,00:34:22.210,Unresolved,Unknown,No automatic diarization; human audiovisual review required,כדי שאני לא אשכח את זה.,,"So Arnon, I didn't ask you,",,Open question,Control-linked,Q-07,,,,,,Machine-only; human review needed,./2026-07-29-iris-supervisor-bilingual-transcript.he-en.md#s-0833
S-0834,00:34:22.610,00:34:24.850,Unresolved,Unknown,No automatic diarization; human audiovisual review required,"אז ארנון, אני לא שאלתי אותך,",,but you're not反对,,Open question,Control-linked,Q-07,,,,,,Machine-only; human review needed,./2026-07-29-iris-supervisor-bilingual-transcript.he-en.md#s-0834
S-0835,00:34:24.930,00:34:28.330,Unresolved,Unknown,No automatic diarization; human audiovisual review required,אבל אתה לא מתנגד שאני אתן לו הרשאה ל...,,But you are not反对我给他授权...,,Open question,Control-linked,Q-07,,,,,,Machine-only; human review needed,./2026-07-29-iris-supervisor-bilingual-transcript.he-en.md#s-0835
S-0836,00:34:28.330,00:34:35.480,Unresolved,Unknown,No automatic diarization; human audiovisual review required,"רגע, יש לנו בעצם שניים...",,"Wait, we actually have two...",,Open question,Control-linked,Q-07,,,,,,Machine-only; human review needed,./2026-07-29-iris-supervisor-bilingual-transcript.he-en.md#s-0836
S-0837,00:34:35.480,00:34:40.260,Unresolved,Unknown,No automatic diarization; human audiovisual review required,"רגע, אולי אני אכניס את האנליזיס לתוך המימיק,",,"Wait, maybe I'll incorporate the analysis into the mimicry,",,Open question,Control-linked,Q-07,,,,,,Machine-only; human review needed,./2026-07-29-iris-supervisor-bilingual-transcript.he-en.md#s-0837
S-0838,00:34:41.050,00:34:42.930,Unresolved,Unknown,No automatic diarization; human audiovisual review required,"ואז יהיה לו את כל הדברים,",,"And then he will have all the things,",,Open question,Control-linked,Q-07,,,,,,Machine-only; human review needed,./2026-07-29-iris-supervisor-bilingual-transcript.he-en.md#s-0838
S-0839,00:34:43.030,00:34:47.330,Unresolved,Unknown,No automatic diarization; human audiovisual review required,ואז אני צריכה לתת לו רק הרשאה לפולדר אחד.,,And then I need to give him permission for only one folder.,,Open question,Control-linked,Q-07,,,,,,Machine-only; human review needed,./2026-07-29-iris-supervisor-bilingual-transcript.he-en.md#s-0839
S-0840,00:34:48.240,00:34:49.800,Unresolved,Unknown,No automatic diarization; human audiovisual review required,"רגע, אני עושה את זה.",,"Hold on, I'm doing that.",,Open question,Control-linked,Q-07,,,,,,Machine-only; human review needed,./2026-07-29-iris-supervisor-bilingual-transcript.he-en.md#s-0840
S-0841,00:34:54.420,00:34:56.130,Unresolved,Unknown,No automatic diarization; human audiovisual review required,"המימיק, אוקיי.",,"The body language, okay.",,Context,Human-review-needed,,,,,,,Machine-only; human review needed,./2026-07-29-iris-supervisor-bilingual-transcript.he-en.md#s-0841
S-0842,00:34:58.480,00:35:03.540,Unresolved,Unknown,No automatic diarization; human audiovisual review required,"ואז אני הולכת, אני רוצה רק לראות שיש לנו...",,"And then I go, I just want to make sure we...",,Context,Human-review-needed,,,,,,,Machine-only; human review needed,./2026-07-29-iris-supervisor-bilingual-transcript.he-en.md#s-0842
S-0843,00:35:03.540,00:35:07.380,Unresolved,Unknown,No automatic diarization; human audiovisual review required,"אני רק, אני רוצה גם לתת לך,",,"I just, I also want to give you,",,Context,Human-review-needed,,,,,,,Machine-only; human review needed,./2026-07-29-iris-supervisor-bilingual-transcript.he-en.md#s-0843
S-0844,00:35:07.500,00:35:10.380,Unresolved,Unknown,No automatic diarization; human audiovisual review required,"אז אסבר על העבודה עם נתונים רפואיים,",,"So I'll explain the work with medical data,",,Requirement,Control-linked,R-12; A-11,,,,,,Machine-only; human review needed,./2026-07-29-iris-supervisor-bilingual-transcript.he-en.md#s-0844
S-0845,00:35:11.110,00:35:13.250,Unresolved,Unknown,No automatic diarization; human audiovisual review required,"בכללית, הם לא נותנים נתונים.",,"Generally, they don't provide data.",,Requirement,Control-linked,R-12; A-11,,,,,,Machine-only; human review needed,./2026-07-29-iris-supervisor-bilingual-transcript.he-en.md#s-0845
S-0846,00:35:13.370,00:35:14.170,Unresolved,Unknown,No automatic diarization; human audiovisual review required,מה אם כן נותנים?,,What if they do provide it?,,Requirement,Control-linked,R-12; A-11,,,,,,Machine-only; human review needed,./2026-07-29-iris-supervisor-bilingual-transcript.he-en.md#s-0846
S-0847,00:35:14.670,00:35:16.930,Unresolved,Unknown,No automatic diarization; human audiovisual review required,"הם נותנים גישה לשרת וירטואלי,",,"They provide access to a virtual server,",,Requirement,Control-linked,R-12; A-11,,,,,,Machine-only; human review needed,./2026-07-29-iris-supervisor-bilingual-transcript.he-en.md#s-0847
S-0848,00:35:17.090,00:35:18.070,Unresolved,Unknown,No automatic diarization; human audiovisual review required,מערכת שנקראת VDI.,,A system called VDI.,,Requirement,Control-linked,R-12; A-11,,,,,,Machine-only; human review needed,./2026-07-29-iris-supervisor-bilingual-transcript.he-en.md#s-0848
S-0849,00:35:19.310,00:35:19.630,Unresolved,Unknown,No automatic diarization; human audiovisual review required,אוקיי.,,Okay.,,Requirement,Control-linked,R-12; A-11,,,,,,Machine-only; human review needed,./2026-07-29-iris-supervisor-bilingual-transcript.he-en.md#s-0849
S-0850,00:35:20.450,00:35:21.750,Unresolved,Unknown,No automatic diarization; human audiovisual review required,"על המערכת הזאת,",,"About this system,",,Requirement,Control-linked,R-12; A-11,,,,,,Machine-only; human review needed,./2026-07-29-iris-supervisor-bilingual-transcript.he-en.md#s-0850
S-0851,00:35:22.130,00:35:22.670,Unresolved,Unknown,No automatic diarization; human audiovisual review required,"unfortunately,",,"Unfortunately,",,Requirement,Control-linked,R-12; A-11,,,,,,Machine-only; human review needed,./2026-07-29-iris-supervisor-bilingual-transcript.he-en.md#s-0851
S-0852,00:35:24.050,00:35:25.210,Unresolved,Unknown,No automatic diarization; human audiovisual review required,אתה לא יכול לעבוד עם קלוד.,,you can't work with Cloud.,,Requirement,Control-linked,R-12; A-11,,,,,,Machine-only; human review needed,./2026-07-29-iris-supervisor-bilingual-transcript.he-en.md#s-0852
S-0853,00:35:25.490,00:35:28.580,Unresolved,Unknown,No automatic diarization; human audiovisual review required,"קלוד, אל אליהם, זה מאתגר.",,"Cloud, forget them, it's challenging.",,Requirement,Control-linked,R-12; A-11,,,,,,Machine-only; human review needed,./2026-07-29-iris-supervisor-bilingual-transcript.he-en.md#s-0853
S-0854,00:35:28.600,00:35:28.800,Unresolved,Unknown,No automatic diarization; human audiovisual review required,"לא, ברור.",,"No, clear.",,Requirement,Control-linked,R-12; A-11,,,,,,Machine-only; human review needed,./2026-07-29-iris-supervisor-bilingual-transcript.he-en.md#s-0854
S-0855,00:35:30.010,00:35:31.590,Unresolved,Unknown,No automatic diarization; human audiovisual review required,אז...,,So...,,Requirement,Control-linked,R-12; A-11,,,,,,Machine-only; human review needed,./2026-07-29-iris-supervisor-bilingual-transcript.he-en.md#s-0855
S-0856,00:35:31.590,00:35:32.390,Unresolved,Unknown,No automatic diarization; human audiovisual review required,"כן, יש פה אתגר.",,"Yes, there is a challenge.",,Requirement,Control-linked,R-12; A-11,,,,,,Machine-only; human review needed,./2026-07-29-iris-supervisor-bilingual-transcript.he-en.md#s-0856
S-0857,00:35:32.890,00:35:34.870,Unresolved,Unknown,No automatic diarization; human audiovisual review required,"כן, כן, יש פה אתגר.",,"Yes, yes, there is a challenge.",,Requirement,Control-linked,R-12; A-11,,,,,,Machine-only; human review needed,./2026-07-29-iris-supervisor-bilingual-transcript.he-en.md#s-0857
S-0858,00:35:35.710,00:35:38.010,Unresolved,Unknown,No automatic diarization; human audiovisual review required,קשה מאוד.,,It's very difficult.,,Requirement,Control-linked,R-12; A-11,,,,,,Machine-only; human review needed,./2026-07-29-iris-supervisor-bilingual-transcript.he-en.md#s-0858
S-0859,00:35:39.340,00:35:40.220,Unresolved,Unknown,No automatic diarization; human audiovisual review required,אז זה יותר...,,So this is more...,,Requirement,Control-linked,R-12; A-11; Q-06,,,,,,Machine-only; human review needed,./2026-07-29-iris-supervisor-bilingual-transcript.he-en.md#s-0859
S-0860,00:35:40.220,00:35:42.600,Unresolved,Unknown,No automatic diarization; human audiovisual review required,"כן, כניסה למשאבים, אבל...",,"Yes, access to resources, but...",,Requirement,Control-linked,R-12; A-11; Q-06,,,,,,Machine-only; human review needed,./2026-07-29-iris-supervisor-bilingual-transcript.he-en.md#s-0860
S-0861,00:35:42.600,00:35:44.360,Unresolved,Unknown,No automatic diarization; human audiovisual review required,"לא, זה לא אתגר נורא קשה,",,"No, it's not an extremely difficult challenge,",,Requirement,Control-linked,R-12; A-11; Q-06,,,,,,Machine-only; human review needed,./2026-07-29-iris-supervisor-bilingual-transcript.he-en.md#s-0861
S-0862,00:35:44.480,00:35:46.480,Unresolved,Unknown,No automatic diarization; human audiovisual review required,"כי יש עבודות שעובדות,",,"because some works do function,",,Requirement,Control-linked,R-12; A-11; Q-06,,,,,,Machine-only; human review needed,./2026-07-29-iris-supervisor-bilingual-transcript.he-en.md#s-0862
S-0863,00:35:46.760,00:35:49.380,Unresolved,Unknown,No automatic diarization; human audiovisual review required,"אבל מה שהכוונה זה שאי אפשר,",,"but what the intention was that it's impossible,",,Requirement,Control-linked,R-12; A-11; Q-06,,,,,,Machine-only; human review needed,./2026-07-29-iris-supervisor-bilingual-transcript.he-en.md#s-0863
S-0864,00:35:49.580,00:35:51.440,Unresolved,Unknown,No automatic diarization; human audiovisual review required,"תסתקן אותי אם לזה התכוונת או לא,",,"Correct me if you meant that or not,",,Requirement,Control-linked,R-12; A-11; Q-06,,,,,,Machine-only; human review needed,./2026-07-29-iris-supervisor-bilingual-transcript.he-en.md#s-0864
S-0865,00:35:51.740,00:35:54.800,Unresolved,Unknown,No automatic diarization; human audiovisual review required,"אי אפשר לעבוד איתם עם אל אליהם קומרשיאל,",,"It's impossible to work with them without empathy,",,Requirement,Control-linked,R-12; A-11; Q-06,,,,,,Machine-only; human review needed,./2026-07-29-iris-supervisor-bilingual-transcript.he-en.md#s-0865
S-0866,00:35:55.140,00:35:57.680,Unresolved,Unknown,No automatic diarization; human audiovisual review required,ואל אליהם שמחוברים אונליין.,,and also those who are connected online.,,Requirement,Control-linked,R-12; A-11; Q-06,,,,,,Machine-only; human review needed,./2026-07-29-iris-supervisor-bilingual-transcript.he-en.md#s-0866
S-0867,00:35:58.220,00:36:01.860,Unresolved,Unknown,No automatic diarization; human audiovisual review required,"אלא צריך לעבוד עם אל אליהם שמקומיים,",,"but one needs to work with those who are local,",,Requirement,Control-linked,R-12; A-11; Q-06,,,,,,Machine-only; human review needed,./2026-07-29-iris-supervisor-bilingual-transcript.he-en.md#s-0867
S-0868,00:36:02.180,00:36:03.880,Unresolved,Unknown,No automatic diarization; human audiovisual review required,"שמגדירים, וגם זה צריך...",,"who define, and this also needs...",,Requirement,Control-linked,R-12; A-11; Q-06,,,,,,Machine-only; human review needed,./2026-07-29-iris-supervisor-bilingual-transcript.he-en.md#s-0868
S-0869,00:36:03.880,00:36:07.400,Unresolved,Unknown,No automatic diarization; human audiovisual review required,"יש כאלה, ויש עבודות שנעשו גם בעולם הרפואי,",,"There are such cases, and there are works done even in the medical field,",,Requirement,Control-linked,R-12; A-11; Q-06,,,,,,Machine-only; human review needed,./2026-07-29-iris-supervisor-bilingual-transcript.he-en.md#s-0869
S-0870,00:36:07.400,00:36:10.620,Unresolved,Unknown,No automatic diarization; human audiovisual review required,"לדבר הזה, אני מציעה לא להיכנס לזה עכשיו,",,"regarding this matter, I suggest not going into it now,",,Requirement,Control-linked,R-12; A-11; Q-06,,,,,,Machine-only; human review needed,./2026-07-29-iris-supervisor-bilingual-transcript.he-en.md#s-0870
S-0871,00:36:10.700,00:36:11.780,Unresolved,Unknown,No automatic diarization; human audiovisual review required,"אולי בהצעה,",,"maybe in a suggestion,",,Requirement,Control-linked,R-12; A-11; Q-06,,,,,,Machine-only; human review needed,./2026-07-29-iris-supervisor-bilingual-transcript.he-en.md#s-0871
S-0872,00:36:11.840,00:36:13.520,Unresolved,Unknown,No automatic diarization; human audiovisual review required,"כן, לציין את זה,",,"Yes, mention that,",,Requirement,Control-linked,R-12; A-11; Q-06,,,,,,Machine-only; human review needed,./2026-07-29-iris-supervisor-bilingual-transcript.he-en.md#s-0872
S-0873,00:36:13.840,00:36:16.840,Unresolved,Unknown,No automatic diarization; human audiovisual review required,"אבל ברור שאני צריך אחד הצעדים,",,but clearly I need one of the steps.,,Requirement,Control-linked,R-12; A-11; Q-06,,,,,,Machine-only; human review needed,./2026-07-29-iris-supervisor-bilingual-transcript.he-en.md#s-0873
S-0874,00:36:17.260,00:36:21.380,Unresolved,Unknown,No automatic diarization; human audiovisual review required,"לבדוק איזה אל אליהם כאלה קיימים אז,",,"To check if such gods exist then,",,Requirement,Control-linked,R-12; A-11; Q-06,,,,,,Machine-only; human review needed,./2026-07-29-iris-supervisor-bilingual-transcript.he-en.md#s-0874
S-0875,00:36:21.780,00:36:22.620,Unresolved,Unknown,No automatic diarization; human audiovisual review required,"זאת אומרת,",,"This means,",,Requirement,Control-linked,R-12; A-11; Q-06,,,,,,Machine-only; human review needed,./2026-07-29-iris-supervisor-bilingual-transcript.he-en.md#s-0875
S-0876,00:36:23.620,00:36:26.040,Unresolved,Unknown,No automatic diarization; human audiovisual review required,"כשנגיע לזה,",,"When we get to this point,",,Requirement,Control-linked,R-12; A-11; Q-06,,,,,,Machine-only; human review needed,./2026-07-29-iris-supervisor-bilingual-transcript.he-en.md#s-0876
S-0877,00:36:26.040,00:36:31.260,Unresolved,Unknown,No automatic diarization; human audiovisual review required,"ומה הם הכי טובים לסיפור שאנחנו נרצה אותו,",,"And what are the best for the story we want it to be,",,Requirement,Control-linked,R-12; A-11; Q-06,,,,,,Machine-only; human review needed,./2026-07-29-iris-supervisor-bilingual-transcript.he-en.md#s-0877
S-0878,00:36:32.350,00:36:32.650,Unresolved,Unknown,No automatic diarization; human audiovisual review required,אוקיי?,,Okay?,,Requirement,Control-linked,R-12; A-11; Q-06,,,,,,Machine-only; human review needed,./2026-07-29-iris-supervisor-bilingual-transcript.he-en.md#s-0878
S-0879,00:36:33.110,00:36:33.550,Unresolved,Unknown,No automatic diarization; human audiovisual review required,"אבל,",,"But,",,Requirement,Control-linked,R-12; A-11,,,,,,Machine-only; human review needed,./2026-07-29-iris-supervisor-bilingual-transcript.he-en.md#s-0879
S-0880,00:36:33.990,00:36:37.050,Unresolved,Unknown,No automatic diarization; human audiovisual review required,"כן, זה נקודה חשובה,",,"Yes, this is an important point,",,Requirement,Control-linked,R-12; A-11,,,,,,Machine-only; human review needed,./2026-07-29-iris-supervisor-bilingual-transcript.he-en.md#s-0880
S-0881,00:36:37.290,00:36:38.930,Unresolved,Unknown,No automatic diarization; human audiovisual review required,"כל ההיבטים של פרטיות,",,"All aspects of privacy,",,Requirement,Control-linked,R-12; A-11,,,,,,Machine-only; human review needed,./2026-07-29-iris-supervisor-bilingual-transcript.he-en.md#s-0881
S-0882,00:36:39.270,00:36:41.690,Unresolved,Unknown,No automatic diarization; human audiovisual review required,"כל ההיבטים של דברים שהם יכולים להיות אונליין,",,"All aspects of things that can be online,",,Requirement,Control-linked,R-12; A-11,,,,,,Machine-only; human review needed,./2026-07-29-iris-supervisor-bilingual-transcript.he-en.md#s-0882
S-0883,00:36:41.750,00:36:42.550,Unresolved,Unknown,No automatic diarization; human audiovisual review required,"וכל הדברים האלה,",,"And all these things,",,Requirement,Control-linked,R-12; A-11,,,,,,Machine-only; human review needed,./2026-07-29-iris-supervisor-bilingual-transcript.he-en.md#s-0883
S-0884,00:36:42.930,00:36:44.890,Unresolved,Unknown,No automatic diarization; human audiovisual review required,"אני חושבת שאנחנו מבינים שמטבע הדברים,",,"I think we understand that in reality,",,Requirement,Control-linked,R-12; A-11,,,,,,Machine-only; human review needed,./2026-07-29-iris-supervisor-bilingual-transcript.he-en.md#s-0884
S-0885,00:36:45.010,00:36:47.990,Unresolved,Unknown,No automatic diarization; human audiovisual review required,"אנחנו לא יכולים לעשות בהם שימוש,",,"We cannot make use of them,",,Requirement,Control-linked,R-12; A-11,,,,,,Machine-only; human review needed,./2026-07-29-iris-supervisor-bilingual-transcript.he-en.md#s-0885
S-0886,00:36:48.070,00:36:52.050,Unresolved,Unknown,No automatic diarization; human audiovisual review required,"גם אם נותנים לנו אפשרות גישה אליהם,",,"Even if we are given access to them somehow,",,Requirement,Control-linked,R-12; A-11,,,,,,Machine-only; human review needed,./2026-07-29-iris-supervisor-bilingual-transcript.he-en.md#s-0886
S-0887,00:36:52.090,00:36:52.770,Unresolved,Unknown,No automatic diarization; human audiovisual review required,"באיזושהי צורה,",,"We cannot pass this on,",,Requirement,Control-linked,R-12; A-11,,,,,,Machine-only; human review needed,./2026-07-29-iris-supervisor-bilingual-transcript.he-en.md#s-0887
S-0888,00:36:52.870,00:36:54.650,Unresolved,Unknown,No automatic diarization; human audiovisual review required,"אנחנו לא יכולים להעביר את זה הלאה,",,"The access is for us for research purposes,",,Requirement,Control-linked,R-12; A-11,,,,,,Machine-only; human review needed,./2026-07-29-iris-supervisor-bilingual-transcript.he-en.md#s-0888
S-0889,00:36:54.650,00:36:57.210,Unresolved,Unknown,No automatic diarization; human audiovisual review required,"הגישה היא אלינו לצורך המחקר,",,And for the specific objectives that will be defined there.,,Requirement,Control-linked,R-12; A-11,,,,,,Machine-only; human review needed,./2026-07-29-iris-supervisor-bilingual-transcript.he-en.md#s-0889
S-0890,00:36:57.310,00:37:01.050,Unresolved,Unknown,No automatic diarization; human audiovisual review required,ולצורך המטרות הספציפיות שיוגדרו שם.,,"What I tried to do,",,Requirement,Control-linked,R-12; A-11,,,,,,Machine-only; human review needed,./2026-07-29-iris-supervisor-bilingual-transcript.he-en.md#s-0890
S-0891,00:37:01.810,00:37:03.810,Unresolved,Unknown,No automatic diarization; human audiovisual review required,"מה שניסיתי לעשות,",,"What I tried to do,",,Context,Human-review-needed,,,,,,,Machine-only; human review needed,./2026-07-29-iris-supervisor-bilingual-transcript.he-en.md#s-0891
S-0892,00:37:03.890,00:37:04.650,Unresolved,Unknown,No automatic diarization; human audiovisual review required,"כן, דבר.",,"Okay, agreed.",,Context,Human-review-needed,,,,,,,Machine-only; human review needed,./2026-07-29-iris-supervisor-bilingual-transcript.he-en.md#s-0892
S-0893,00:37:04.750,00:37:05.510,Unresolved,Unknown,No automatic diarization; human audiovisual review required,"עד כמה שאני יודע,",,"As far as I know,",,Context,Human-review-needed,,,,,,,Machine-only; human review needed,./2026-07-29-iris-supervisor-bilingual-transcript.he-en.md#s-0893
S-0894,00:37:05.590,00:37:07.370,Unresolved,Unknown,No automatic diarization; human audiovisual review required,"כרגע בסורוקא אין כזה אל אליהם,",,"Currently in Soroka there isn't such a thing for them,",,Context,Human-review-needed,,,,,,,Machine-only; human review needed,./2026-07-29-iris-supervisor-bilingual-transcript.he-en.md#s-0894
S-0895,00:37:07.590,00:37:08.150,Unresolved,Unknown,No automatic diarization; human audiovisual review required,"אבל אולי,",,"But maybe,",,Context,Human-review-needed,,,,,,,Machine-only; human review needed,./2026-07-29-iris-supervisor-bilingual-transcript.he-en.md#s-0895
S-0896,00:37:08.810,00:37:09.690,Unresolved,Unknown,No automatic diarization; human audiovisual review required,"אבל זה יגיע,",,"But it will come,",,Context,Human-review-needed,,,,,,,Machine-only; human review needed,./2026-07-29-iris-supervisor-bilingual-transcript.he-en.md#s-0896
S-0897,00:37:09.810,00:37:10.550,Unresolved,Unknown,No automatic diarization; human audiovisual review required,אני חושב שזה יגיע.,,I think it will come.,,Context,Human-review-needed,,,,,,,Machine-only; human review needed,./2026-07-29-iris-supervisor-bilingual-transcript.he-en.md#s-0897
S-0898,00:37:12.190,00:37:13.450,Unresolved,Unknown,No automatic diarization; human audiovisual review required,"יש אל אליהמים כאלה,",,"There are such gods for them,",,Context,Human-review-needed,,,,,,,Machine-only; human review needed,./2026-07-29-iris-supervisor-bilingual-transcript.he-en.md#s-0898
S-0899,00:37:13.530,00:37:15.230,Unresolved,Unknown,No automatic diarization; human audiovisual review required,למה סורוקא לא שמעים את זה?,,Why doesn't Soroka hear about this?,,Context,Human-review-needed,,,,,,,Machine-only; human review needed,./2026-07-29-iris-supervisor-bilingual-transcript.he-en.md#s-0899
S-0900,00:37:15.470,00:37:17.810,Unresolved,Unknown,No automatic diarization; human audiovisual review required,"זה אולי עניין רגולטורי,",,"This might be a regulatory issue,",,Context,Human-review-needed,,,,,,,Machine-only; human review needed,./2026-07-29-iris-supervisor-bilingual-transcript.he-en.md#s-0900
S-0901,00:37:17.930,00:37:19.930,Unresolved,Unknown,No automatic diarization; human audiovisual review required,ודברים מהסוג הזה.,,And things of this kind.,,Context,Human-review-needed,,,,,,,Machine-only; human review needed,./2026-07-29-iris-supervisor-bilingual-transcript.he-en.md#s-0901
S-0902,00:37:19.950,00:37:20.050,Unresolved,Unknown,No automatic diarization; human audiovisual review required,"ברור,",,"Clear,",,Context,Human-review-needed,,,,,,,Machine-only; human review needed,./2026-07-29-iris-supervisor-bilingual-transcript.he-en.md#s-0902
S-0903,00:37:20.330,00:37:20.850,Unresolved,Unknown,No automatic diarization; human audiovisual review required,"ברור,",,"Clear,",,Context,Human-review-needed,,,,,,,Machine-only; human review needed,./2026-07-29-iris-supervisor-bilingual-transcript.he-en.md#s-0903
S-0904,00:37:21.170,00:37:23.070,Unresolved,Unknown,No automatic diarization; human audiovisual review required,זה מה שקורה.,,This is what happens.,,Context,Human-review-needed,,,,,,,Machine-only; human review needed,./2026-07-29-iris-supervisor-bilingual-transcript.he-en.md#s-0904
S-0905,00:37:23.870,00:37:25.030,Unresolved,Unknown,No automatic diarization; human audiovisual review required,עכשיו אני בטוח להיכנס.,,Now I'm sure to enter.,,Context,Human-review-needed,,,,,,,Machine-only; human review needed,./2026-07-29-iris-supervisor-bilingual-transcript.he-en.md#s-0905
S-0906,00:37:25.030,00:37:26.190,Unresolved,Unknown,No automatic diarization; human audiovisual review required,שואל לי אם אתם מכירים?,,Asking if you know them?,,Context,Human-review-needed,,,,,,,Machine-only; human review needed,./2026-07-29-iris-supervisor-bilingual-transcript.he-en.md#s-0906
S-0907,00:37:26.570,00:37:27.650,Unresolved,Unknown,No automatic diarization; human audiovisual review required,"ובתיכולים אחרים,",,"And in other capacities,",,Context,Human-review-needed,,,,,,,Machine-only; human review needed,./2026-07-29-iris-supervisor-bilingual-transcript.he-en.md#s-0907
S-0908,00:37:29.230,00:37:30.230,Unresolved,Unknown,No automatic diarization; human audiovisual review required,"על אליהם הם כאילו,",,"About whom they seem,",,Context,Human-review-needed,,,,,,,Machine-only; human review needed,./2026-07-29-iris-supervisor-bilingual-transcript.he-en.md#s-0908
S-0909,00:37:30.350,00:37:32.690,Unresolved,Unknown,No automatic diarization; human audiovisual review required,"הם כבר הכניסו את הטוכנולוגיה,",,They have already introduced the technology.,,Context,Human-review-needed,,,,,,,Machine-only; human review needed,./2026-07-29-iris-supervisor-bilingual-transcript.he-en.md#s-0909
S-0910,00:37:32.830,00:37:34.010,Unresolved,Unknown,No automatic diarization; human audiovisual review required,"של כל מה שקושור ל-AI,",,"Regarding everything related to AI,",,Context,Human-review-needed,,,,,,,Machine-only; human review needed,./2026-07-29-iris-supervisor-bilingual-transcript.he-en.md#s-0910
S-0911,00:37:34.290,00:37:36.470,Unresolved,Unknown,No automatic diarization; human audiovisual review required,או שעדיין לא משתמשים בהם?,,or are they still not using them?,,Context,Human-review-needed,,,,,,,Machine-only; human review needed,./2026-07-29-iris-supervisor-bilingual-transcript.he-en.md#s-0911
S-0912,00:37:38.480,00:37:39.480,Unresolved,Unknown,No automatic diarization; human audiovisual review required,אני לא יודע להגיד.,,I don't know how to say.,,Context,Human-review-needed,,,,,,,Machine-only; human review needed,./2026-07-29-iris-supervisor-bilingual-transcript.he-en.md#s-0912
S-0913,00:37:39.860,00:37:40.440,Unresolved,Unknown,No automatic diarization; human audiovisual review required,אני לא יודע להגיד.,,I don't know how to say.,,Context,Human-review-needed,,,,,,,Machine-only; human review needed,./2026-07-29-iris-supervisor-bilingual-transcript.he-en.md#s-0913
S-0914,00:37:40.460,00:37:42.180,Unresolved,Unknown,No automatic diarization; human audiovisual review required,"אני לא שאלתי בכללית,",,"I didn't ask the general public,",,Context,Human-review-needed,,,,,,,Machine-only; human review needed,./2026-07-29-iris-supervisor-bilingual-transcript.he-en.md#s-0914
S-0915,00:37:42.280,00:37:44.320,Unresolved,Unknown,No automatic diarization; human audiovisual review required,"אבל כשדיברתי,",,"but when I spoke with her,",,Context,Human-review-needed,,,,,,,Machine-only; human review needed,./2026-07-29-iris-supervisor-bilingual-transcript.he-en.md#s-0915
S-0916,00:37:44.880,00:37:45.720,Unresolved,Unknown,No automatic diarization; human audiovisual review required,"איתה,",,"with her,",,Context,Human-review-needed,,,,,,,Machine-only; human review needed,./2026-07-29-iris-supervisor-bilingual-transcript.he-en.md#s-0916
S-0917,00:37:45.780,00:37:46.400,Unresolved,Unknown,No automatic diarization; human audiovisual review required,"כמו שאמרתי,",,"as I said,",,Context,Human-review-needed,,,,,,,Machine-only; human review needed,./2026-07-29-iris-supervisor-bilingual-transcript.he-en.md#s-0917
S-0918,00:37:48.160,00:37:49.340,Unresolved,Unknown,No automatic diarization; human audiovisual review required,"יש לה גם כובע,",,"she also has a hat,",,Context,Human-review-needed,,,,,,,Machine-only; human review needed,./2026-07-29-iris-supervisor-bilingual-transcript.he-en.md#s-0918
S-0919,00:37:49.380,00:37:51.200,Unresolved,Unknown,No automatic diarization; human audiovisual review required,"שלא לגמרי הבנתי,",,"which I didn't quite understand,",,Context,Human-review-needed,,,,,,,Machine-only; human review needed,./2026-07-29-iris-supervisor-bilingual-transcript.he-en.md#s-0919
S-0920,00:37:51.520,00:37:52.380,Unresolved,Unknown,No automatic diarization; human audiovisual review required,"מהו,",,"what it is,",,Context,Human-review-needed,,,,,,,Machine-only; human review needed,./2026-07-29-iris-supervisor-bilingual-transcript.he-en.md#s-0920
S-0921,00:37:52.700,00:37:53.540,Unresolved,Unknown,No automatic diarization; human audiovisual review required,"בסטטיסטיקה,",,"in statistics,",,Context,Human-review-needed,,,,,,,Machine-only; human review needed,./2026-07-29-iris-supervisor-bilingual-transcript.he-en.md#s-0921
S-0922,00:37:53.540,00:37:54.780,Unresolved,Unknown,No automatic diarization; human audiovisual review required,"וכל מה שהיא דיברה אליו,",,"And everything she spoke to him about it,",,Context,Human-review-needed,,,,,,,Machine-only; human review needed,./2026-07-29-iris-supervisor-bilingual-transcript.he-en.md#s-0922
S-0923,00:37:55.100,00:37:57.420,Unresolved,Unknown,No automatic diarization; human audiovisual review required,"זה איך מופעילים AI על הדברים האלה,",,"This is how AI operationalizes these things,",,Context,Human-review-needed,,,,,,,Machine-only; human review needed,./2026-07-29-iris-supervisor-bilingual-transcript.he-en.md#s-0923
S-0924,00:37:57.500,00:37:58.220,Unresolved,Unknown,No automatic diarization; human audiovisual review required,"איך עושים את זה,",,"How they do this,",,Context,Human-review-needed,,,,,,,Machine-only; human review needed,./2026-07-29-iris-supervisor-bilingual-transcript.he-en.md#s-0924
S-0925,00:37:58.320,00:37:59.540,Unresolved,Unknown,No automatic diarization; human audiovisual review required,"אז אני משערת,",,"So I speculate,",,Context,Human-review-needed,,,,,,,Machine-only; human review needed,./2026-07-29-iris-supervisor-bilingual-transcript.he-en.md#s-0925
S-0926,00:37:59.900,00:38:02.260,Unresolved,Unknown,No automatic diarization; human audiovisual review required,שהיא מבינה את ההשלכות של הדברים האלה.,,That she understands the implications of these things.,,Context,Human-review-needed,,,,,,,Machine-only; human review needed,./2026-07-29-iris-supervisor-bilingual-transcript.he-en.md#s-0926
S-0927,00:38:02.600,00:38:04.100,Unresolved,Unknown,No automatic diarization; human audiovisual review required,"מבחינת כללית,",,"From a general perspective,",,Context,Human-review-needed,,,,,,,Machine-only; human review needed,./2026-07-29-iris-supervisor-bilingual-transcript.he-en.md#s-0927
S-0928,00:38:04.200,00:38:05.000,Unresolved,Unknown,No automatic diarization; human audiovisual review required,"מה שיש להם,",,"What they have,",,Context,Human-review-needed,,,,,,,Machine-only; human review needed,./2026-07-29-iris-supervisor-bilingual-transcript.he-en.md#s-0928
S-0929,00:38:05.460,00:38:13.260,Unresolved,Unknown,No automatic diarization; human audiovisual review required,"זה מידע על חמישה מיליון חולים חיים,",,"It's information about five million living patients,",,Context,Human-review-needed,,,,,,,Machine-only; human review needed,./2026-07-29-iris-supervisor-bilingual-transcript.he-en.md#s-0929
S-0930,00:38:13.260,00:38:15.760,Unresolved,Unknown,No automatic diarization; human audiovisual review required,"ועוד שלושה מיליון חולים,",,"And three million more patients,",,Context,Human-review-needed,,,,,,,Machine-only; human review needed,./2026-07-29-iris-supervisor-bilingual-transcript.he-en.md#s-0930
S-0931,00:38:16.120,00:38:16.940,Unresolved,Unknown,No automatic diarization; human audiovisual review required,"כאילו מתים,",,"As if dead,",,Context,Human-review-needed,,,,,,,Machine-only; human review needed,./2026-07-29-iris-supervisor-bilingual-transcript.he-en.md#s-0931
S-0932,00:38:18.050,00:38:18.670,Unresolved,Unknown,No automatic diarization; human audiovisual review required,"שהיו חולים,",,"Who were patients,",,Context,Human-review-needed,,,,,,,Machine-only; human review needed,./2026-07-29-iris-supervisor-bilingual-transcript.he-en.md#s-0932
S-0933,00:38:18.730,00:38:19.110,Unresolved,Unknown,No automatic diarization; human audiovisual review required,מתישהו.,,At some point.,,Context,Human-review-needed,,,,,,,Machine-only; human review needed,./2026-07-29-iris-supervisor-bilingual-transcript.he-en.md#s-0933
S-0934,00:38:19.740,00:38:19.900,Unresolved,Unknown,No automatic diarization; human audiovisual review required,כן.,,Yes.,,Context,Human-review-needed,,,,,,,Machine-only; human review needed,./2026-07-29-iris-supervisor-bilingual-transcript.he-en.md#s-0934
S-0935,00:38:21.700,00:38:22.520,Unresolved,Unknown,No automatic diarization; human audiovisual review required,"שהכוונה היא,",,"The intention is,",,Context,Human-review-needed,,,,,,,Machine-only; human review needed,./2026-07-29-iris-supervisor-bilingual-transcript.he-en.md#s-0935
S-0936,00:38:22.760,00:38:24.260,Unresolved,Unknown,No automatic diarization; human audiovisual review required,"לכל הדייטה עליהם,",,"For all the diets they are on,",,Context,Human-review-needed,,,,,,,Machine-only; human review needed,./2026-07-29-iris-supervisor-bilingual-transcript.he-en.md#s-0936
S-0937,00:38:26.820,00:38:28.880,Unresolved,Unknown,No automatic diarization; human audiovisual review required,"כולל אשפוזים,",,"Including treatments,",,Context,Human-review-needed,,,,,,,Machine-only; human review needed,./2026-07-29-iris-supervisor-bilingual-transcript.he-en.md#s-0937
S-0938,00:38:29.000,00:38:30.000,Unresolved,Unknown,No automatic diarization; human audiovisual review required,"כולל בדיקות,",,"Including tests,",,Context,Human-review-needed,,,,,,,Machine-only; human review needed,./2026-07-29-iris-supervisor-bilingual-transcript.he-en.md#s-0938
S-0939,00:38:30.120,00:38:31.880,Unresolved,Unknown,No automatic diarization; human audiovisual review required,"כולל אבחנות,",,Including diagnoses.,,Context,Human-review-needed,,,,,,,Machine-only; human review needed,./2026-07-29-iris-supervisor-bilingual-transcript.he-en.md#s-0939
S-0940,00:38:31.880,00:38:35.720,Unresolved,Unknown,No automatic diarization; human audiovisual review required,"כולל דימות,",,"Including immunity,",,Context,Human-review-needed,,,,,,,Machine-only; human review needed,./2026-07-29-iris-supervisor-bilingual-transcript.he-en.md#s-0940
S-0941,00:38:35.760,00:38:37.340,Unresolved,Unknown,No automatic diarization; human audiovisual review required,"ששם יש להם קצת פחות,",,"where they have a bit less,",,Context,Human-review-needed,,,,,,,Machine-only; human review needed,./2026-07-29-iris-supervisor-bilingual-transcript.he-en.md#s-0941
S-0942,00:38:37.400,00:38:38.280,Unresolved,Unknown,No automatic diarization; human audiovisual review required,"כל הנושא של רנדגד,",,"the entire Ranggd topic,",,Context,Human-review-needed,,,,,,,Machine-only; human review needed,./2026-07-29-iris-supervisor-bilingual-transcript.he-en.md#s-0942
S-0943,00:38:38.340,00:38:38.660,Unresolved,Unknown,No automatic diarization; human audiovisual review required,"והכל,",,"and everything,",,Context,Human-review-needed,,,,,,,Machine-only; human review needed,./2026-07-29-iris-supervisor-bilingual-transcript.he-en.md#s-0943
S-0944,00:38:39.060,00:38:40.540,Unresolved,Unknown,No automatic diarization; human audiovisual review required,"המערכת עוד לא לגמרי מחוברת,",,"the system is not fully connected yet,",,Context,Human-review-needed,,,,,,,Machine-only; human review needed,./2026-07-29-iris-supervisor-bilingual-transcript.he-en.md#s-0944
S-0945,00:38:40.580,00:38:43.700,Unresolved,Unknown,No automatic diarization; human audiovisual review required,"אז יש להם את כל המידע,",,"so they have all the information,",,Context,Human-review-needed,,,,,,,Machine-only; human review needed,./2026-07-29-iris-supervisor-bilingual-transcript.he-en.md#s-0945
S-0946,00:38:43.700,00:38:44.480,Unresolved,Unknown,No automatic diarization; human audiovisual review required,"לפני,",,"before,",,Context,Human-review-needed,,,,,,,Machine-only; human review needed,./2026-07-29-iris-supervisor-bilingual-transcript.he-en.md#s-0946
S-0947,00:38:44.560,00:38:45.580,Unresolved,Unknown,No automatic diarization; human audiovisual review required,"אבל אין להם את התוצאות,",,"but they do not have the results,",,Context,Human-review-needed,,,,,,,Machine-only; human review needed,./2026-07-29-iris-supervisor-bilingual-transcript.he-en.md#s-0947
S-0948,00:38:45.660,00:38:47.460,Unresolved,Unknown,No automatic diarization; human audiovisual review required,"אז יש להם די הרבה מידע,",,"so they have quite a lot of information,",,Context,Human-review-needed,,,,,,,Machine-only; human review needed,./2026-07-29-iris-supervisor-bilingual-transcript.he-en.md#s-0948
S-0949,00:38:47.560,00:38:48.740,Unresolved,Unknown,No automatic diarization; human audiovisual review required,לדברים האלה.,,for these things.,,Context,Human-review-needed,,,,,,,Machine-only; human review needed,./2026-07-29-iris-supervisor-bilingual-transcript.he-en.md#s-0949
S-0950,00:38:50.080,00:38:51.380,Unresolved,Unknown,No automatic diarization; human audiovisual review required,"כמובן שהם לא יוכלו,",,"Of course, they cannot,",,Requirement,Control-linked,R-12; Q-09,,,,,,Machine-only; human review needed,./2026-07-29-iris-supervisor-bilingual-transcript.he-en.md#s-0950
S-0951,00:38:51.980,00:38:52.500,Unresolved,Unknown,No automatic diarization; human audiovisual review required,"כאילו,",,"as if,",,Requirement,Control-linked,R-12; Q-09,,,,,,Machine-only; human review needed,./2026-07-29-iris-supervisor-bilingual-transcript.he-en.md#s-0951
S-0952,00:38:52.580,00:38:53.800,Unresolved,Unknown,No automatic diarization; human audiovisual review required,"הם לא מעבירים לנו את זה,",,"they are not passing it to us,",,Requirement,Control-linked,R-12; Q-09,,,,,,Machine-only; human review needed,./2026-07-29-iris-supervisor-bilingual-transcript.he-en.md#s-0952
S-0953,00:38:54.040,00:38:55.620,Unresolved,Unknown,No automatic diarization; human audiovisual review required,"וכמובן שהם לא יוכלו,",,"and of course, they cannot,",,Requirement,Control-linked,R-12; Q-09,,,,,,Machine-only; human review needed,./2026-07-29-iris-supervisor-bilingual-transcript.he-en.md#s-0953
S-0954,00:38:56.660,00:38:59.660,Unresolved,Unknown,No automatic diarization; human audiovisual review required,"הם כן יכולים להבטיח גישה לנו,",,"they can ensure access for us,",,Requirement,Control-linked,R-12; Q-09,,,,,,Machine-only; human review needed,./2026-07-29-iris-supervisor-bilingual-transcript.he-en.md#s-0954
S-0955,00:38:59.820,00:39:01.760,Unresolved,Unknown,No automatic diarization; human audiovisual review required,"צריך לבדוק מה צריך,",,"we need to check what is required,",,Requirement,Control-linked,R-12; Q-09,,,,,,Machine-only; human review needed,./2026-07-29-iris-supervisor-bilingual-transcript.he-en.md#s-0955
S-0956,00:39:01.860,00:39:03.160,Unresolved,Unknown,No automatic diarization; human audiovisual review required,"אבל אני משאה שהיא מבינה,",,"but I hope she understands,",,Context,Human-review-needed,,,,,,,Machine-only; human review needed,./2026-07-29-iris-supervisor-bilingual-transcript.he-en.md#s-0956
S-0957,00:39:03.280,00:39:05.480,Unresolved,Unknown,No automatic diarization; human audiovisual review required,"שאם כלים של AI עובדים על זה,",,that if AI tools work on this.,,Context,Human-review-needed,,,,,,,Machine-only; human review needed,./2026-07-29-iris-supervisor-bilingual-transcript.he-en.md#s-0957
S-0958,00:39:08.510,00:39:11.300,Unresolved,Unknown,No automatic diarization; human audiovisual review required,"כל מה שדיברנו זה על כלים של AI,",,"All of this we talked about are AI tools,",,Context,Human-review-needed,,,,,,,Machine-only; human review needed,./2026-07-29-iris-supervisor-bilingual-transcript.he-en.md#s-0958
S-0959,00:39:11.500,00:39:11.880,Unresolved,Unknown,No automatic diarization; human audiovisual review required,"זאת אומרת,",,"That means,",,Context,Human-review-needed,,,,,,,Machine-only; human review needed,./2026-07-29-iris-supervisor-bilingual-transcript.he-en.md#s-0959
S-0960,00:39:11.900,00:39:13.120,Unresolved,Unknown,No automatic diarization; human audiovisual review required,לא דיברנו על דברים אחרים.,,We didn't talk about other things.,,Context,Human-review-needed,,,,,,,Machine-only; human review needed,./2026-07-29-iris-supervisor-bilingual-transcript.he-en.md#s-0960
S-0961,00:39:13.790,00:39:13.970,Unresolved,Unknown,No automatic diarization; human audiovisual review required,כן.,,Yes.,,Context,Human-review-needed,,,,,,,Machine-only; human review needed,./2026-07-29-iris-supervisor-bilingual-transcript.he-en.md#s-0961
S-0962,00:39:14.150,00:39:23.630,Unresolved,Unknown,No automatic diarization; human audiovisual review required,"אני מנסה שנייה להבין האם בתוך מימיק יש לי גם את כל הדברים הנוספים,",,"I'm trying to understand for a moment whether in MIMIC I also have all the additional things,",,Context,Human-review-needed,,,,,,,Machine-only; human review needed,./2026-07-29-iris-supervisor-bilingual-transcript.he-en.md#s-0962
S-0963,00:39:24.150,00:39:25.850,Unresolved,Unknown,No automatic diarization; human audiovisual review required,"אז אני אגיד רק שבמימיק,",,"So I'll just say that in MIMIC,",,Context,Human-review-needed,,,,,,,Machine-only; human review needed,./2026-07-29-iris-supervisor-bilingual-transcript.he-en.md#s-0963
S-0964,00:39:26.150,00:39:28.910,Unresolved,Unknown,No automatic diarization; human audiovisual review required,"אולי אני אפילו ישנה את זה קצת,",,"Maybe I even change it a bit,",,Context,Human-review-needed,,,,,,,Machine-only; human review needed,./2026-07-29-iris-supervisor-bilingual-transcript.he-en.md#s-0964
S-0965,00:39:30.970,00:39:33.550,Unresolved,Unknown,No automatic diarization; human audiovisual review required,"ארנון, אני אומרת שאני משנה את זה,",,"Arnon, I say that I change it,",,Context,Human-review-needed,,,,,,,Machine-only; human review needed,./2026-07-29-iris-supervisor-bilingual-transcript.he-en.md#s-0965
S-0966,00:39:33.870,00:39:36.970,Unresolved,Unknown,No automatic diarization; human audiovisual review required,"אני עושה פולדר בתוך מימיק דאטה סט,",,"I make a folder in MIMIC data set,",,Context,Human-review-needed,,,,,,,Machine-only; human review needed,./2026-07-29-iris-supervisor-bilingual-transcript.he-en.md#s-0966
S-0967,00:39:36.970,00:39:44.430,Unresolved,Unknown,No automatic diarization; human audiovisual review required,"ואת האנליסיס ואת כל הדברים אני שמה תחת דאטה סט,",,"and then the analysis and all these things I put under a data set,",,Context,Human-review-needed,,,,,,,Machine-only; human review needed,./2026-07-29-iris-supervisor-bilingual-transcript.he-en.md#s-0967
S-0968,00:39:44.430,00:39:49.990,Unresolved,Unknown,No automatic diarization; human audiovisual review required,"כאילו את כל הקבצים אני שמה אותם דרך דאטה סט,",,"As if I'm putting all the files through a data set,",,Context,Human-review-needed,,,,,,,Machine-only; human review needed,./2026-07-29-iris-supervisor-bilingual-transcript.he-en.md#s-0968
S-0969,00:39:49.990,00:39:55.030,Unresolved,Unknown,No automatic diarization; human audiovisual review required,"בואו נראה שזה לא, את האינדקס הזה הוא לא קשור,",,"Let's see, this index is not related,",,Context,Human-review-needed,,,,,,,Machine-only; human review needed,./2026-07-29-iris-supervisor-bilingual-transcript.he-en.md#s-0969
S-0970,00:39:55.110,00:39:57.410,Unresolved,Unknown,No automatic diarization; human audiovisual review required,"את האינדקס זה משהו שיצרנו אנחנו,",,"This index is something we created,",,Context,Human-review-needed,,,,,,,Machine-only; human review needed,./2026-07-29-iris-supervisor-bilingual-transcript.he-en.md#s-0970
S-0971,00:39:59.830,00:40:00.950,Unresolved,Unknown,No automatic diarization; human audiovisual review required,"דאטה סט,",,"Data set,",,Context,Human-review-needed,,,,,,,Machine-only; human review needed,./2026-07-29-iris-supervisor-bilingual-transcript.he-en.md#s-0971
S-0972,00:40:00.950,00:40:04.790,Unresolved,Unknown,No automatic diarization; human audiovisual review required,"אני רק מסתכלת, אני מארגנת את זה ככה זה,",,"I'm just looking at it, I organize it like this,",,Context,Human-review-needed,,,,,,,Machine-only; human review needed,./2026-07-29-iris-supervisor-bilingual-transcript.he-en.md#s-0972
S-0973,00:40:04.790,00:40:09.560,Unresolved,Unknown,No automatic diarization; human audiovisual review required,"אוקיי, אז בעצם אני אשתף איתך,",,"Okay, so basically I'll share with you,",,Requirement,Control-linked,R-17; A-04; A-05; Q-07,,,,,,Machine-only; human review needed,./2026-07-29-iris-supervisor-bilingual-transcript.he-en.md#s-0973
S-0974,00:40:10.360,00:40:13.120,Unresolved,Unknown,No automatic diarization; human audiovisual review required,"רגע, אולי אני אשתף איתך עכשיו ואז אתה תראה את זה,",,"Hold on, maybe I'll share with you now and then you'll see it,",,Requirement,Control-linked,R-17; A-04; A-05; Q-07,,,,,,Machine-only; human review needed,./2026-07-29-iris-supervisor-bilingual-transcript.he-en.md#s-0974
S-0975,00:40:17.380,00:40:19.020,Unresolved,Unknown,No automatic diarization; human audiovisual review required,"רגע, הוא עושה לי העתקה,",,"Hold on, he's making a copy for me,",,Requirement,Control-linked,R-17; A-04; A-05; Q-07,,,,,,Machine-only; human review needed,./2026-07-29-iris-supervisor-bilingual-transcript.he-en.md#s-0975
S-0976,00:40:19.080,00:40:20.120,Unresolved,Unknown,No automatic diarization; human audiovisual review required,"אז שנייה אחת,",,"Then just one second,",,Requirement,Control-linked,R-17; A-04; A-05; Q-07,,,,,,Machine-only; human review needed,./2026-07-29-iris-supervisor-bilingual-transcript.he-en.md#s-0976
S-0977,00:40:20.990,00:40:22.590,Unresolved,Unknown,No automatic diarization; human audiovisual review required,"הוא עשה כבר 50 אחוז,",,"He's already done 50 percent,",,Requirement,Control-linked,R-17; A-04; A-05; Q-07,,,,,,Machine-only; human review needed,./2026-07-29-iris-supervisor-bilingual-transcript.he-en.md#s-0977
S-0978,00:40:25.890,00:40:26.290,Unresolved,Unknown,No automatic diarization; human audiovisual review required,"אוקיי,",,"Okay,",,Requirement,Control-linked,R-17; A-04; A-05; Q-07,,,,,,Machine-only; human review needed,./2026-07-29-iris-supervisor-bilingual-transcript.he-en.md#s-0978
S-0979,00:40:26.810,00:40:29.450,Unresolved,Unknown,No automatic diarization; human audiovisual review required,"אז אני יכולה עכשיו בעצם,",,"So I can actually now,",,Requirement,Control-linked,R-17; A-04; A-05; Q-07,,,,,,Machine-only; human review needed,./2026-07-29-iris-supervisor-bilingual-transcript.he-en.md#s-0979
S-0980,00:40:30.070,00:40:33.730,Unresolved,Unknown,No automatic diarization; human audiovisual review required,איזה מייל אתה רוצה שאני אעשה לך שיתוף איתו?,,Which mile do you want me to share with you?,,Requirement,Control-linked,R-17; A-04; A-05; Q-07,,,,,,Machine-only; human review needed,./2026-07-29-iris-supervisor-bilingual-transcript.he-en.md#s-0980
S-0981,00:40:34.410,00:40:35.190,Unresolved,Unknown,No automatic diarization; human audiovisual review required,אלא מייל הזה.,,Only this mile.,,Requirement,Control-linked,R-17; A-04; A-05; Q-07,,,,,,Machine-only; human review needed,./2026-07-29-iris-supervisor-bilingual-transcript.he-en.md#s-0981
S-0982,00:40:36.560,00:40:38.820,Unresolved,Unknown,No automatic diarization; human audiovisual review required,"אוקיי, רגע, אתה תגיד לי את ההתחלה,",,"Okay, hold on, you'll tell me the start,",,Requirement,Control-linked,R-17; A-04; A-05; Q-07,,,,,,Machine-only; human review needed,./2026-07-29-iris-supervisor-bilingual-transcript.he-en.md#s-0982
S-0983,00:40:39.020,00:40:41.040,Unresolved,Unknown,No automatic diarization; human audiovisual review required,"ואז אני אקליד אותו שנייה אחת,",,"And then I'll enter it for one second,",,Requirement,Control-linked,R-17; A-04; A-05; Q-07,,,,,,Machine-only; human review needed,./2026-07-29-iris-supervisor-bilingual-transcript.he-en.md#s-0983
S-0984,00:40:41.080,00:40:42.480,Unresolved,Unknown,No automatic diarization; human audiovisual review required,"אני רק צריכה לפתוח את זה,",,"I just need to open it up,",,Requirement,Control-linked,R-17; A-04; A-05; Q-07,,,,,,Machine-only; human review needed,./2026-07-29-iris-supervisor-bilingual-transcript.he-en.md#s-0984
S-0985,00:40:42.480,00:40:50.230,Unresolved,Unknown,No automatic diarization; human audiovisual review required,"ועוד דבר, אני אתן לך גישה לביו,",,"And one more thing, I'll give you access to Bio,",,Requirement,Control-linked,R-17; A-04; A-05; Q-07,,,,,,Machine-only; human review needed,./2026-07-29-iris-supervisor-bilingual-transcript.he-en.md#s-0985
S-0986,00:40:51.290,00:40:54.710,Unresolved,Unknown,No automatic diarization; human audiovisual review required,"כי אני לא רוצה שתשנה דברים שם,",,"Because I don't want you to change anything there,",,Requirement,Control-linked,R-17; A-04; A-05; Q-07,,,,,,Machine-only; human review needed,./2026-07-29-iris-supervisor-bilingual-transcript.he-en.md#s-0986
S-0987,00:40:56.120,00:41:03.400,Unresolved,Unknown,No automatic diarization; human audiovisual review required,"אמרנו שאת כל השינויים אתה תעשה בפולדר שאתה תפתח,",,"We said that all changes would be made in the folder you open,",,Requirement,Control-linked,R-17; A-04; A-05; Q-07,,,,,,Machine-only; human review needed,./2026-07-29-iris-supervisor-bilingual-transcript.he-en.md#s-0987
S-0988,00:41:04.230,00:41:08.510,Unresolved,Unknown,No automatic diarization; human audiovisual review required,"אופן, אוקיי, בואו נראה אם אני הצלחתי לעשות את זה,",,"Okay, fine, let's see if I managed to do this,",,Requirement,Control-linked,R-17; A-04; A-05; Q-07,,,,,,Machine-only; human review needed,./2026-07-29-iris-supervisor-bilingual-transcript.he-en.md#s-0988
S-0989,00:41:09.160,00:41:10.320,Unresolved,Unknown,No automatic diarization; human audiovisual review required,"עתקה הוא עשה,",,"Copy did he make,",,Requirement,Control-linked,R-17; A-04; A-05; Q-07,,,,,,Machine-only; human review needed,./2026-07-29-iris-supervisor-bilingual-transcript.he-en.md#s-0989
S-0990,00:41:11.420,00:41:14.770,Unresolved,Unknown,No automatic diarization; human audiovisual review required,"אוי לא, אה לא, בסדר, סליחה, רגע,",,"Oh no, ah no, okay, sorry, hold on,",,Requirement,Control-linked,R-17; A-04; A-05; Q-07,,,,,,Machine-only; human review needed,./2026-07-29-iris-supervisor-bilingual-transcript.he-en.md#s-0990
S-0991,00:41:21.730,00:41:23.290,Unresolved,Unknown,No automatic diarization; human audiovisual review required,"אני אעשה את זה בצורה כזאת,",,"I'll do it this way,",,Requirement,Control-linked,R-17; A-04; A-05; Q-07,,,,,,Machine-only; human review needed,./2026-07-29-iris-supervisor-bilingual-transcript.he-en.md#s-0991
S-0992,00:41:23.850,00:41:29.980,Unresolved,Unknown,No automatic diarization; human audiovisual review required,"דרייב, אוקיי,",,"Drive, okay,",,Requirement,Control-linked,R-17; A-04; A-05; Q-07,,,,,,Machine-only; human review needed,./2026-07-29-iris-supervisor-bilingual-transcript.he-en.md#s-0992
S-0993,00:41:30.340,00:41:43.140,Unresolved,Unknown,No automatic diarization; human audiovisual review required,"למה זה לא פתח לי את זה,",,"Why didn't this open for me,",,Requirement,Control-linked,R-17; A-04; A-05; Q-07,,,,,,Machine-only; human review needed,./2026-07-29-iris-supervisor-bilingual-transcript.he-en.md#s-0993
S-0994,00:41:43.380,00:41:49.590,Unresolved,Unknown,No automatic diarization; human audiovisual review required,"אוקיי, אוקיי,",,"Okay, okay,",,Requirement,Control-linked,R-17; A-04; A-05; Q-07,,,,,,Machine-only; human review needed,./2026-07-29-iris-supervisor-bilingual-transcript.he-en.md#s-0994
S-0995,00:41:49.950,00:42:04.500,Unresolved,Unknown,No automatic diarization; human audiovisual review required,ואז אני אעשה,,And then I'll do,,Requirement,Control-linked,R-17; A-04; A-05; Q-07,,,,,,Machine-only; human review needed,./2026-07-29-iris-supervisor-bilingual-transcript.he-en.md#s-0995
S-0996,00:42:04.500,00:42:06.690,Unresolved,Unknown,No automatic diarization; human audiovisual review required,"share,",,"share,",,Requirement,Control-linked,R-17; A-04; A-05; Q-07,,,,,,Machine-only; human review needed,./2026-07-29-iris-supervisor-bilingual-transcript.he-en.md#s-0996
S-0997,00:42:09.020,00:42:10.920,Unresolved,Unknown,No automatic diarization; human audiovisual review required,תגיד לי את ההתחלה של האימייל שלך?,,Tell me the start of your email address?,,Requirement,Control-linked,R-17; A-04; A-05; Q-07,,,,,,Machine-only; human review needed,./2026-07-29-iris-supervisor-bilingual-transcript.he-en.md#s-0997
S-0998,00:42:12.110,00:42:12.930,Unresolved,Unknown,No automatic diarization; human audiovisual review required,A-L-I,,A-L-I,,Requirement,Control-linked,R-17; A-04; A-05; Q-07,,,,,,Machine-only; human review needed,./2026-07-29-iris-supervisor-bilingual-transcript.he-en.md#s-0998
S-0999,00:42:12.930,00:42:14.720,Unresolved,Unknown,No automatic diarization; human audiovisual review required,איך? A?,,What? A?,,Requirement,Control-linked,R-17; A-04; A-05; Q-07,,,,,,Machine-only; human review needed,./2026-07-29-iris-supervisor-bilingual-transcript.he-en.md#s-0999
S-1000,00:42:15.510,00:42:16.650,Unresolved,Unknown,No automatic diarization; human audiovisual review required,A-L-I,,A-L-I,,Requirement,Control-linked,R-17; A-04; A-05; Q-07,,,,,,Machine-only; human review needed,./2026-07-29-iris-supervisor-bilingual-transcript.he-en.md#s-1000
S-1001,00:42:16.650,00:42:19.560,Unresolved,Unknown,No automatic diarization; human audiovisual review required,A-L-I,,A-L-I,,Requirement,Control-linked,R-17; A-04; A-05; Q-07,,,,,,Machine-only; human review needed,./2026-07-29-iris-supervisor-bilingual-transcript.he-en.md#s-1001
S-1002,00:42:19.560,00:42:20.140,Unresolved,Unknown,No automatic diarization; human audiovisual review required,נקודה H,,Period H,,Requirement,Control-linked,R-17; A-04; A-05; Q-07,,,,,,Machine-only; human review needed,./2026-07-29-iris-supervisor-bilingual-transcript.he-en.md#s-1002
S-1003,00:42:20.140,00:42:21.160,Unresolved,Unknown,No automatic diarization; human audiovisual review required,נקודה S-R-G,,Period S-R-G,,Requirement,Control-linked,R-17; A-04; A-05; Q-07,,,,,,Machine-only; human review needed,./2026-07-29-iris-supervisor-bilingual-transcript.he-en.md#s-1003
S-1004,00:42:21.160,00:42:22.420,Unresolved,Unknown,No automatic diarization; human audiovisual review required,"J, סליחה?",,"J, excuse me?",,Requirement,Control-linked,R-17; A-04; A-05; Q-07,,,,,,Machine-only; human review needed,./2026-07-29-iris-supervisor-bilingual-transcript.he-en.md#s-1004
S-1005,00:42:22.660,00:42:22.940,Unresolved,Unknown,No automatic diarization; human audiovisual review required,"כן,",,"Yes,",,Requirement,Control-linked,R-17; A-04; A-05; Q-07,,,,,,Machine-only; human review needed,./2026-07-29-iris-supervisor-bilingual-transcript.he-en.md#s-1005
S-1006,00:42:23.260,00:42:23.880,Unresolved,Unknown,No automatic diarization; human audiovisual review required,"אוקיי, כן, סליחה.",,"Okay, yes, excuse me.",,Requirement,Control-linked,R-17; A-04; A-05; Q-07,,,,,,Machine-only; human review needed,./2026-07-29-iris-supervisor-bilingual-transcript.he-en.md#s-1006
S-1007,00:42:23.880,00:42:25.420,Unresolved,Unknown,No automatic diarization; human audiovisual review required,"אוקיי, ואני עושה",,"Okay, and I do",,Requirement,Control-linked,R-17; A-04; A-05; Q-07,,,,,,Machine-only; human review needed,./2026-07-29-iris-supervisor-bilingual-transcript.he-en.md#s-1007
S-1008,00:42:25.420,00:42:25.980,Unresolved,Unknown,No automatic diarization; human audiovisual review required,"viewer,",,"viewer,",,Requirement,Control-linked,R-17; A-04; A-05; Q-07,,,,,,Machine-only; human review needed,./2026-07-29-iris-supervisor-bilingual-transcript.he-en.md#s-1008
S-1009,00:42:27.130,00:42:27.670,Unresolved,Unknown,No automatic diarization; human audiovisual review required,ואני עושה,,and I do,,Requirement,Control-linked,R-17; A-04; A-05; Q-07,,,,,,Machine-only; human review needed,./2026-07-29-iris-supervisor-bilingual-transcript.he-en.md#s-1009
S-1010,00:42:27.670,00:42:28.290,Unresolved,Unknown,No automatic diarization; human audiovisual review required,"send,",,"send,",,Requirement,Control-linked,R-17; A-04; A-05; Q-07,,,,,,Machine-only; human review needed,./2026-07-29-iris-supervisor-bilingual-transcript.he-en.md#s-1010
S-1011,00:42:29.260,00:42:30.120,Unresolved,Unknown,No automatic diarization; human audiovisual review required,"אני רק,",,"I only,",,Action,Control-linked,A-04; A-05; Q-07,,,,,,Machine-only; human review needed,./2026-07-29-iris-supervisor-bilingual-transcript.he-en.md#s-1011
S-1012,00:42:30.660,00:42:32.880,Unresolved,Unknown,No automatic diarization; human audiovisual review required,"תראה שאתה א' מקבל,",,"see that you are A' receiving,",,Action,Control-linked,A-04; A-05; Q-07,,,,,,Machine-only; human review needed,./2026-07-29-iris-supervisor-bilingual-transcript.he-en.md#s-1012
S-1013,00:42:33.000,00:42:33.300,Unresolved,Unknown,No automatic diarization; human audiovisual review required,וב',,and ',,Action,Control-linked,A-04; A-05; Q-07,,,,,,Machine-only; human review needed,./2026-07-29-iris-supervisor-bilingual-transcript.he-en.md#s-1013
S-1014,00:42:33.300,00:42:34.400,Unresolved,Unknown,No automatic diarization; human audiovisual review required,"אנחנו מדברים ככה,",,"we talk like this,",,Action,Control-linked,A-04; A-05; Q-07,,,,,,Machine-only; human review needed,./2026-07-29-iris-supervisor-bilingual-transcript.he-en.md#s-1014
S-1015,00:42:34.660,00:42:35.080,Unresolved,Unknown,No automatic diarization; human audiovisual review required,יש לנו,,we have,,Action,Control-linked,A-05; Q-07,,,,,,Machine-only; human review needed,./2026-07-29-iris-supervisor-bilingual-transcript.he-en.md#s-1015
S-1016,00:42:35.080,00:42:37.200,Unresolved,Unknown,No automatic diarization; human audiovisual review required,בפנים אינדקס שאומר את,,an index inside saying how,,Action,Control-linked,A-05; Q-07,,,,,,Machine-only; human review needed,./2026-07-29-iris-supervisor-bilingual-transcript.he-en.md#s-1016
S-1017,00:42:37.200,00:42:38.400,Unresolved,Unknown,No automatic diarization; human audiovisual review required,איך זה נראה,,it looks,,Action,Control-linked,A-05; Q-07,,,,,,Machine-only; human review needed,./2026-07-29-iris-supervisor-bilingual-transcript.he-en.md#s-1017
S-1018,00:42:38.400,00:42:39.220,Unresolved,Unknown,No automatic diarization; human audiovisual review required,"הדייטסט,",,"the dietest,",,Action,Control-linked,A-05; Q-07,,,,,,Machine-only; human review needed,./2026-07-29-iris-supervisor-bilingual-transcript.he-en.md#s-1018
S-1019,00:42:39.580,00:42:41.180,Unresolved,Unknown,No automatic diarization; human audiovisual review required,יש לנו את הדייטסט שזה,,we have the dietest that is,,Action,Control-linked,A-05; Q-07,,,,,,Machine-only; human review needed,./2026-07-29-iris-supervisor-bilingual-transcript.he-en.md#s-1019
S-1020,00:42:41.180,00:42:43.110,Unresolved,Unknown,No automatic diarization; human audiovisual review required,קבצי,,files,,Action,Control-linked,A-05; Q-07,,,,,,Machine-only; human review needed,./2026-07-29-iris-supervisor-bilingual-transcript.he-en.md#s-1020
S-1021,00:42:43.110,00:42:43.650,Unresolved,Unknown,No automatic diarization; human audiovisual review required,"CSV,",,"CSV,",,Action,Control-linked,A-05; Q-07,,,,,,Machine-only; human review needed,./2026-07-29-iris-supervisor-bilingual-transcript.he-en.md#s-1021
S-1022,00:42:49.790,00:42:51.830,Unresolved,Unknown,No automatic diarization; human audiovisual review required,את הסכם הדיסקריפשן,,the agreement of the discription,,Action,Control-linked,A-05; Q-07,,,,,,Machine-only; human review needed,./2026-07-29-iris-supervisor-bilingual-transcript.he-en.md#s-1022
S-1023,00:42:51.830,00:42:52.590,Unresolved,Unknown,No automatic diarization; human audiovisual review required,אולי אני,,maybe I,,Action,Control-linked,A-05; Q-07,,,,,,Machine-only; human review needed,./2026-07-29-iris-supervisor-bilingual-transcript.he-en.md#s-1023
S-1024,00:42:52.590,00:42:53.270,Unresolved,Unknown,No automatic diarization; human audiovisual review required,"כן, אני אעשה.",,"yes, I will do.",,Action,Control-linked,A-05; Q-07,,,,,,Machine-only; human review needed,./2026-07-29-iris-supervisor-bilingual-transcript.he-en.md#s-1024
S-1025,00:42:53.710,00:42:54.770,Unresolved,Unknown,No automatic diarization; human audiovisual review required,זה דברים שקשורים,,these are things related to,,Action,Control-linked,A-05; Q-07,,,,,,Machine-only; human review needed,./2026-07-29-iris-supervisor-bilingual-transcript.he-en.md#s-1025
S-1026,00:42:54.770,00:42:56.250,Unresolved,Unknown,No automatic diarization; human audiovisual review required,"לגיידליינס שיש,",,"the guidelines that exist,",,Action,Control-linked,A-05; Q-07,,,,,,Machine-only; human review needed,./2026-07-29-iris-supervisor-bilingual-transcript.he-en.md#s-1026
S-1027,00:42:58.430,00:42:59.610,Unresolved,Unknown,No automatic diarization; human audiovisual review required,וגם ניסינו לעשות,,And we also tried to do,,Action,Control-linked,A-05; Q-07,,,,,,Machine-only; human review needed,./2026-07-29-iris-supervisor-bilingual-transcript.he-en.md#s-1027
S-1028,00:42:59.610,00:43:01.090,Unresolved,Unknown,No automatic diarization; human audiovisual review required,קלאס דייגם של זה.,,a class diagram of this.,,Action,Control-linked,A-05; Q-07,,,,,,Machine-only; human review needed,./2026-07-29-iris-supervisor-bilingual-transcript.he-en.md#s-1028
S-1029,00:43:02.710,00:43:05.830,Unresolved,Unknown,No automatic diarization; human audiovisual review required,"אז תראה את הדברים,",,"So see the things,",,Action,Control-linked,A-05; Q-07,,,,,,Machine-only; human review needed,./2026-07-29-iris-supervisor-bilingual-transcript.he-en.md#s-1029
S-1030,00:43:05.970,00:43:06.750,Unresolved,Unknown,No automatic diarization; human audiovisual review required,ולפי זה,,and according to this,,Action,Control-linked,A-05; Q-07,,,,,,Machine-only; human review needed,./2026-07-29-iris-supervisor-bilingual-transcript.he-en.md#s-1030
S-1031,00:43:06.750,00:43:11.740,Unresolved,Unknown,No automatic diarization; human audiovisual review required,"נראה איך זה מתקדם,",,"it will seem how it progresses,",,Action,Control-linked,A-05; Q-07,,,,,,Machine-only; human review needed,./2026-07-29-iris-supervisor-bilingual-transcript.he-en.md#s-1031
S-1032,00:43:11.800,00:43:12.160,Unresolved,Unknown,No automatic diarization; human audiovisual review required,בסדר?,,okay?,,Action,Control-linked,A-05; Q-07,,,,,,Machine-only; human review needed,./2026-07-29-iris-supervisor-bilingual-transcript.he-en.md#s-1032
S-1033,00:43:13.600,00:43:14.540,Unresolved,Unknown,No automatic diarization; human audiovisual review required,"דבר, דויין,",,"By the way, Dovin,",,Requirement,Control-linked,R-17; Q-07,,,,,,Machine-only; human review needed,./2026-07-29-iris-supervisor-bilingual-transcript.he-en.md#s-1033
S-1034,00:43:14.640,00:43:16.000,Unresolved,Unknown,No automatic diarization; human audiovisual review required,"כן, אני נכנס למעברי.",,"yes, I'm entering the microphone.",,Requirement,Control-linked,R-17; Q-07,,,,,,Machine-only; human review needed,./2026-07-29-iris-supervisor-bilingual-transcript.he-en.md#s-1034
S-1035,00:43:16.480,00:43:16.860,Unresolved,Unknown,No automatic diarization; human audiovisual review required,"אוקיי,",,"Okay,",,Requirement,Control-linked,R-17; Q-07,,,,,,Machine-only; human review needed,./2026-07-29-iris-supervisor-bilingual-transcript.he-en.md#s-1035
S-1036,00:43:17.180,00:43:18.360,Unresolved,Unknown,No automatic diarization; human audiovisual review required,אז אני צריכה,,so I need,,Requirement,Control-linked,R-17; A-06; Q-07,,,,,,Machine-only; human review needed,./2026-07-29-iris-supervisor-bilingual-transcript.he-en.md#s-1036
S-1037,00:43:18.360,00:43:19.580,Unresolved,Unknown,No automatic diarization; human audiovisual review required,מבחינתי רק,,in my opinion only,,Requirement,Control-linked,R-17; A-06; Q-07,,,,,,Machine-only; human review needed,./2026-07-29-iris-supervisor-bilingual-transcript.he-en.md#s-1037
S-1038,00:43:19.580,00:43:22.780,Unresolved,Unknown,No automatic diarization; human audiovisual review required,"לסדר את הזימונים,",,"to arrange the appointments,",,Requirement,Control-linked,R-17; A-06; Q-07,,,,,,Machine-only; human review needed,./2026-07-29-iris-supervisor-bilingual-transcript.he-en.md#s-1038
S-1039,00:43:22.780,00:43:23.920,Unresolved,Unknown,No automatic diarization; human audiovisual review required,נכון?,,right?,,Requirement,Control-linked,R-17; A-06; Q-07,,,,,,Machine-only; human review needed,./2026-07-29-iris-supervisor-bilingual-transcript.he-en.md#s-1039
S-1040,00:43:23.980,00:43:24.700,Unresolved,Unknown,No automatic diarization; human audiovisual review required,ואתה צריך,,and you need,,Requirement,Control-linked,R-17; A-04; A-06; Q-07,,,,,,Machine-only; human review needed,./2026-07-29-iris-supervisor-bilingual-transcript.he-en.md#s-1040
S-1041,00:43:24.700,00:43:25.960,Unresolved,Unknown,No automatic diarization; human audiovisual review required,"גם לתת,",,"also to give,",,Requirement,Control-linked,R-17; A-04; A-06; Q-07,,,,,,Machine-only; human review needed,./2026-07-29-iris-supervisor-bilingual-transcript.he-en.md#s-1041
S-1042,00:43:26.700,00:43:28.900,Unresolved,Unknown,No automatic diarization; human audiovisual review required,"גם ליצור את הדיירקטורי,",,"also to create the director,",,Requirement,Control-linked,R-17; A-04; A-06; Q-07,,,,,,Machine-only; human review needed,./2026-07-29-iris-supervisor-bilingual-transcript.he-en.md#s-1042
S-1043,00:43:28.940,00:43:30.200,Unresolved,Unknown,No automatic diarization; human audiovisual review required,וגם להכין את התוצרים,,and also to prepare the outputs,,Requirement,Control-linked,R-17; A-04; A-06; Q-07,,,,,,Machine-only; human review needed,./2026-07-29-iris-supervisor-bilingual-transcript.he-en.md#s-1043
S-1044,00:43:30.200,00:43:31.100,Unresolved,Unknown,No automatic diarization; human audiovisual review required,לפעם הבאה.,,for next time.,,Requirement,Control-linked,R-17; A-04; A-06; Q-07,,,,,,Machine-only; human review needed,./2026-07-29-iris-supervisor-bilingual-transcript.he-en.md#s-1044
S-1045,00:43:32.330,00:43:32.510,Unresolved,Unknown,No automatic diarization; human audiovisual review required,"כן,",,"OK,",,Requirement,Control-linked,R-13; A-06; Q-07,,,,,,Machine-only; human review needed,./2026-07-29-iris-supervisor-bilingual-transcript.he-en.md#s-1045
S-1046,00:43:32.990,00:43:34.530,Unresolved,Unknown,No automatic diarization; human audiovisual review required,"אז בשבוע הבא יהיה,",,"So next week will be,",,Requirement,Control-linked,R-13; A-06; Q-07,,,,,,Machine-only; human review needed,./2026-07-29-iris-supervisor-bilingual-transcript.he-en.md#s-1046
S-1047,00:43:34.870,00:43:35.950,Unresolved,Unknown,No automatic diarization; human audiovisual review required,אנחנו נפגש כאילו,,We'll meet as if,,Requirement,Control-linked,R-13; A-06; Q-07,,,,,,Machine-only; human review needed,./2026-07-29-iris-supervisor-bilingual-transcript.he-en.md#s-1047
S-1048,00:43:35.950,00:43:36.910,Unresolved,Unknown,No automatic diarization; human audiovisual review required,"בשעה כזאת,",,"at such a time,",,Requirement,Control-linked,R-13; A-06; Q-07,,,,,,Machine-only; human review needed,./2026-07-29-iris-supervisor-bilingual-transcript.he-en.md#s-1048
S-1049,00:43:37.010,00:43:37.490,Unresolved,Unknown,No automatic diarization; human audiovisual review required,או משהו אחר?,,or something else?,,Requirement,Control-linked,R-13; A-06; Q-07,,,,,,Machine-only; human review needed,./2026-07-29-iris-supervisor-bilingual-transcript.he-en.md#s-1049
S-1050,00:43:37.490,00:43:38.030,Unresolved,Unknown,No automatic diarization; human audiovisual review required,"בשעה תשע,",,"at nine o'clock,",,Requirement,Control-linked,R-13; A-06; Q-07,,,,,,Machine-only; human review needed,./2026-07-29-iris-supervisor-bilingual-transcript.he-en.md#s-1050
S-1051,00:43:38.110,00:43:38.630,Unresolved,Unknown,No automatic diarization; human audiovisual review required,"בתשעה,",,"at nine,",,Requirement,Control-linked,R-13; A-06; Q-07,,,,,,Machine-only; human review needed,./2026-07-29-iris-supervisor-bilingual-transcript.he-en.md#s-1051
S-1052,00:43:38.730,00:43:39.230,Unresolved,Unknown,No automatic diarization; human audiovisual review required,אני פשוט,,I just,,Requirement,Control-linked,R-13; A-06; Q-07,,,,,,Machine-only; human review needed,./2026-07-29-iris-supervisor-bilingual-transcript.he-en.md#s-1052
S-1053,00:43:39.230,00:43:40.350,Unresolved,Unknown,No automatic diarization; human audiovisual review required,תהזיז את היתר.,,move the rest.,,Requirement,Control-linked,R-13; A-06; Q-07,,,,,,Machine-only; human review needed,./2026-07-29-iris-supervisor-bilingual-transcript.he-en.md#s-1053
S-1054,00:43:42.040,00:43:43.020,Unresolved,Unknown,No automatic diarization; human audiovisual review required,אני חושבת,,I think,,Requirement,Control-linked,R-13; A-06; Q-07,,,,,,Machine-only; human review needed,./2026-07-29-iris-supervisor-bilingual-transcript.he-en.md#s-1054
S-1055,00:43:43.020,00:43:44.500,Unresolved,Unknown,No automatic diarization; human audiovisual review required,"שזה די מסתדר,",,"that's pretty good,",,Requirement,Control-linked,R-13; A-06; Q-07,,,,,,Machine-only; human review needed,./2026-07-29-iris-supervisor-bilingual-transcript.he-en.md#s-1055
S-1056,00:43:44.620,00:43:45.360,Unresolved,Unknown,No automatic diarization; human audiovisual review required,אבל אני יודע,,but I know,,Requirement,Control-linked,R-13; A-06; Q-07,,,,,,Machine-only; human review needed,./2026-07-29-iris-supervisor-bilingual-transcript.he-en.md#s-1056
S-1057,00:43:45.360,00:43:46.000,Unresolved,Unknown,No automatic diarization; human audiovisual review required,אם יש בעיה.,,if there's a problem.,,Requirement,Control-linked,R-13; A-06; Q-07,,,,,,Machine-only; human review needed,./2026-07-29-iris-supervisor-bilingual-transcript.he-en.md#s-1057
S-1058,00:43:46.790,00:43:47.250,Unresolved,Unknown,No automatic diarization; human audiovisual review required,"דרך אגב,",,"By the way,",,Context,Human-review-needed,,,,,,,Machine-only; human review needed,./2026-07-29-iris-supervisor-bilingual-transcript.he-en.md#s-1058
S-1059,00:43:47.310,00:43:48.290,Unresolved,Unknown,No automatic diarization; human audiovisual review required,"דיברנו על כללית,",,"we talked about general matters,",,Context,Human-review-needed,,,,,,,Machine-only; human review needed,./2026-07-29-iris-supervisor-bilingual-transcript.he-en.md#s-1059
S-1060,00:43:48.290,00:43:49.680,Unresolved,Unknown,No automatic diarization; human audiovisual review required,אז קיבלתי עכשיו,,so now I got,,Context,Human-review-needed,,,,,,,Machine-only; human review needed,./2026-07-29-iris-supervisor-bilingual-transcript.he-en.md#s-1060
S-1061,00:43:49.680,00:43:50.280,Unresolved,Unknown,No automatic diarization; human audiovisual review required,וואטסאפ,,WhatsApp,,Context,Human-review-needed,,,,,,,Machine-only; human review needed,./2026-07-29-iris-supervisor-bilingual-transcript.he-en.md#s-1061
S-1062,00:43:50.280,00:43:51.360,Unresolved,Unknown,No automatic diarization; human audiovisual review required,"מהזאת מהכללית,",,from that.,,Context,Human-review-needed,,,,,,,Machine-only; human review needed,./2026-07-29-iris-supervisor-bilingual-transcript.he-en.md#s-1062
S-1063,00:43:52.300,00:43:52.980,Unresolved,Unknown,No automatic diarization; human audiovisual review required,אשמח להיפגש,,I'd like to meet,,Context,Human-review-needed,,,,,,,Machine-only; human review needed,./2026-07-29-iris-supervisor-bilingual-transcript.he-en.md#s-1063
S-1064,00:43:52.980,00:43:53.360,Unresolved,Unknown,No automatic diarization; human audiovisual review required,איתך מחר.,,with you tomorrow.,,Context,Human-review-needed,,,,,,,Machine-only; human review needed,./2026-07-29-iris-supervisor-bilingual-transcript.he-en.md#s-1064
S-1065,00:43:54.680,00:43:56.720,Unresolved,Unknown,No automatic diarization; human audiovisual review required,הגמנים שלהם,,their judges,,Context,Human-review-needed,,,,,,,Machine-only; human review needed,./2026-07-29-iris-supervisor-bilingual-transcript.he-en.md#s-1065
S-1066,00:43:56.720,00:43:57.200,Unresolved,Unknown,No automatic diarization; human audiovisual review required,"קצת,",,"a bit,",,Context,Human-review-needed,,,,,,,Machine-only; human review needed,./2026-07-29-iris-supervisor-bilingual-transcript.he-en.md#s-1066
S-1067,00:43:57.700,00:44:00.200,Unresolved,Unknown,No automatic diarization; human audiovisual review required,יותר מדי מההירים.,,too eager.,,Context,Human-review-needed,,,,,,,Machine-only; human review needed,./2026-07-29-iris-supervisor-bilingual-transcript.he-en.md#s-1067
S-1068,00:44:00.690,00:44:00.990,Unresolved,Unknown,No automatic diarization; human audiovisual review required,כן.,,Yes.,,Context,Human-review-needed,,,,,,,Machine-only; human review needed,./2026-07-29-iris-supervisor-bilingual-transcript.he-en.md#s-1068
S-1069,00:44:01.980,00:44:02.580,Unresolved,Unknown,No automatic diarization; human audiovisual review required,אז באמת,,So really,,Context,Human-review-needed,,,,,,,Machine-only; human review needed,./2026-07-29-iris-supervisor-bilingual-transcript.he-en.md#s-1069
S-1070,00:44:02.580,00:44:03.180,Unresolved,Unknown,No automatic diarization; human audiovisual review required,יש לי אותה גם,,I have the same for,,Context,Human-review-needed,,,,,,,Machine-only; human review needed,./2026-07-29-iris-supervisor-bilingual-transcript.he-en.md#s-1070
S-1071,00:44:03.180,00:44:03.660,Unresolved,Unknown,No automatic diarization; human audiovisual review required,על האקסס,,regarding access,,Context,Human-review-needed,,,,,,,Machine-only; human review needed,./2026-07-29-iris-supervisor-bilingual-transcript.he-en.md#s-1071
S-1072,00:44:03.660,00:44:04.480,Unresolved,Unknown,No automatic diarization; human audiovisual review required,לנתונים יריס?,,to Yaris data?,,Context,Human-review-needed,,,,,,,Machine-only; human review needed,./2026-07-29-iris-supervisor-bilingual-transcript.he-en.md#s-1072
S-1073,00:44:05.570,00:44:06.990,Unresolved,Unknown,No automatic diarization; human audiovisual review required,"יהיה אקסס לנתונים,",,"There will be access to the data,",,Action,Control-linked,A-09; Q-09,,,,,,Machine-only; human review needed,./2026-07-29-iris-supervisor-bilingual-transcript.he-en.md#s-1073
S-1074,00:44:07.110,00:44:07.730,Unresolved,Unknown,No automatic diarization; human audiovisual review required,אנחנו צריכים אבל,,but we need to develop it better,,Action,Control-linked,A-09; Q-09,,,,,,Machine-only; human review needed,./2026-07-29-iris-supervisor-bilingual-transcript.he-en.md#s-1074
S-1075,00:44:07.730,00:44:08.830,Unresolved,Unknown,No automatic diarization; human audiovisual review required,לגבש יותר טוב,,"what is this,",,Action,Control-linked,A-09; Q-09,,,,,,Machine-only; human review needed,./2026-07-29-iris-supervisor-bilingual-transcript.he-en.md#s-1075
S-1076,00:44:08.830,00:44:09.550,Unresolved,Unknown,No automatic diarization; human audiovisual review required,"מה זה,",,I'm going to fix it,,Action,Control-linked,A-09; Q-09,,,,,,Machine-only; human review needed,./2026-07-29-iris-supervisor-bilingual-transcript.he-en.md#s-1076
S-1077,00:44:09.630,00:44:10.510,Unresolved,Unknown,No automatic diarization; human audiovisual review required,אני הולכת לדחוץ אותה,,"for next week,",,Action,Control-linked,A-09; Q-09,,,,,,Machine-only; human review needed,./2026-07-29-iris-supervisor-bilingual-transcript.he-en.md#s-1077
S-1078,00:44:10.510,00:44:11.090,Unresolved,Unknown,No automatic diarization; human audiovisual review required,"לשבוע הבא,",,"because I won't tolerate this,",,Action,Control-linked,A-09; Q-09,,,,,,Machine-only; human review needed,./2026-07-29-iris-supervisor-bilingual-transcript.he-en.md#s-1078
S-1079,00:44:11.110,00:44:12.210,Unresolved,Unknown,No automatic diarization; human audiovisual review required,"כי אני לא אעמוד בזה,",,I won't stand this pace.,,Action,Control-linked,A-09; Q-09,,,,,,Machine-only; human review needed,./2026-07-29-iris-supervisor-bilingual-transcript.he-en.md#s-1079
S-1080,00:44:12.610,00:44:14.190,Unresolved,Unknown,No automatic diarization; human audiovisual review required,אני לא אעמוד בקצב הזה.,,I will not keep up with this pace.,,Action,Control-linked,A-09; Q-09,,,,,,Machine-only; human review needed,./2026-07-29-iris-supervisor-bilingual-transcript.he-en.md#s-1080
S-1081,00:44:14.910,00:44:15.730,Unresolved,Unknown,No automatic diarization; human audiovisual review required,אוקיי.,,Okay.,,Context,Human-review-needed,,,,,,,Machine-only; human review needed,./2026-07-29-iris-supervisor-bilingual-transcript.he-en.md#s-1081
S-1082,00:44:18.230,00:44:21.010,Unresolved,Unknown,No automatic diarization; human audiovisual review required,"אז,",,"So,",,Context,Human-review-needed,,,,,,,Machine-only; human review needed,./2026-07-29-iris-supervisor-bilingual-transcript.he-en.md#s-1082
S-1083,00:44:21.450,00:44:23.250,Unresolved,Unknown,No automatic diarization; human audiovisual review required,"בסדר,",,"Alright,",,Context,Human-review-needed,,,,,,,Machine-only; human review needed,./2026-07-29-iris-supervisor-bilingual-transcript.he-en.md#s-1083
S-1084,00:44:23.350,00:44:24.510,Unresolved,Unknown,No automatic diarization; human audiovisual review required,"אז הגרנו את כל הדברים,",,"So we grew all the items,",,Context,Human-review-needed,,,,,,,Machine-only; human review needed,./2026-07-29-iris-supervisor-bilingual-transcript.he-en.md#s-1084
S-1085,00:44:24.610,00:44:25.370,Unresolved,Unknown,No automatic diarization; human audiovisual review required,אני צריכה להזיז,,I need to move,,Context,Human-review-needed,,,,,,,Machine-only; human review needed,./2026-07-29-iris-supervisor-bilingual-transcript.he-en.md#s-1085
S-1086,00:44:25.370,00:44:26.210,Unresolved,Unknown,No automatic diarization; human audiovisual review required,"חלק מהדברים,",,"some of the things,",,Context,Human-review-needed,,,,,,,Machine-only; human review needed,./2026-07-29-iris-supervisor-bilingual-transcript.he-en.md#s-1086
S-1087,00:44:26.210,00:44:28.070,Unresolved,Unknown,No automatic diarization; human audiovisual review required,"ונראה,",,"And it seems,",,Open question,Control-linked,Q-10,,,,,,Machine-only; human review needed,./2026-07-29-iris-supervisor-bilingual-transcript.he-en.md#s-1087
S-1088,00:44:28.150,00:44:28.610,Unresolved,Unknown,No automatic diarization; human audiovisual review required,בוא נראה,,Let's see,,Open question,Control-linked,Q-10,,,,,,Machine-only; human review needed,./2026-07-29-iris-supervisor-bilingual-transcript.he-en.md#s-1088
S-1089,00:44:28.610,00:44:28.970,Unresolved,Unknown,No automatic diarization; human audiovisual review required,"מה,",,"what,",,Open question,Control-linked,Q-10,,,,,,Machine-only; human review needed,./2026-07-29-iris-supervisor-bilingual-transcript.he-en.md#s-1089
S-1090,00:44:29.530,00:44:31.650,Unresolved,Unknown,No automatic diarization; human audiovisual review required,זה היה שתי הודעות.,,This was two messages.,,Open question,Control-linked,Q-10,,,,,,Machine-only; human review needed,./2026-07-29-iris-supervisor-bilingual-transcript.he-en.md#s-1090
S-1091,00:44:32.470,00:44:32.810,Unresolved,Unknown,No automatic diarization; human audiovisual review required,"היי,",,"Hi,",,Open question,Control-linked,Q-10,,,,,,Machine-only; human review needed,./2026-07-29-iris-supervisor-bilingual-transcript.he-en.md#s-1091
S-1092,00:44:32.890,00:44:34.110,Unresolved,Unknown,No automatic diarization; human audiovisual review required,עשינו סיור מוחות,,We did a brain scan,,Open question,Control-linked,Q-10,,,,,,Machine-only; human review needed,./2026-07-29-iris-supervisor-bilingual-transcript.he-en.md#s-1092
S-1093,00:44:34.110,00:44:34.730,Unresolved,Unknown,No automatic diarization; human audiovisual review required,"קטן,",,"small,",,Open question,Control-linked,Q-10,,,,,,Machine-only; human review needed,./2026-07-29-iris-supervisor-bilingual-transcript.he-en.md#s-1093
S-1094,00:44:34.770,00:44:35.710,Unresolved,Unknown,No automatic diarization; human audiovisual review required,יש לנו רעיון טוב,,we have a good idea,,Open question,Control-linked,Q-10,,,,,,Machine-only; human review needed,./2026-07-29-iris-supervisor-bilingual-transcript.he-en.md#s-1094
S-1095,00:44:35.710,00:44:36.190,Unresolved,Unknown,No automatic diarization; human audiovisual review required,ואפילו,,and even,,Open question,Control-linked,Q-10,,,,,,Machine-only; human review needed,./2026-07-29-iris-supervisor-bilingual-transcript.he-en.md#s-1095
S-1096,00:44:36.190,00:44:36.950,Unresolved,Unknown,No automatic diarization; human audiovisual review required,אלסינקי,,Helsinki,,Open question,Control-linked,Q-10,,,,,,Machine-only; human review needed,./2026-07-29-iris-supervisor-bilingual-transcript.he-en.md#s-1096
S-1097,00:44:36.950,00:44:37.550,Unresolved,Unknown,No automatic diarization; human audiovisual review required,שמאפשר,,that allows,,Open question,Control-linked,Q-10,,,,,,Machine-only; human review needed,./2026-07-29-iris-supervisor-bilingual-transcript.he-en.md#s-1097
S-1098,00:44:37.550,00:44:38.110,Unresolved,Unknown,No automatic diarization; human audiovisual review required,שליפה.,,extraction.,,Open question,Control-linked,Q-10,,,,,,Machine-only; human review needed,./2026-07-29-iris-supervisor-bilingual-transcript.he-en.md#s-1098
S-1099,00:44:39.350,00:44:40.030,Unresolved,Unknown,No automatic diarization; human audiovisual review required,אשמח להיפגש,,I'd like to meet,,Open question,Control-linked,Q-10,,,,,,Machine-only; human review needed,./2026-07-29-iris-supervisor-bilingual-transcript.he-en.md#s-1099
S-1100,00:44:40.030,00:44:40.710,Unresolved,Unknown,No automatic diarization; human audiovisual review required,איתך מחר.,,with you tomorrow.,,Open question,Control-linked,Q-10,,,,,,Machine-only; human review needed,./2026-07-29-iris-supervisor-bilingual-transcript.he-en.md#s-1100
S-1101,00:44:41.500,00:44:41.700,Unresolved,Unknown,No automatic diarization; human audiovisual review required,"טוב,",,"Okay,",,Open question,Control-linked,Q-10,,,,,,Machine-only; human review needed,./2026-07-29-iris-supervisor-bilingual-transcript.he-en.md#s-1101
S-1102,00:44:41.780,00:44:42.940,Unresolved,Unknown,No automatic diarization; human audiovisual review required,"לפי הדבר הזה,",,"according to this,",,Open question,Control-linked,Q-10,,,,,,Machine-only; human review needed,./2026-07-29-iris-supervisor-bilingual-transcript.he-en.md#s-1102
S-1103,00:44:43.180,00:44:44.600,Unresolved,Unknown,No automatic diarization; human audiovisual review required,אני מפחדת להגיד,,I'm afraid to say,,Open question,Control-linked,Q-10,,,,,,Machine-only; human review needed,./2026-07-29-iris-supervisor-bilingual-transcript.he-en.md#s-1103
S-1104,00:44:44.600,00:44:45.020,Unresolved,Unknown,No automatic diarization; human audiovisual review required,לה לא,,no.,,Open question,Control-linked,Q-10,,,,,,Machine-only; human review needed,./2026-07-29-iris-supervisor-bilingual-transcript.he-en.md#s-1104
S-1105,00:44:45.020,00:44:45.980,Unresolved,Unknown,No automatic diarization; human audiovisual review required,שבוע הבא.,,Next week.,,Open question,Control-linked,Q-10,,,,,,Machine-only; human review needed,./2026-07-29-iris-supervisor-bilingual-transcript.he-en.md#s-1105
S-1106,00:44:45.980,00:44:50.490,Unresolved,Unknown,No automatic diarization; human audiovisual review required,"טוב,",,"Good,",,Open question,Control-linked,Q-10,,,,,,Machine-only; human review needed,./2026-07-29-iris-supervisor-bilingual-transcript.he-en.md#s-1106
S-1107,00:44:50.570,00:44:51.330,Unresolved,Unknown,No automatic diarization; human audiovisual review required,אני צריכה לראות,,I need to see,,Open question,Control-linked,Q-10,,,,,,Machine-only; human review needed,./2026-07-29-iris-supervisor-bilingual-transcript.he-en.md#s-1107
S-1108,00:44:51.330,00:44:52.010,Unresolved,Unknown,No automatic diarization; human audiovisual review required,"איך אנחנו,",,"how we are,",,Open question,Control-linked,Q-10,,,,,,Machine-only; human review needed,./2026-07-29-iris-supervisor-bilingual-transcript.he-en.md#s-1108
S-1109,00:44:55.490,00:44:57.510,Unresolved,Unknown,No automatic diarization; human audiovisual review required,"הקצב בכלל,",,"the pace in general,",,Open question,Control-linked,Q-10,,,,,,Machine-only; human review needed,./2026-07-29-iris-supervisor-bilingual-transcript.he-en.md#s-1109
S-1110,00:44:57.550,00:44:58.670,Unresolved,Unknown,No automatic diarization; human audiovisual review required,אני נראה אופטימית,,I appear optimistic,,Open question,Control-linked,Q-10,,,,,,Machine-only; human review needed,./2026-07-29-iris-supervisor-bilingual-transcript.he-en.md#s-1110
S-1111,00:44:58.670,00:44:59.290,Unresolved,Unknown,No automatic diarization; human audiovisual review required,"עם הכללית,",,"with the general [unclear],",,Open question,Control-linked,Q-10,,,,,,Machine-only; human review needed,./2026-07-29-iris-supervisor-bilingual-transcript.he-en.md#s-1111
S-1112,00:44:59.350,00:45:00.130,Unresolved,Unknown,No automatic diarization; human audiovisual review required,אני חייבת להגיד.,,I have to say.,,Open question,Control-linked,Q-10,,,,,,Machine-only; human review needed,./2026-07-29-iris-supervisor-bilingual-transcript.he-en.md#s-1112
S-1113,00:45:00.910,00:45:01.270,Unresolved,Unknown,No automatic diarization; human audiovisual review required,"אוקיי,",,"Okay,",,Open question,Control-linked,Q-10,,,,,,Machine-only; human review needed,./2026-07-29-iris-supervisor-bilingual-transcript.he-en.md#s-1113
S-1114,00:45:01.270,00:45:01.290,Unresolved,Unknown,No automatic diarization; human audiovisual review required,"אוקיי,",,"Okay,",,Open question,Control-linked,Q-10,,,,,,Machine-only; human review needed,./2026-07-29-iris-supervisor-bilingual-transcript.he-en.md#s-1114
S-1115,00:45:01.290,00:45:03.650,Unresolved,Unknown,No automatic diarization; human audiovisual review required,"זה קצת,",,"It's a bit,",,Open question,Control-linked,Q-10,,,,,,Machine-only; human review needed,./2026-07-29-iris-supervisor-bilingual-transcript.he-en.md#s-1115
S-1116,00:45:03.750,00:45:04.930,Unresolved,Unknown,No automatic diarization; human audiovisual review required,אני מפחדת,,I'm a little afraid,,Open question,Control-linked,Q-10,,,,,,Machine-only; human review needed,./2026-07-29-iris-supervisor-bilingual-transcript.he-en.md#s-1116
S-1117,00:45:04.930,00:45:06.010,Unresolved,Unknown,No automatic diarization; human audiovisual review required,"קצת מהמהירות,",,"of the speed,",,Open question,Control-linked,Q-10,,,,,,Machine-only; human review needed,./2026-07-29-iris-supervisor-bilingual-transcript.he-en.md#s-1117
S-1118,00:45:06.270,00:45:07.310,Unresolved,Unknown,No automatic diarization; human audiovisual review required,כי איתם ממש,,because we really,,Open question,Control-linked,Q-10,,,,,,Machine-only; human review needed,./2026-07-29-iris-supervisor-bilingual-transcript.he-en.md#s-1118
S-1119,00:45:07.310,00:45:07.950,Unresolved,Unknown,No automatic diarization; human audiovisual review required,"דיברנו,",,"talked about it,",,Open question,Control-linked,Q-10,,,,,,Machine-only; human review needed,./2026-07-29-iris-supervisor-bilingual-transcript.he-en.md#s-1119
S-1120,00:45:08.910,00:45:09.870,Unresolved,Unknown,No automatic diarization; human audiovisual review required,עשיתי את הפגישה,,I did the meeting,,Open question,Control-linked,Q-10,,,,,,Machine-only; human review needed,./2026-07-29-iris-supervisor-bilingual-transcript.he-en.md#s-1120
S-1121,00:45:09.870,00:45:10.550,Unresolved,Unknown,No automatic diarization; human audiovisual review required,חצי שעה אחרי,,half an hour after,,Open question,Control-linked,Q-10,,,,,,Machine-only; human review needed,./2026-07-29-iris-supervisor-bilingual-transcript.he-en.md#s-1121
S-1122,00:45:10.550,00:45:11.110,Unresolved,Unknown,No automatic diarization; human audiovisual review required,שכתבתי לה,,I wrote to her,,Open question,Control-linked,Q-10,,,,,,Machine-only; human review needed,./2026-07-29-iris-supervisor-bilingual-transcript.he-en.md#s-1122
S-1123,00:45:11.110,00:45:12.150,Unresolved,Unknown,No automatic diarization; human audiovisual review required,"את הוואטסאפ הראשוני,",,"The initial WhatsApp,",,Open question,Control-linked,Q-10,,,,,,Machine-only; human review needed,./2026-07-29-iris-supervisor-bilingual-transcript.he-en.md#s-1123
S-1124,00:45:12.670,00:45:13.970,Unresolved,Unknown,No automatic diarization; human audiovisual review required,ומיד כבר,,and right away,,Open question,Control-linked,Q-10,,,,,,Machine-only; human review needed,./2026-07-29-iris-supervisor-bilingual-transcript.he-en.md#s-1124
S-1125,00:45:13.970,00:45:14.350,Unresolved,Unknown,No automatic diarization; human audiovisual review required,דיברנו,,we talked,,Open question,Control-linked,Q-10,,,,,,Machine-only; human review needed,./2026-07-29-iris-supervisor-bilingual-transcript.he-en.md#s-1125
S-1126,00:45:14.350,00:45:14.670,Unresolved,Unknown,No automatic diarization; human audiovisual review required,על דברים,,"about specific things,",,Open question,Control-linked,Q-10,,,,,,Machine-only; human review needed,./2026-07-29-iris-supervisor-bilingual-transcript.he-en.md#s-1126
S-1127,00:45:14.670,00:45:15.490,Unresolved,Unknown,No automatic diarization; human audiovisual review required,"ספציפיים,",,and yesterday,,Open question,Control-linked,Q-10,,,,,,Machine-only; human review needed,./2026-07-29-iris-supervisor-bilingual-transcript.he-en.md#s-1127
S-1128,00:45:16.150,00:45:16.990,Unresolved,Unknown,No automatic diarization; human audiovisual review required,ואתמול,,I sent her,,Open question,Control-linked,Q-10,,,,,,Machine-only; human review needed,./2026-07-29-iris-supervisor-bilingual-transcript.he-en.md#s-1128
S-1129,00:45:16.990,00:45:17.690,Unresolved,Unknown,No automatic diarization; human audiovisual review required,שלחתי לה,,"the description,",,Open question,Control-linked,Q-10,,,,,,Machine-only; human review needed,./2026-07-29-iris-supervisor-bilingual-transcript.he-en.md#s-1129
S-1130,00:45:17.690,00:45:18.790,Unresolved,Unknown,No automatic diarization; human audiovisual review required,"את התיאור,",,what I sent her,,Open question,Control-linked,Q-10,,,,,,Machine-only; human review needed,./2026-07-29-iris-supervisor-bilingual-transcript.he-en.md#s-1130
S-1131,00:45:18.870,00:45:19.590,Unresolved,Unknown,No automatic diarization; human audiovisual review required,מה ששלחתי לה,,"I also sent to you,",,Open question,Control-linked,Q-10,,,,,,Machine-only; human review needed,./2026-07-29-iris-supervisor-bilingual-transcript.he-en.md#s-1131
S-1132,00:45:19.590,00:45:19.990,Unresolved,Unknown,No automatic diarization; human audiovisual review required,"גם לך,",,"I think,",,Open question,Control-linked,Q-10,,,,,,Machine-only; human review needed,./2026-07-29-iris-supervisor-bilingual-transcript.he-en.md#s-1132
S-1133,00:45:20.070,00:45:20.530,Unresolved,Unknown,No automatic diarization; human audiovisual review required,"אני חושבת,",,"to Eli,",,Open question,Control-linked,Q-10,,,,,,Machine-only; human review needed,./2026-07-29-iris-supervisor-bilingual-transcript.he-en.md#s-1133
S-1134,00:45:20.670,00:45:21.190,Unresolved,Unknown,No automatic diarization; human audiovisual review required,"אלי,",,"about the Van Pelt,",,Open question,Control-linked,Q-10,,,,,,Machine-only; human review needed,./2026-07-29-iris-supervisor-bilingual-transcript.he-en.md#s-1134
S-1135,00:45:21.270,00:45:23.710,Unresolved,Unknown,No automatic diarization; human audiovisual review required,של הוואן פייג',,of this thing.,,Open question,Control-linked,Q-10,,,,,,Machine-only; human review needed,./2026-07-29-iris-supervisor-bilingual-transcript.he-en.md#s-1135
S-1136,00:45:23.710,00:45:24.710,Unresolved,Unknown,No automatic diarization; human audiovisual review required,של הדבר הזה.,,"From her,",,Open question,Control-linked,Q-10,,,,,,Machine-only; human review needed,./2026-07-29-iris-supervisor-bilingual-transcript.he-en.md#s-1136
S-1137,00:45:24.730,00:45:25.230,Unresolved,Unknown,No automatic diarization; human audiovisual review required,"מדיבריה,",,Yes.,,Open question,Control-linked,Q-10,,,,,,Machine-only; human review needed,./2026-07-29-iris-supervisor-bilingual-transcript.he-en.md#s-1137
S-1138,00:45:25.310,00:45:25.490,Unresolved,Unknown,No automatic diarization; human audiovisual review required,כן.,,and she already,,Open question,Control-linked,Q-10,,,,,,Machine-only; human review needed,./2026-07-29-iris-supervisor-bilingual-transcript.he-en.md#s-1138
S-1139,00:45:25.650,00:45:26.230,Unresolved,Unknown,No automatic diarization; human audiovisual review required,והיא כבר,,"brain scan tour,",,Open question,Control-linked,Q-10,,,,,,Machine-only; human review needed,./2026-07-29-iris-supervisor-bilingual-transcript.he-en.md#s-1139
S-1140,00:45:26.230,00:45:27.310,Unresolved,Unknown,No automatic diarization; human audiovisual review required,"סיור מוחות,",,已经开始脑部扫描游览。,,Open question,Control-linked,Q-10,,,,,,Machine-only; human review needed,./2026-07-29-iris-supervisor-bilingual-transcript.he-en.md#s-1140
S-1141,00:45:27.750,00:45:28.390,Unresolved,Unknown,No automatic diarization; human audiovisual review required,שזה כנראה,,This is probably,,Open question,Control-linked,Q-10,,,,,,Machine-only; human review needed,./2026-07-29-iris-supervisor-bilingual-transcript.he-en.md#s-1141
S-1142,00:45:28.390,00:45:29.230,Unresolved,Unknown,No automatic diarization; human audiovisual review required,"לא רק עם עצמה,",,"not just with itself,",,Open question,Control-linked,Q-10,,,,,,Machine-only; human review needed,./2026-07-29-iris-supervisor-bilingual-transcript.he-en.md#s-1142
S-1143,00:45:29.330,00:45:30.270,Unresolved,Unknown,No automatic diarization; human audiovisual review required,כי יש גם,,for there is also,,Open question,Control-linked,Q-10,,,,,,Machine-only; human review needed,./2026-07-29-iris-supervisor-bilingual-transcript.he-en.md#s-1143
S-1144,00:45:30.270,00:45:32.190,Unresolved,Unknown,No automatic diarization; human audiovisual review required,עוד שותף,,another partner,,Open question,Control-linked,Q-10,,,,,,Machine-only; human review needed,./2026-07-29-iris-supervisor-bilingual-transcript.he-en.md#s-1144
S-1145,00:45:32.190,00:45:33.350,Unresolved,Unknown,No automatic diarization; human audiovisual review required,עם החדשנות.,,with the innovation.,,Open question,Control-linked,Q-10,,,,,,Machine-only; human review needed,./2026-07-29-iris-supervisor-bilingual-transcript.he-en.md#s-1145
S-1146,00:45:34.970,00:45:36.210,Unresolved,Unknown,No automatic diarization; human audiovisual review required,זה קצת מהר,,This is a bit too fast,,Action,Control-linked,A-15; Q-10,,,,,,Machine-only; human review needed,./2026-07-29-iris-supervisor-bilingual-transcript.he-en.md#s-1146
S-1147,00:45:36.210,00:45:36.770,Unresolved,Unknown,No automatic diarization; human audiovisual review required,"למדי,",,"to say,",,Action,Control-linked,A-15; Q-10,,,,,,Machine-only; human review needed,./2026-07-29-iris-supervisor-bilingual-transcript.he-en.md#s-1147
S-1148,00:45:36.850,00:45:37.530,Unresolved,Unknown,No automatic diarization; human audiovisual review required,אבל אני לא רוצה,,but I don't want,,Action,Control-linked,A-15; Q-10,,,,,,Machine-only; human review needed,./2026-07-29-iris-supervisor-bilingual-transcript.he-en.md#s-1148
S-1149,00:45:37.530,00:45:39.090,Unresolved,Unknown,No automatic diarization; human audiovisual review required,"לפספס את ההזדמנות,",,"to miss the opportunity,",,Action,Control-linked,A-15; Q-10,,,,,,Machine-only; human review needed,./2026-07-29-iris-supervisor-bilingual-transcript.he-en.md#s-1149
S-1150,00:45:39.410,00:45:39.890,Unresolved,Unknown,No automatic diarization; human audiovisual review required,אז אנחנו,,so we,,Action,Control-linked,A-15; Q-10,,,,,,Machine-only; human review needed,./2026-07-29-iris-supervisor-bilingual-transcript.he-en.md#s-1150
S-1151,00:45:39.890,00:45:40.430,Unresolved,Unknown,No automatic diarization; human audiovisual review required,נכניסו אותך,,"will put you on the loop,",,Action,Control-linked,A-15; Q-10,,,,,,Machine-only; human review needed,./2026-07-29-iris-supervisor-bilingual-transcript.he-en.md#s-1151
S-1152,00:45:40.430,00:45:40.770,Unresolved,Unknown,No automatic diarization; human audiovisual review required,"על הלופ,",,but I agree,,Action,Control-linked,A-15; Q-10,,,,,,Machine-only; human review needed,./2026-07-29-iris-supervisor-bilingual-transcript.he-en.md#s-1152
S-1153,00:45:40.810,00:45:42.170,Unresolved,Unknown,No automatic diarization; human audiovisual review required,אבל אני מסכימה,,that what Arnon said,,Requirement,Control-linked,R-10; A-10; Q-03,,,,,,Machine-only; human review needed,./2026-07-29-iris-supervisor-bilingual-transcript.he-en.md#s-1153
S-1154,00:45:42.170,00:45:43.130,Unresolved,Unknown,No automatic diarization; human audiovisual review required,שמה שארנון אמר,,is,,Requirement,Control-linked,R-10; A-10; Q-03,,,,,,Machine-only; human review needed,./2026-07-29-iris-supervisor-bilingual-transcript.he-en.md#s-1154
S-1155,00:45:43.130,00:45:43.830,Unresolved,Unknown,No automatic diarization; human audiovisual review required,הוא,,according to and we,,Requirement,Control-linked,R-10; A-10; Q-03,,,,,,Machine-only; human review needed,./2026-07-29-iris-supervisor-bilingual-transcript.he-en.md#s-1155
S-1156,00:45:43.830,00:45:45.090,Unresolved,Unknown,No automatic diarization; human audiovisual review required,לפי ואנחנו,,need to act.,,Requirement,Control-linked,R-10; A-10; Q-03,,,,,,Machine-only; human review needed,./2026-07-29-iris-supervisor-bilingual-transcript.he-en.md#s-1156
S-1157,00:45:45.090,00:45:45.890,Unresolved,Unknown,No automatic diarization; human audiovisual review required,צריכים לפעול.,,The meaning of this,,Requirement,Control-linked,R-10; A-10; Q-03,,,,,,Machine-only; human review needed,./2026-07-29-iris-supervisor-bilingual-transcript.he-en.md#s-1157
S-1158,00:45:46.890,00:45:47.750,Unresolved,Unknown,No automatic diarization; human audiovisual review required,המשמעות של זה,,The meaning of this,,Requirement,Control-linked,R-10; A-10; Q-03,,,,,,Machine-only; human review needed,./2026-07-29-iris-supervisor-bilingual-transcript.he-en.md#s-1158
S-1159,00:45:47.750,00:45:48.970,Unresolved,Unknown,No automatic diarization; human audiovisual review required,זה שאתה,,This is what you,,Requirement,Control-linked,R-10; A-10; Q-03,,,,,,Machine-only; human review needed,./2026-07-29-iris-supervisor-bilingual-transcript.he-en.md#s-1159
S-1160,00:45:48.970,00:45:51.070,Unresolved,Unknown,No automatic diarization; human audiovisual review required,מתרכז כרגע,,are currently focusing on,,Requirement,Control-linked,R-10; A-10; Q-03,,,,,,Machine-only; human review needed,./2026-07-29-iris-supervisor-bilingual-transcript.he-en.md#s-1160
S-1161,00:45:51.070,00:45:52.190,Unresolved,Unknown,No automatic diarization; human audiovisual review required,בהצעה,,in your proposal,,Requirement,Control-linked,R-10; A-10; Q-03,,,,,,Machine-only; human review needed,./2026-07-29-iris-supervisor-bilingual-transcript.he-en.md#s-1161
S-1162,00:45:52.190,00:45:53.090,Unresolved,Unknown,No automatic diarization; human audiovisual review required,"עם שני פלנים,",,"with two plans,",,Requirement,Control-linked,R-10; A-10; Q-03,,,,,,Machine-only; human review needed,./2026-07-29-iris-supervisor-bilingual-transcript.he-en.md#s-1162
S-1163,00:45:53.230,00:45:54.010,Unresolved,Unknown,No automatic diarization; human audiovisual review required,"עם A ו-B,",,"with A and B,",,Requirement,Control-linked,R-10; A-10; Q-03,,,,,,Machine-only; human review needed,./2026-07-29-iris-supervisor-bilingual-transcript.he-en.md#s-1163
S-1164,00:45:54.970,00:45:55.650,Unresolved,Unknown,No automatic diarization; human audiovisual review required,כאשר,,when,,Requirement,Control-linked,R-10; A-10; Q-03,,,,,,Machine-only; human review needed,./2026-07-29-iris-supervisor-bilingual-transcript.he-en.md#s-1164
S-1165,00:45:55.650,00:45:57.670,Unresolved,Unknown,No automatic diarization; human audiovisual review required,במקרה,,in the case that,,Requirement,Control-linked,R-10; A-10; Q-03,,,,,,Machine-only; human review needed,./2026-07-29-iris-supervisor-bilingual-transcript.he-en.md#s-1165
S-1166,00:45:57.670,00:45:58.490,Unresolved,Unknown,No automatic diarization; human audiovisual review required,שלא נצליח,,"we don't manage to do the medical,",,Requirement,Control-linked,R-10; A-10; Q-03,,,,,,Machine-only; human review needed,./2026-07-29-iris-supervisor-bilingual-transcript.he-en.md#s-1166
S-1167,00:45:58.490,00:45:59.630,Unresolved,Unknown,No automatic diarization; human audiovisual review required,"לעשות את הרפואי,",,we will have,,Requirement,Control-linked,R-10; A-10; Q-03,,,,,,Machine-only; human review needed,./2026-07-29-iris-supervisor-bilingual-transcript.he-en.md#s-1167
S-1168,00:46:00.330,00:46:00.790,Unresolved,Unknown,No automatic diarization; human audiovisual review required,יהיה לנו,,the fallback.,,Requirement,Control-linked,R-10; A-10; Q-03,,,,,,Machine-only; human review needed,./2026-07-29-iris-supervisor-bilingual-transcript.he-en.md#s-1168
S-1169,00:46:00.790,00:46:01.870,Unresolved,Unknown,No automatic diarization; human audiovisual review required,את הפולבק.,,"Okay,",,Requirement,Control-linked,R-10; A-10; Q-03,,,,,,Machine-only; human review needed,./2026-07-29-iris-supervisor-bilingual-transcript.he-en.md#s-1169
S-1170,00:46:02.690,00:46:02.990,Unresolved,Unknown,No automatic diarization; human audiovisual review required,"אוקיי,",,note it.,,Context,Human-review-needed,,,,,,,Machine-only; human review needed,./2026-07-29-iris-supervisor-bilingual-transcript.he-en.md#s-1170
S-1171,00:46:03.450,00:46:03.810,Unresolved,Unknown,No automatic diarization; human audiovisual review required,עציין.,,Is that okay?,,Context,Human-review-needed,,,,,,,Machine-only; human review needed,./2026-07-29-iris-supervisor-bilingual-transcript.he-en.md#s-1171
S-1172,00:46:04.600,00:46:05.140,Unresolved,Unknown,No automatic diarization; human audiovisual review required,בסדר?,,"Okay,",,Context,Human-review-needed,,,,,,,Machine-only; human review needed,./2026-07-29-iris-supervisor-bilingual-transcript.he-en.md#s-1172
S-1173,00:46:06.100,00:46:06.480,Unresolved,Unknown,No automatic diarization; human audiovisual review required,"אוקיי,",,great?,,Context,Human-review-needed,,,,,,,Machine-only; human review needed,./2026-07-29-iris-supervisor-bilingual-transcript.he-en.md#s-1173
S-1174,00:46:06.640,00:46:07.060,Unresolved,Unknown,No automatic diarization; human audiovisual review required,מעולה?,,We'll make it happen.,,Context,Human-review-needed,,,,,,,Machine-only; human review needed,./2026-07-29-iris-supervisor-bilingual-transcript.he-en.md#s-1174
S-1175,00:46:07.420,00:46:07.820,Unresolved,Unknown,No automatic diarization; human audiovisual review required,נהיה לזה.,,May we have success with this.,,Context,Human-review-needed,,,,,,,Machine-only; human review needed,./2026-07-29-iris-supervisor-bilingual-transcript.he-en.md#s-1175
S-1176,00:46:07.880,00:46:08.660,Unresolved,Unknown,No automatic diarization; human audiovisual review required,"שיהיהיה לנו בהצלחה,",,"May it be successful for us,",,Context,Human-review-needed,,,,,,,Machine-only; human review needed,./2026-07-29-iris-supervisor-bilingual-transcript.he-en.md#s-1176
S-1177,00:46:08.720,00:46:09.160,Unresolved,Unknown,No automatic diarization; human audiovisual review required,וכמובן,,Of course,,Context,Human-review-needed,,,,,,,Machine-only; human review needed,./2026-07-29-iris-supervisor-bilingual-transcript.he-en.md#s-1177
S-1178,00:46:09.160,00:46:09.500,Unresolved,Unknown,No automatic diarization; human audiovisual review required,אם יש,,If there are,,Context,Human-review-needed,,,,,,,Machine-only; human review needed,./2026-07-29-iris-supervisor-bilingual-transcript.he-en.md#s-1178
S-1179,00:46:09.500,00:46:12.280,Unresolved,Unknown,No automatic diarization; human audiovisual review required,דברים,,things,,Context,Human-review-needed,,,,,,,Machine-only; human review needed,./2026-07-29-iris-supervisor-bilingual-transcript.he-en.md#s-1179
S-1180,00:46:12.280,00:46:13.380,Unresolved,Unknown,No automatic diarization; human audiovisual review required,מוזמן,,"to be told,",,Context,Human-review-needed,,,,,,,Machine-only; human review needed,./2026-07-29-iris-supervisor-bilingual-transcript.he-en.md#s-1180
S-1181,00:46:13.380,00:46:14.620,Unresolved,Unknown,No automatic diarization; human audiovisual review required,להגיד.,,definitely.,,Context,Human-review-needed,,,,,,,Machine-only; human review needed,./2026-07-29-iris-supervisor-bilingual-transcript.he-en.md#s-1181
S-1182,00:46:15.690,00:46:16.050,Unresolved,Unknown,No automatic diarization; human audiovisual review required,בטח.,,Sure.,,Context,Human-review-needed,,,,,,,Machine-only; human review needed,./2026-07-29-iris-supervisor-bilingual-transcript.he-en.md#s-1182
S-1183,00:46:16.230,00:46:16.650,Unresolved,Unknown,No automatic diarization; human audiovisual review required,"תודה רבה,",,"Thank you very much,",,Context,Human-review-needed,,,,,,,Machine-only; human review needed,./2026-07-29-iris-supervisor-bilingual-transcript.he-en.md#s-1183
S-1184,00:46:16.770,00:46:17.070,Unresolved,Unknown,No automatic diarization; human audiovisual review required,יריס.,,Yaris.,,Context,Human-review-needed,,,,,,,Machine-only; human review needed,./2026-07-29-iris-supervisor-bilingual-transcript.he-en.md#s-1184
S-1185,00:46:17.730,00:46:18.110,Unresolved,Unknown,No automatic diarization; human audiovisual review required,תודה כמה,,Thank you so,,Context,Human-review-needed,,,,,,,Machine-only; human review needed,./2026-07-29-iris-supervisor-bilingual-transcript.he-en.md#s-1185
S-1186,00:46:18.110,00:46:18.230,Unresolved,Unknown,No automatic diarization; human audiovisual review required,הרבה.,,much.,,Context,Human-review-needed,,,,,,,Machine-only; human review needed,./2026-07-29-iris-supervisor-bilingual-transcript.he-en.md#s-1186
S-1187,00:46:19.830,00:46:20.470,Unresolved,Unknown,No automatic diarization; human audiovisual review required,בהצלחה.,,Good luck.,,Context,Human-review-needed,,,,,,,Machine-only; human review needed,./2026-07-29-iris-supervisor-bilingual-transcript.he-en.md#s-1187
S-1188,00:46:20.470,00:46:20.750,Unresolved,Unknown,No automatic diarization; human audiovisual review required,יאללה.,,Let's go.,,Context,Human-review-needed,,,,,,,Machine-only; human review needed,./2026-07-29-iris-supervisor-bilingual-transcript.he-en.md#s-1188
S-1189,00:46:20.930,00:46:21.570,Unresolved,Unknown,No automatic diarization; human audiovisual review required,ביי ביי.,,Bye bye.,,Context,Human-review-needed,,,,,,,Machine-only; human review needed,./2026-07-29-iris-supervisor-bilingual-transcript.he-en.md#s-1189
S-1190,00:46:21.570,00:46:23.090,Unresolved,Unknown,No automatic diarization; human audiovisual review required,"תודה לכם,",,"Thank you all,",,Context,Human-review-needed,,,,,,,Machine-only; human review needed,./2026-07-29-iris-supervisor-bilingual-transcript.he-en.md#s-1190
S-1191,00:46:23.250,00:46:23.550,Unresolved,Unknown,No automatic diarization; human audiovisual review required,יאללה.,,let's go.,,Context,Human-review-needed,,,,,,,Machine-only; human review needed,./2026-07-29-iris-supervisor-bilingual-transcript.he-en.md#s-1191
S-1192,00:46:23.830,00:46:24.130,Unresolved,Unknown,No automatic diarization; human audiovisual review required,ביי ביי.,,Bye bye.,,Context,Human-review-needed,,,,,,,Machine-only; human review needed,./2026-07-29-iris-supervisor-bilingual-transcript.he-en.md#s-1192
S-1193,00:46:24.450,00:46:24.850,Unresolved,Unknown,No automatic diarization; human audiovisual review required,ביי ביי.,,Bye bye.,,Context,Human-review-needed,,,,,,,Machine-only; human review needed,./2026-07-29-iris-supervisor-bilingual-transcript.he-en.md#s-1193
S-1194,00:46:24.850,00:46:24.910,Unresolved,Unknown,No automatic diarization; human audiovisual review required,ביי ביי.,,Bye bye.,,Context,Human-review-needed,,,,,,,Machine-only; human review needed,./2026-07-29-iris-supervisor-bilingual-transcript.he-en.md#s-1194
S-1195,00:46:24.910,00:46:25.010,Unresolved,Unknown,No automatic diarization; human audiovisual review required,תודה רבה.,,Thank you very much.,,Context,Human-review-needed,,,,,,,Machine-only; human review needed,./2026-07-29-iris-supervisor-bilingual-transcript.he-en.md#s-1195
