Gap_ID,Gap_Type,Start,End,Duration_Seconds,Previous_Segment_ID,Next_Segment_ID,Machine_Disposition,Human_Classification,Reviewer_A,Reviewer_B,Adjudication,Review_Status
G-0001,Lead,00:00:00.000,00:00:01.060,1.060,,S-0001,Uncovered by ASR/VAD interval union,,,,,Machine-only; human full-media classification needed
G-0002,Internal,00:00:33.690,00:00:34.770,1.080,S-0002,S-0003,Uncovered by ASR/VAD interval union,,,,,Machine-only; human full-media classification needed
G-0003,Internal,00:00:59.350,00:01:02.200,2.850,S-0004,S-0005,Uncovered by ASR/VAD interval union,,,,,Machine-only; human full-media classification needed
G-0004,Internal,00:01:20.920,00:01:21.880,0.960,S-0006,S-0007,Uncovered by ASR/VAD interval union,,,,,Machine-only; human full-media classification needed
G-0005,Internal,00:02:12.860,00:02:13.320,0.460,S-0010,S-0011,Uncovered by ASR/VAD interval union,,,,,Machine-only; human full-media classification needed
G-0006,Internal,00:02:28.120,00:02:28.180,0.060,S-0012,S-0013,Uncovered by ASR/VAD interval union,,,,,Machine-only; human full-media classification needed
G-0007,Internal,00:02:33.920,00:02:34.440,0.520,S-0013,S-0014,Uncovered by ASR/VAD interval union,,,,,Machine-only; human full-media classification needed
G-0008,Internal,00:02:48.680,00:02:48.820,0.140,S-0015,S-0016,Uncovered by ASR/VAD interval union,,,,,Machine-only; human full-media classification needed
G-0009,Internal,00:02:53.140,00:02:55.060,1.920,S-0016,S-0017,Uncovered by ASR/VAD interval union,,,,,Machine-only; human full-media classification needed
G-0010,Internal,00:03:04.100,00:03:04.340,0.240,S-0017,S-0018,Uncovered by ASR/VAD interval union,,,,,Machine-only; human full-media classification needed
G-0011,Internal,00:03:13.680,00:03:13.780,0.100,S-0019,S-0020,Uncovered by ASR/VAD interval union,,,,,Machine-only; human full-media classification needed
G-0012,Internal,00:03:18.560,00:03:18.640,0.080,S-0020,S-0021,Uncovered by ASR/VAD interval union,,,,,Machine-only; human full-media classification needed
G-0013,Internal,00:03:28.840,00:03:29.580,0.740,S-0022,S-0023,Uncovered by ASR/VAD interval union,,,,,Machine-only; human full-media classification needed
G-0014,Internal,00:03:39.280,00:03:39.820,0.540,S-0024,S-0025,Uncovered by ASR/VAD interval union,,,,,Machine-only; human full-media classification needed
G-0015,Internal,00:03:51.420,00:03:51.920,0.500,S-0026,S-0027,Uncovered by ASR/VAD interval union,,,,,Machine-only; human full-media classification needed
G-0016,Internal,00:03:56.460,00:03:56.820,0.360,S-0027,S-0028,Uncovered by ASR/VAD interval union,,,,,Machine-only; human full-media classification needed
G-0017,Internal,00:04:05.780,00:04:06.400,0.620,S-0029,S-0030,Uncovered by ASR/VAD interval union,,,,,Machine-only; human full-media classification needed
G-0018,Internal,00:04:11.650,00:04:11.990,0.340,S-0030,S-0031,Uncovered by ASR/VAD interval union,,,,,Machine-only; human full-media classification needed
G-0019,Internal,00:04:15.750,00:04:15.850,0.100,S-0031,S-0032,Uncovered by ASR/VAD interval union,,,,,Machine-only; human full-media classification needed
G-0020,Internal,00:04:19.910,00:04:20.390,0.480,S-0032,S-0033,Uncovered by ASR/VAD interval union,,,,,Machine-only; human full-media classification needed
G-0021,Internal,00:04:38.020,00:04:38.700,0.680,S-0035,S-0036,Uncovered by ASR/VAD interval union,,,,,Machine-only; human full-media classification needed
G-0022,Internal,00:04:43.180,00:04:43.620,0.440,S-0036,S-0037,Uncovered by ASR/VAD interval union,,,,,Machine-only; human full-media classification needed
G-0023,Internal,00:04:50.240,00:04:50.360,0.120,S-0038,S-0039,Uncovered by ASR/VAD interval union,,,,,Machine-only; human full-media classification needed
G-0024,Internal,00:04:54.760,00:04:55.280,0.520,S-0039,S-0040,Uncovered by ASR/VAD interval union,,,,,Machine-only; human full-media classification needed
G-0025,Internal,00:04:57.880,00:04:57.960,0.080,S-0040,S-0041,Uncovered by ASR/VAD interval union,,,,,Machine-only; human full-media classification needed
G-0026,Internal,00:05:00.840,00:05:00.940,0.100,S-0041,S-0042,Uncovered by ASR/VAD interval union,,,,,Machine-only; human full-media classification needed
G-0027,Internal,00:05:03.120,00:05:03.140,0.020,S-0042,S-0043,Uncovered by ASR/VAD interval union,,,,,Machine-only; human full-media classification needed
G-0028,Internal,00:05:07.320,00:05:07.720,0.400,S-0043,S-0044,Uncovered by ASR/VAD interval union,,,,,Machine-only; human full-media classification needed
G-0029,Internal,00:05:19.800,00:05:19.860,0.060,S-0046,S-0047,Uncovered by ASR/VAD interval union,,,,,Machine-only; human full-media classification needed
G-0030,Internal,00:05:22.080,00:05:22.380,0.300,S-0047,S-0048,Uncovered by ASR/VAD interval union,,,,,Machine-only; human full-media classification needed
G-0031,Internal,00:05:25.700,00:05:25.780,0.080,S-0048,S-0049,Uncovered by ASR/VAD interval union,,,,,Machine-only; human full-media classification needed
G-0032,Internal,00:05:27.220,00:05:27.540,0.320,S-0049,S-0050,Uncovered by ASR/VAD interval union,,,,,Machine-only; human full-media classification needed
G-0033,Internal,00:05:31.040,00:05:31.400,0.360,S-0050,S-0051,Uncovered by ASR/VAD interval union,,,,,Machine-only; human full-media classification needed
G-0034,Internal,00:05:34.640,00:05:35.020,0.380,S-0051,S-0052,Uncovered by ASR/VAD interval union,,,,,Machine-only; human full-media classification needed
G-0035,Internal,00:05:46.660,00:05:46.900,0.240,S-0054,S-0055,Uncovered by ASR/VAD interval union,,,,,Machine-only; human full-media classification needed
G-0036,Internal,00:05:49.040,00:05:49.320,0.280,S-0055,S-0056,Uncovered by ASR/VAD interval union,,,,,Machine-only; human full-media classification needed
G-0037,Internal,00:05:56.340,00:05:56.740,0.400,S-0056,S-0057,Uncovered by ASR/VAD interval union,,,,,Machine-only; human full-media classification needed
G-0038,Internal,00:06:02.030,00:06:02.330,0.300,S-0057,S-0058,Uncovered by ASR/VAD interval union,,,,,Machine-only; human full-media classification needed
G-0039,Internal,00:06:06.610,00:06:06.770,0.160,S-0059,S-0060,Uncovered by ASR/VAD interval union,,,,,Machine-only; human full-media classification needed
G-0040,Internal,00:06:08.010,00:06:08.250,0.240,S-0060,S-0061,Uncovered by ASR/VAD interval union,,,,,Machine-only; human full-media classification needed
G-0041,Internal,00:06:10.450,00:06:10.750,0.300,S-0061,S-0062,Uncovered by ASR/VAD interval union,,,,,Machine-only; human full-media classification needed
G-0042,Internal,00:06:13.020,00:06:13.100,0.080,S-0063,S-0064,Uncovered by ASR/VAD interval union,,,,,Machine-only; human full-media classification needed
G-0043,Internal,00:06:16.080,00:06:17.440,1.360,S-0064,S-0065,Uncovered by ASR/VAD interval union,,,,,Machine-only; human full-media classification needed
G-0044,Internal,00:06:20.700,00:06:20.900,0.200,S-0066,S-0067,Uncovered by ASR/VAD interval union,,,,,Machine-only; human full-media classification needed
G-0045,Internal,00:06:23.640,00:06:23.740,0.100,S-0067,S-0068,Uncovered by ASR/VAD interval union,,,,,Machine-only; human full-media classification needed
G-0046,Internal,00:06:29.240,00:06:29.360,0.120,S-0071,S-0072,Uncovered by ASR/VAD interval union,,,,,Machine-only; human full-media classification needed
G-0047,Internal,00:06:34.060,00:06:34.480,0.420,S-0073,S-0074,Uncovered by ASR/VAD interval union,,,,,Machine-only; human full-media classification needed
G-0048,Internal,00:06:36.840,00:06:38.460,1.620,S-0074,S-0075,Uncovered by ASR/VAD interval union,,,,,Machine-only; human full-media classification needed
G-0049,Internal,00:06:40.060,00:06:40.200,0.140,S-0075,S-0076,Uncovered by ASR/VAD interval union,,,,,Machine-only; human full-media classification needed
G-0050,Internal,00:06:41.620,00:06:41.900,0.280,S-0076,S-0077,Uncovered by ASR/VAD interval union,,,,,Machine-only; human full-media classification needed
G-0051,Internal,00:06:44.180,00:06:44.620,0.440,S-0077,S-0078,Uncovered by ASR/VAD interval union,,,,,Machine-only; human full-media classification needed
G-0052,Internal,00:06:46.300,00:06:46.420,0.120,S-0078,S-0079,Uncovered by ASR/VAD interval union,,,,,Machine-only; human full-media classification needed
G-0053,Internal,00:06:49.140,00:06:49.800,0.660,S-0079,S-0080,Uncovered by ASR/VAD interval union,,,,,Machine-only; human full-media classification needed
G-0054,Internal,00:06:53.000,00:06:53.080,0.080,S-0081,S-0082,Uncovered by ASR/VAD interval union,,,,,Machine-only; human full-media classification needed
G-0055,Internal,00:06:53.900,00:06:54.000,0.100,S-0082,S-0083,Uncovered by ASR/VAD interval union,,,,,Machine-only; human full-media classification needed
G-0056,Internal,00:06:54.620,00:06:55.040,0.420,S-0083,S-0084,Uncovered by ASR/VAD interval union,,,,,Machine-only; human full-media classification needed
G-0057,Internal,00:06:57.440,00:06:57.680,0.240,S-0084,S-0085,Uncovered by ASR/VAD interval union,,,,,Machine-only; human full-media classification needed
G-0058,Internal,00:07:01.340,00:07:01.500,0.160,S-0086,S-0087,Uncovered by ASR/VAD interval union,,,,,Machine-only; human full-media classification needed
G-0059,Internal,00:07:04.160,00:07:04.620,0.460,S-0087,S-0088,Uncovered by ASR/VAD interval union,,,,,Machine-only; human full-media classification needed
G-0060,Internal,00:07:04.840,00:07:05.180,0.340,S-0088,S-0089,Uncovered by ASR/VAD interval union,,,,,Machine-only; human full-media classification needed
G-0061,Internal,00:07:06.840,00:07:06.900,0.060,S-0089,S-0090,Uncovered by ASR/VAD interval union,,,,,Machine-only; human full-media classification needed
G-0062,Internal,00:07:08.640,00:07:08.740,0.100,S-0090,S-0091,Uncovered by ASR/VAD interval union,,,,,Machine-only; human full-media classification needed
G-0063,Internal,00:07:10.760,00:07:10.980,0.220,S-0091,S-0092,Uncovered by ASR/VAD interval union,,,,,Machine-only; human full-media classification needed
G-0064,Internal,00:07:11.980,00:07:12.420,0.440,S-0092,S-0093,Uncovered by ASR/VAD interval union,,,,,Machine-only; human full-media classification needed
G-0065,Internal,00:07:14.700,00:07:14.780,0.080,S-0093,S-0094,Uncovered by ASR/VAD interval union,,,,,Machine-only; human full-media classification needed
G-0066,Internal,00:07:15.560,00:07:15.640,0.080,S-0094,S-0095,Uncovered by ASR/VAD interval union,,,,,Machine-only; human full-media classification needed
G-0067,Internal,00:07:18.720,00:07:19.000,0.280,S-0096,S-0097,Uncovered by ASR/VAD interval union,,,,,Machine-only; human full-media classification needed
G-0068,Internal,00:07:19.680,00:07:19.760,0.080,S-0097,S-0098,Uncovered by ASR/VAD interval union,,,,,Machine-only; human full-media classification needed
G-0069,Internal,00:07:20.560,00:07:20.680,0.120,S-0098,S-0099,Uncovered by ASR/VAD interval union,,,,,Machine-only; human full-media classification needed
G-0070,Internal,00:07:22.040,00:07:23.540,1.500,S-0099,S-0100,Uncovered by ASR/VAD interval union,,,,,Machine-only; human full-media classification needed
G-0071,Internal,00:07:25.300,00:07:25.440,0.140,S-0100,S-0101,Uncovered by ASR/VAD interval union,,,,,Machine-only; human full-media classification needed
G-0072,Internal,00:07:27.020,00:07:27.340,0.320,S-0101,S-0102,Uncovered by ASR/VAD interval union,,,,,Machine-only; human full-media classification needed
G-0073,Internal,00:07:29.480,00:07:30.080,0.600,S-0103,S-0104,Uncovered by ASR/VAD interval union,,,,,Machine-only; human full-media classification needed
G-0074,Internal,00:07:30.700,00:07:30.800,0.100,S-0104,S-0105,Uncovered by ASR/VAD interval union,,,,,Machine-only; human full-media classification needed
G-0075,Internal,00:07:32.460,00:07:32.680,0.220,S-0105,S-0106,Uncovered by ASR/VAD interval union,,,,,Machine-only; human full-media classification needed
G-0076,Internal,00:07:35.620,00:07:36.120,0.500,S-0106,S-0107,Uncovered by ASR/VAD interval union,,,,,Machine-only; human full-media classification needed
G-0077,Internal,00:07:38.200,00:07:39.180,0.980,S-0107,S-0108,Uncovered by ASR/VAD interval union,,,,,Machine-only; human full-media classification needed
G-0078,Internal,00:07:39.780,00:07:40.020,0.240,S-0108,S-0109,Uncovered by ASR/VAD interval union,,,,,Machine-only; human full-media classification needed
G-0079,Internal,00:07:43.220,00:07:43.780,0.560,S-0109,S-0110,Uncovered by ASR/VAD interval union,,,,,Machine-only; human full-media classification needed
G-0080,Internal,00:07:45.400,00:07:45.480,0.080,S-0111,S-0112,Uncovered by ASR/VAD interval union,,,,,Machine-only; human full-media classification needed
G-0081,Internal,00:07:46.640,00:07:46.900,0.260,S-0112,S-0113,Uncovered by ASR/VAD interval union,,,,,Machine-only; human full-media classification needed
G-0082,Internal,00:07:48.920,00:07:48.980,0.060,S-0113,S-0114,Uncovered by ASR/VAD interval union,,,,,Machine-only; human full-media classification needed
G-0083,Internal,00:07:50.720,00:07:51.660,0.940,S-0114,S-0115,Uncovered by ASR/VAD interval union,,,,,Machine-only; human full-media classification needed
G-0084,Internal,00:07:55.940,00:07:56.080,0.140,S-0116,S-0117,Uncovered by ASR/VAD interval union,,,,,Machine-only; human full-media classification needed
G-0085,Internal,00:07:57.880,00:07:57.920,0.040,S-0117,S-0118,Uncovered by ASR/VAD interval union,,,,,Machine-only; human full-media classification needed
G-0086,Internal,00:07:59.400,00:07:59.700,0.300,S-0118,S-0119,Uncovered by ASR/VAD interval union,,,,,Machine-only; human full-media classification needed
G-0087,Internal,00:08:02.100,00:08:02.560,0.460,S-0119,S-0120,Uncovered by ASR/VAD interval union,,,,,Machine-only; human full-media classification needed
G-0088,Internal,00:08:03.460,00:08:03.680,0.220,S-0120,S-0121,Uncovered by ASR/VAD interval union,,,,,Machine-only; human full-media classification needed
G-0089,Internal,00:08:05.240,00:08:05.580,0.340,S-0121,S-0122,Uncovered by ASR/VAD interval union,,,,,Machine-only; human full-media classification needed
G-0090,Internal,00:08:11.640,00:08:12.000,0.360,S-0123,S-0124,Uncovered by ASR/VAD interval union,,,,,Machine-only; human full-media classification needed
G-0091,Internal,00:08:13.800,00:08:14.780,0.980,S-0124,S-0125,Uncovered by ASR/VAD interval union,,,,,Machine-only; human full-media classification needed
G-0092,Internal,00:08:19.610,00:08:21.690,2.080,S-0126,S-0127,Uncovered by ASR/VAD interval union,,,,,Machine-only; human full-media classification needed
G-0093,Internal,00:08:26.670,00:08:27.110,0.440,S-0128,S-0129,Uncovered by ASR/VAD interval union,,,,,Machine-only; human full-media classification needed
G-0094,Internal,00:08:28.430,00:08:28.530,0.100,S-0129,S-0130,Uncovered by ASR/VAD interval union,,,,,Machine-only; human full-media classification needed
G-0095,Internal,00:08:29.410,00:08:29.970,0.560,S-0130,S-0131,Uncovered by ASR/VAD interval union,,,,,Machine-only; human full-media classification needed
G-0096,Internal,00:08:30.950,00:08:31.030,0.080,S-0131,S-0132,Uncovered by ASR/VAD interval union,,,,,Machine-only; human full-media classification needed
G-0097,Internal,00:08:31.570,00:08:31.790,0.220,S-0132,S-0133,Uncovered by ASR/VAD interval union,,,,,Machine-only; human full-media classification needed
G-0098,Internal,00:08:34.170,00:08:34.990,0.820,S-0133,S-0134,Uncovered by ASR/VAD interval union,,,,,Machine-only; human full-media classification needed
G-0099,Internal,00:08:36.030,00:08:36.130,0.100,S-0134,S-0135,Uncovered by ASR/VAD interval union,,,,,Machine-only; human full-media classification needed
G-0100,Internal,00:08:36.730,00:08:37.650,0.920,S-0135,S-0136,Uncovered by ASR/VAD interval union,,,,,Machine-only; human full-media classification needed
G-0101,Internal,00:08:39.670,00:08:39.930,0.260,S-0136,S-0137,Uncovered by ASR/VAD interval union,,,,,Machine-only; human full-media classification needed
G-0102,Internal,00:08:41.110,00:08:41.210,0.100,S-0137,S-0138,Uncovered by ASR/VAD interval union,,,,,Machine-only; human full-media classification needed
G-0103,Internal,00:08:41.630,00:08:41.670,0.040,S-0138,S-0139,Uncovered by ASR/VAD interval union,,,,,Machine-only; human full-media classification needed
G-0104,Internal,00:08:49.650,00:08:49.990,0.340,S-0140,S-0141,Uncovered by ASR/VAD interval union,,,,,Machine-only; human full-media classification needed
G-0105,Internal,00:08:51.530,00:08:51.610,0.080,S-0141,S-0142,Uncovered by ASR/VAD interval union,,,,,Machine-only; human full-media classification needed
G-0106,Internal,00:08:52.110,00:08:52.410,0.300,S-0142,S-0143,Uncovered by ASR/VAD interval union,,,,,Machine-only; human full-media classification needed
G-0107,Internal,00:08:53.950,00:08:54.030,0.080,S-0143,S-0144,Uncovered by ASR/VAD interval union,,,,,Machine-only; human full-media classification needed
G-0108,Internal,00:08:56.090,00:08:56.230,0.140,S-0144,S-0145,Uncovered by ASR/VAD interval union,,,,,Machine-only; human full-media classification needed
G-0109,Internal,00:08:57.050,00:08:57.090,0.040,S-0145,S-0146,Uncovered by ASR/VAD interval union,,,,,Machine-only; human full-media classification needed
G-0110,Internal,00:08:58.750,00:08:59.530,0.780,S-0146,S-0147,Uncovered by ASR/VAD interval union,,,,,Machine-only; human full-media classification needed
G-0111,Internal,00:09:00.050,00:09:00.110,0.060,S-0147,S-0148,Uncovered by ASR/VAD interval union,,,,,Machine-only; human full-media classification needed
G-0112,Internal,00:09:01.870,00:09:02.090,0.220,S-0148,S-0149,Uncovered by ASR/VAD interval union,,,,,Machine-only; human full-media classification needed
G-0113,Internal,00:09:03.090,00:09:03.690,0.600,S-0149,S-0150,Uncovered by ASR/VAD interval union,,,,,Machine-only; human full-media classification needed
G-0114,Internal,00:09:04.350,00:09:04.450,0.100,S-0150,S-0151,Uncovered by ASR/VAD interval union,,,,,Machine-only; human full-media classification needed
G-0115,Internal,00:09:06.510,00:09:07.870,1.360,S-0151,S-0152,Uncovered by ASR/VAD interval union,,,,,Machine-only; human full-media classification needed
G-0116,Internal,00:09:10.750,00:09:11.630,0.880,S-0152,S-0153,Uncovered by ASR/VAD interval union,,,,,Machine-only; human full-media classification needed
G-0117,Internal,00:09:11.870,00:09:12.870,1.000,S-0153,S-0154,Uncovered by ASR/VAD interval union,,,,,Machine-only; human full-media classification needed
G-0118,Internal,00:09:17.370,00:09:17.690,0.320,S-0156,S-0157,Uncovered by ASR/VAD interval union,,,,,Machine-only; human full-media classification needed
G-0119,Internal,00:09:18.570,00:09:18.870,0.300,S-0157,S-0158,Uncovered by ASR/VAD interval union,,,,,Machine-only; human full-media classification needed
G-0120,Internal,00:09:20.770,00:09:20.870,0.100,S-0158,S-0159,Uncovered by ASR/VAD interval union,,,,,Machine-only; human full-media classification needed
G-0121,Internal,00:09:22.580,00:09:22.640,0.060,S-0159,S-0160,Uncovered by ASR/VAD interval union,,,,,Machine-only; human full-media classification needed
G-0122,Internal,00:09:22.820,00:09:23.800,0.980,S-0160,S-0161,Uncovered by ASR/VAD interval union,,,,,Machine-only; human full-media classification needed
G-0123,Internal,00:09:25.020,00:09:25.180,0.160,S-0161,S-0162,Uncovered by ASR/VAD interval union,,,,,Machine-only; human full-media classification needed
G-0124,Internal,00:09:27.140,00:09:27.220,0.080,S-0162,S-0163,Uncovered by ASR/VAD interval union,,,,,Machine-only; human full-media classification needed
G-0125,Internal,00:09:28.920,00:09:29.020,0.100,S-0163,S-0164,Uncovered by ASR/VAD interval union,,,,,Machine-only; human full-media classification needed
G-0126,Internal,00:09:29.480,00:09:30.000,0.520,S-0164,S-0165,Uncovered by ASR/VAD interval union,,,,,Machine-only; human full-media classification needed
G-0127,Internal,00:09:30.480,00:09:31.040,0.560,S-0165,S-0166,Uncovered by ASR/VAD interval union,,,,,Machine-only; human full-media classification needed
G-0128,Internal,00:09:31.840,00:09:31.860,0.020,S-0166,S-0167,Uncovered by ASR/VAD interval union,,,,,Machine-only; human full-media classification needed
G-0129,Internal,00:09:32.040,00:09:32.160,0.120,S-0167,S-0168,Uncovered by ASR/VAD interval union,,,,,Machine-only; human full-media classification needed
G-0130,Internal,00:09:33.280,00:09:33.680,0.400,S-0168,S-0169,Uncovered by ASR/VAD interval union,,,,,Machine-only; human full-media classification needed
G-0131,Internal,00:09:35.960,00:09:36.400,0.440,S-0169,S-0170,Uncovered by ASR/VAD interval union,,,,,Machine-only; human full-media classification needed
G-0132,Internal,00:09:37.060,00:09:37.720,0.660,S-0170,S-0171,Uncovered by ASR/VAD interval union,,,,,Machine-only; human full-media classification needed
G-0133,Internal,00:09:39.240,00:09:39.640,0.400,S-0171,S-0172,Uncovered by ASR/VAD interval union,,,,,Machine-only; human full-media classification needed
G-0134,Internal,00:09:41.360,00:09:41.640,0.280,S-0172,S-0173,Uncovered by ASR/VAD interval union,,,,,Machine-only; human full-media classification needed
G-0135,Internal,00:09:46.780,00:09:46.860,0.080,S-0174,S-0175,Uncovered by ASR/VAD interval union,,,,,Machine-only; human full-media classification needed
G-0136,Internal,00:09:47.560,00:09:48.450,0.890,S-0175,S-0176,Uncovered by ASR/VAD interval union,,,,,Machine-only; human full-media classification needed
G-0137,Internal,00:09:51.290,00:09:51.330,0.040,S-0176,S-0177,Uncovered by ASR/VAD interval union,,,,,Machine-only; human full-media classification needed
G-0138,Internal,00:09:52.470,00:09:52.530,0.060,S-0177,S-0178,Uncovered by ASR/VAD interval union,,,,,Machine-only; human full-media classification needed
G-0139,Internal,00:09:55.170,00:09:55.550,0.380,S-0178,S-0179,Uncovered by ASR/VAD interval union,,,,,Machine-only; human full-media classification needed
G-0140,Internal,00:09:57.530,00:09:57.810,0.280,S-0179,S-0180,Uncovered by ASR/VAD interval union,,,,,Machine-only; human full-media classification needed
G-0141,Internal,00:10:01.770,00:10:01.850,0.080,S-0181,S-0182,Uncovered by ASR/VAD interval union,,,,,Machine-only; human full-media classification needed
G-0142,Internal,00:10:03.250,00:10:03.650,0.400,S-0182,S-0183,Uncovered by ASR/VAD interval union,,,,,Machine-only; human full-media classification needed
G-0143,Internal,00:10:04.930,00:10:05.030,0.100,S-0183,S-0184,Uncovered by ASR/VAD interval union,,,,,Machine-only; human full-media classification needed
G-0144,Internal,00:10:08.330,00:10:08.690,0.360,S-0184,S-0185,Uncovered by ASR/VAD interval union,,,,,Machine-only; human full-media classification needed
G-0145,Internal,00:10:10.550,00:10:10.990,0.440,S-0185,S-0186,Uncovered by ASR/VAD interval union,,,,,Machine-only; human full-media classification needed
G-0146,Internal,00:10:15.210,00:10:15.310,0.100,S-0186,S-0187,Uncovered by ASR/VAD interval union,,,,,Machine-only; human full-media classification needed
G-0147,Internal,00:10:17.030,00:10:17.370,0.340,S-0187,S-0188,Uncovered by ASR/VAD interval union,,,,,Machine-only; human full-media classification needed
G-0148,Internal,00:10:18.630,00:10:18.870,0.240,S-0188,S-0189,Uncovered by ASR/VAD interval union,,,,,Machine-only; human full-media classification needed
G-0149,Internal,00:10:21.630,00:10:23.040,1.410,S-0189,S-0190,Uncovered by ASR/VAD interval union,,,,,Machine-only; human full-media classification needed
G-0150,Internal,00:10:25.140,00:10:26.250,1.110,S-0192,S-0193,Uncovered by ASR/VAD interval union,,,,,Machine-only; human full-media classification needed
G-0151,Internal,00:10:27.050,00:10:27.950,0.900,S-0193,S-0194,Uncovered by ASR/VAD interval union,,,,,Machine-only; human full-media classification needed
G-0152,Internal,00:10:30.690,00:10:30.830,0.140,S-0195,S-0196,Uncovered by ASR/VAD interval union,,,,,Machine-only; human full-media classification needed
G-0153,Internal,00:10:37.990,00:10:38.030,0.040,S-0196,S-0197,Uncovered by ASR/VAD interval union,,,,,Machine-only; human full-media classification needed
G-0154,Internal,00:10:39.610,00:10:40.450,0.840,S-0197,S-0198,Uncovered by ASR/VAD interval union,,,,,Machine-only; human full-media classification needed
G-0155,Internal,00:10:42.470,00:10:43.070,0.600,S-0198,S-0199,Uncovered by ASR/VAD interval union,,,,,Machine-only; human full-media classification needed
G-0156,Internal,00:10:45.070,00:10:45.670,0.600,S-0199,S-0200,Uncovered by ASR/VAD interval union,,,,,Machine-only; human full-media classification needed
G-0157,Internal,00:10:49.110,00:10:49.230,0.120,S-0200,S-0201,Uncovered by ASR/VAD interval union,,,,,Machine-only; human full-media classification needed
G-0158,Internal,00:10:52.450,00:10:52.630,0.180,S-0201,S-0202,Uncovered by ASR/VAD interval union,,,,,Machine-only; human full-media classification needed
G-0159,Internal,00:10:54.760,00:10:56.060,1.300,S-0203,S-0204,Uncovered by ASR/VAD interval union,,,,,Machine-only; human full-media classification needed
G-0160,Internal,00:11:01.160,00:11:01.260,0.100,S-0205,S-0206,Uncovered by ASR/VAD interval union,,,,,Machine-only; human full-media classification needed
G-0161,Internal,00:11:06.180,00:11:06.680,0.500,S-0206,S-0207,Uncovered by ASR/VAD interval union,,,,,Machine-only; human full-media classification needed
G-0162,Internal,00:11:11.680,00:11:11.980,0.300,S-0207,S-0208,Uncovered by ASR/VAD interval union,,,,,Machine-only; human full-media classification needed
G-0163,Internal,00:11:22.580,00:11:24.120,1.540,S-0209,S-0210,Uncovered by ASR/VAD interval union,,,,,Machine-only; human full-media classification needed
G-0164,Internal,00:11:26.460,00:11:29.150,2.690,S-0210,S-0211,Uncovered by ASR/VAD interval union,,,,,Machine-only; human full-media classification needed
G-0165,Internal,00:11:33.170,00:11:33.590,0.420,S-0211,S-0212,Uncovered by ASR/VAD interval union,,,,,Machine-only; human full-media classification needed
G-0166,Internal,00:11:36.550,00:11:36.650,0.100,S-0212,S-0213,Uncovered by ASR/VAD interval union,,,,,Machine-only; human full-media classification needed
G-0167,Internal,00:11:42.390,00:11:42.870,0.480,S-0214,S-0215,Uncovered by ASR/VAD interval union,,,,,Machine-only; human full-media classification needed
G-0168,Internal,00:11:45.770,00:11:46.090,0.320,S-0215,S-0216,Uncovered by ASR/VAD interval union,,,,,Machine-only; human full-media classification needed
G-0169,Internal,00:11:48.010,00:11:48.290,0.280,S-0216,S-0217,Uncovered by ASR/VAD interval union,,,,,Machine-only; human full-media classification needed
G-0170,Internal,00:11:52.470,00:11:53.370,0.900,S-0217,S-0218,Uncovered by ASR/VAD interval union,,,,,Machine-only; human full-media classification needed
G-0171,Internal,00:11:57.630,00:11:57.970,0.340,S-0218,S-0219,Uncovered by ASR/VAD interval union,,,,,Machine-only; human full-media classification needed
G-0172,Internal,00:12:07.650,00:12:08.010,0.360,S-0221,S-0222,Uncovered by ASR/VAD interval union,,,,,Machine-only; human full-media classification needed
G-0173,Internal,00:12:13.470,00:12:13.710,0.240,S-0222,S-0223,Uncovered by ASR/VAD interval union,,,,,Machine-only; human full-media classification needed
G-0174,Internal,00:12:15.170,00:12:15.610,0.440,S-0223,S-0224,Uncovered by ASR/VAD interval union,,,,,Machine-only; human full-media classification needed
G-0175,Internal,00:12:20.770,00:12:20.850,0.080,S-0224,S-0225,Uncovered by ASR/VAD interval union,,,,,Machine-only; human full-media classification needed
G-0176,Internal,00:12:30.790,00:12:30.850,0.060,S-0226,S-0227,Uncovered by ASR/VAD interval union,,,,,Machine-only; human full-media classification needed
G-0177,Internal,00:12:33.430,00:12:33.750,0.320,S-0227,S-0228,Uncovered by ASR/VAD interval union,,,,,Machine-only; human full-media classification needed
G-0178,Internal,00:12:35.990,00:12:36.570,0.580,S-0228,S-0229,Uncovered by ASR/VAD interval union,,,,,Machine-only; human full-media classification needed
G-0179,Internal,00:12:38.630,00:12:38.730,0.100,S-0229,S-0230,Uncovered by ASR/VAD interval union,,,,,Machine-only; human full-media classification needed
G-0180,Internal,00:12:42.890,00:12:43.190,0.300,S-0230,S-0231,Uncovered by ASR/VAD interval union,,,,,Machine-only; human full-media classification needed
G-0181,Internal,00:12:45.610,00:12:45.930,0.320,S-0231,S-0232,Uncovered by ASR/VAD interval union,,,,,Machine-only; human full-media classification needed
G-0182,Internal,00:12:48.930,00:12:49.130,0.200,S-0232,S-0233,Uncovered by ASR/VAD interval union,,,,,Machine-only; human full-media classification needed
G-0183,Internal,00:12:50.450,00:12:50.530,0.080,S-0233,S-0234,Uncovered by ASR/VAD interval union,,,,,Machine-only; human full-media classification needed
G-0184,Internal,00:12:52.590,00:12:52.790,0.200,S-0234,S-0235,Uncovered by ASR/VAD interval union,,,,,Machine-only; human full-media classification needed
G-0185,Internal,00:13:00.770,00:13:01.050,0.280,S-0236,S-0237,Uncovered by ASR/VAD interval union,,,,,Machine-only; human full-media classification needed
G-0186,Internal,00:13:07.850,00:13:08.150,0.300,S-0238,S-0239,Uncovered by ASR/VAD interval union,,,,,Machine-only; human full-media classification needed
G-0187,Internal,00:13:12.390,00:13:13.140,0.750,S-0239,S-0240,Uncovered by ASR/VAD interval union,,,,,Machine-only; human full-media classification needed
G-0188,Internal,00:13:19.570,00:13:19.790,0.220,S-0241,S-0242,Uncovered by ASR/VAD interval union,,,,,Machine-only; human full-media classification needed
G-0189,Internal,00:13:21.710,00:13:21.850,0.140,S-0242,S-0243,Uncovered by ASR/VAD interval union,,,,,Machine-only; human full-media classification needed
G-0190,Internal,00:13:24.590,00:13:24.810,0.220,S-0243,S-0244,Uncovered by ASR/VAD interval union,,,,,Machine-only; human full-media classification needed
G-0191,Internal,00:13:26.910,00:13:27.070,0.160,S-0244,S-0245,Uncovered by ASR/VAD interval union,,,,,Machine-only; human full-media classification needed
G-0192,Internal,00:13:30.810,00:13:31.110,0.300,S-0245,S-0246,Uncovered by ASR/VAD interval union,,,,,Machine-only; human full-media classification needed
G-0193,Internal,00:13:32.310,00:13:32.790,0.480,S-0246,S-0247,Uncovered by ASR/VAD interval union,,,,,Machine-only; human full-media classification needed
G-0194,Internal,00:13:36.870,00:13:37.510,0.640,S-0248,S-0249,Uncovered by ASR/VAD interval union,,,,,Machine-only; human full-media classification needed
G-0195,Internal,00:13:40.010,00:13:40.070,0.060,S-0249,S-0250,Uncovered by ASR/VAD interval union,,,,,Machine-only; human full-media classification needed
G-0196,Internal,00:13:40.870,00:13:41.130,0.260,S-0250,S-0251,Uncovered by ASR/VAD interval union,,,,,Machine-only; human full-media classification needed
G-0197,Internal,00:13:43.830,00:13:44.310,0.480,S-0251,S-0252,Uncovered by ASR/VAD interval union,,,,,Machine-only; human full-media classification needed
G-0198,Internal,00:13:46.730,00:13:46.790,0.060,S-0252,S-0253,Uncovered by ASR/VAD interval union,,,,,Machine-only; human full-media classification needed
G-0199,Internal,00:13:48.810,00:13:48.890,0.080,S-0253,S-0254,Uncovered by ASR/VAD interval union,,,,,Machine-only; human full-media classification needed
G-0200,Internal,00:13:50.730,00:13:50.830,0.100,S-0254,S-0255,Uncovered by ASR/VAD interval union,,,,,Machine-only; human full-media classification needed
G-0201,Internal,00:13:53.830,00:13:56.030,2.200,S-0255,S-0256,Uncovered by ASR/VAD interval union,,,,,Machine-only; human full-media classification needed
G-0202,Internal,00:13:57.650,00:13:58.290,0.640,S-0256,S-0257,Uncovered by ASR/VAD interval union,,,,,Machine-only; human full-media classification needed
G-0203,Internal,00:14:01.810,00:14:01.910,0.100,S-0258,S-0259,Uncovered by ASR/VAD interval union,,,,,Machine-only; human full-media classification needed
G-0204,Internal,00:14:04.310,00:14:04.410,0.100,S-0259,S-0260,Uncovered by ASR/VAD interval union,,,,,Machine-only; human full-media classification needed
G-0205,Internal,00:14:06.670,00:14:06.750,0.080,S-0260,S-0261,Uncovered by ASR/VAD interval union,,,,,Machine-only; human full-media classification needed
G-0206,Internal,00:14:07.770,00:14:08.070,0.300,S-0261,S-0262,Uncovered by ASR/VAD interval union,,,,,Machine-only; human full-media classification needed
G-0207,Internal,00:14:09.810,00:14:10.010,0.200,S-0262,S-0263,Uncovered by ASR/VAD interval union,,,,,Machine-only; human full-media classification needed
G-0208,Internal,00:14:11.450,00:14:11.770,0.320,S-0263,S-0264,Uncovered by ASR/VAD interval union,,,,,Machine-only; human full-media classification needed
G-0209,Internal,00:14:15.510,00:14:16.070,0.560,S-0264,S-0265,Uncovered by ASR/VAD interval union,,,,,Machine-only; human full-media classification needed
G-0210,Internal,00:14:16.790,00:14:18.000,1.210,S-0265,S-0266,Uncovered by ASR/VAD interval union,,,,,Machine-only; human full-media classification needed
G-0211,Internal,00:14:21.020,00:14:21.620,0.600,S-0266,S-0267,Uncovered by ASR/VAD interval union,,,,,Machine-only; human full-media classification needed
G-0212,Internal,00:14:25.760,00:14:25.920,0.160,S-0267,S-0268,Uncovered by ASR/VAD interval union,,,,,Machine-only; human full-media classification needed
G-0213,Internal,00:14:31.600,00:14:31.920,0.320,S-0269,S-0270,Uncovered by ASR/VAD interval union,,,,,Machine-only; human full-media classification needed
G-0214,Internal,00:14:33.380,00:14:33.620,0.240,S-0270,S-0271,Uncovered by ASR/VAD interval union,,,,,Machine-only; human full-media classification needed
G-0215,Internal,00:14:34.500,00:14:35.690,1.190,S-0271,S-0272,Uncovered by ASR/VAD interval union,,,,,Machine-only; human full-media classification needed
G-0216,Internal,00:14:37.190,00:14:38.980,1.790,S-0272,S-0273,Uncovered by ASR/VAD interval union,,,,,Machine-only; human full-media classification needed
G-0217,Internal,00:14:40.480,00:14:40.620,0.140,S-0273,S-0274,Uncovered by ASR/VAD interval union,,,,,Machine-only; human full-media classification needed
G-0218,Internal,00:14:41.780,00:14:41.920,0.140,S-0274,S-0275,Uncovered by ASR/VAD interval union,,,,,Machine-only; human full-media classification needed
G-0219,Internal,00:14:43.980,00:14:44.180,0.200,S-0275,S-0276,Uncovered by ASR/VAD interval union,,,,,Machine-only; human full-media classification needed
G-0220,Internal,00:14:45.700,00:14:46.420,0.720,S-0276,S-0277,Uncovered by ASR/VAD interval union,,,,,Machine-only; human full-media classification needed
G-0221,Internal,00:14:48.500,00:14:49.040,0.540,S-0277,S-0278,Uncovered by ASR/VAD interval union,,,,,Machine-only; human full-media classification needed
G-0222,Internal,00:14:51.600,00:14:52.270,0.670,S-0278,S-0279,Uncovered by ASR/VAD interval union,,,,,Machine-only; human full-media classification needed
G-0223,Internal,00:14:53.050,00:14:53.130,0.080,S-0279,S-0280,Uncovered by ASR/VAD interval union,,,,,Machine-only; human full-media classification needed
G-0224,Internal,00:14:55.110,00:14:55.170,0.060,S-0280,S-0281,Uncovered by ASR/VAD interval union,,,,,Machine-only; human full-media classification needed
G-0225,Internal,00:14:59.770,00:15:01.710,1.940,S-0282,S-0283,Uncovered by ASR/VAD interval union,,,,,Machine-only; human full-media classification needed
G-0226,Internal,00:15:04.570,00:15:05.050,0.480,S-0283,S-0284,Uncovered by ASR/VAD interval union,,,,,Machine-only; human full-media classification needed
G-0227,Internal,00:15:09.330,00:15:10.590,1.260,S-0284,S-0285,Uncovered by ASR/VAD interval union,,,,,Machine-only; human full-media classification needed
G-0228,Internal,00:15:13.870,00:15:17.090,3.220,S-0286,S-0287,Uncovered by ASR/VAD interval union,,,,,Machine-only; human full-media classification needed
G-0229,Internal,00:15:21.430,00:15:22.130,0.700,S-0287,S-0288,Uncovered by ASR/VAD interval union,,,,,Machine-only; human full-media classification needed
G-0230,Internal,00:15:23.510,00:15:24.050,0.540,S-0288,S-0289,Uncovered by ASR/VAD interval union,,,,,Machine-only; human full-media classification needed
G-0231,Internal,00:15:27.490,00:15:27.850,0.360,S-0289,S-0290,Uncovered by ASR/VAD interval union,,,,,Machine-only; human full-media classification needed
G-0232,Internal,00:15:31.810,00:15:32.950,1.140,S-0290,S-0291,Uncovered by ASR/VAD interval union,,,,,Machine-only; human full-media classification needed
G-0233,Internal,00:15:35.810,00:15:36.790,0.980,S-0291,S-0292,Uncovered by ASR/VAD interval union,,,,,Machine-only; human full-media classification needed
G-0234,Internal,00:15:38.990,00:15:39.450,0.460,S-0292,S-0293,Uncovered by ASR/VAD interval union,,,,,Machine-only; human full-media classification needed
G-0235,Internal,00:15:43.210,00:15:44.130,0.920,S-0294,S-0295,Uncovered by ASR/VAD interval union,,,,,Machine-only; human full-media classification needed
G-0236,Internal,00:15:47.410,00:15:47.570,0.160,S-0296,S-0297,Uncovered by ASR/VAD interval union,,,,,Machine-only; human full-media classification needed
G-0237,Internal,00:15:48.490,00:15:50.100,1.610,S-0297,S-0298,Uncovered by ASR/VAD interval union,,,,,Machine-only; human full-media classification needed
G-0238,Internal,00:15:54.260,00:15:54.800,0.540,S-0299,S-0300,Uncovered by ASR/VAD interval union,,,,,Machine-only; human full-media classification needed
G-0239,Internal,00:15:58.180,00:15:58.920,0.740,S-0301,S-0302,Uncovered by ASR/VAD interval union,,,,,Machine-only; human full-media classification needed
G-0240,Internal,00:16:00.540,00:16:00.880,0.340,S-0302,S-0303,Uncovered by ASR/VAD interval union,,,,,Machine-only; human full-media classification needed
G-0241,Internal,00:16:01.900,00:16:01.940,0.040,S-0303,S-0304,Uncovered by ASR/VAD interval union,,,,,Machine-only; human full-media classification needed
G-0242,Internal,00:16:03.540,00:16:06.260,2.720,S-0304,S-0305,Uncovered by ASR/VAD interval union,,,,,Machine-only; human full-media classification needed
G-0243,Internal,00:16:08.360,00:16:08.760,0.400,S-0306,S-0307,Uncovered by ASR/VAD interval union,,,,,Machine-only; human full-media classification needed
G-0244,Internal,00:16:11.080,00:16:11.160,0.080,S-0308,S-0309,Uncovered by ASR/VAD interval union,,,,,Machine-only; human full-media classification needed
G-0245,Internal,00:16:13.720,00:16:13.760,0.040,S-0309,S-0310,Uncovered by ASR/VAD interval union,,,,,Machine-only; human full-media classification needed
G-0246,Internal,00:16:14.880,00:16:15.220,0.340,S-0310,S-0311,Uncovered by ASR/VAD interval union,,,,,Machine-only; human full-media classification needed
G-0247,Internal,00:16:24.340,00:16:24.840,0.500,S-0313,S-0314,Uncovered by ASR/VAD interval union,,,,,Machine-only; human full-media classification needed
G-0248,Internal,00:16:27.920,00:16:28.340,0.420,S-0314,S-0315,Uncovered by ASR/VAD interval union,,,,,Machine-only; human full-media classification needed
G-0249,Internal,00:16:29.820,00:16:29.940,0.120,S-0315,S-0316,Uncovered by ASR/VAD interval union,,,,,Machine-only; human full-media classification needed
G-0250,Internal,00:16:31.640,00:16:32.040,0.400,S-0316,S-0317,Uncovered by ASR/VAD interval union,,,,,Machine-only; human full-media classification needed
G-0251,Internal,00:16:33.560,00:16:34.120,0.560,S-0317,S-0318,Uncovered by ASR/VAD interval union,,,,,Machine-only; human full-media classification needed
G-0252,Internal,00:16:35.760,00:16:35.860,0.100,S-0318,S-0319,Uncovered by ASR/VAD interval union,,,,,Machine-only; human full-media classification needed
G-0253,Internal,00:16:37.440,00:16:37.940,0.500,S-0319,S-0320,Uncovered by ASR/VAD interval union,,,,,Machine-only; human full-media classification needed
G-0254,Internal,00:16:42.440,00:16:42.660,0.220,S-0321,S-0322,Uncovered by ASR/VAD interval union,,,,,Machine-only; human full-media classification needed
G-0255,Internal,00:16:43.080,00:16:43.120,0.040,S-0322,S-0323,Uncovered by ASR/VAD interval union,,,,,Machine-only; human full-media classification needed
G-0256,Internal,00:16:44.360,00:16:44.420,0.060,S-0323,S-0324,Uncovered by ASR/VAD interval union,,,,,Machine-only; human full-media classification needed
G-0257,Internal,00:16:45.880,00:16:48.040,2.160,S-0324,S-0325,Uncovered by ASR/VAD interval union,,,,,Machine-only; human full-media classification needed
G-0258,Internal,00:16:48.460,00:16:48.500,0.040,S-0325,S-0326,Uncovered by ASR/VAD interval union,,,,,Machine-only; human full-media classification needed
G-0259,Internal,00:16:49.840,00:16:49.920,0.080,S-0326,S-0327,Uncovered by ASR/VAD interval union,,,,,Machine-only; human full-media classification needed
G-0260,Internal,00:16:50.220,00:16:50.580,0.360,S-0327,S-0328,Uncovered by ASR/VAD interval union,,,,,Machine-only; human full-media classification needed
G-0261,Internal,00:16:51.300,00:16:51.380,0.080,S-0328,S-0329,Uncovered by ASR/VAD interval union,,,,,Machine-only; human full-media classification needed
G-0262,Internal,00:16:52.200,00:16:52.280,0.080,S-0329,S-0330,Uncovered by ASR/VAD interval union,,,,,Machine-only; human full-media classification needed
G-0263,Internal,00:16:54.940,00:16:56.340,1.400,S-0330,S-0331,Uncovered by ASR/VAD interval union,,,,,Machine-only; human full-media classification needed
G-0264,Internal,00:16:57.560,00:16:57.640,0.080,S-0331,S-0332,Uncovered by ASR/VAD interval union,,,,,Machine-only; human full-media classification needed
G-0265,Internal,00:17:03.780,00:17:03.940,0.160,S-0333,S-0334,Uncovered by ASR/VAD interval union,,,,,Machine-only; human full-media classification needed
G-0266,Internal,00:17:04.740,00:17:04.840,0.100,S-0334,S-0335,Uncovered by ASR/VAD interval union,,,,,Machine-only; human full-media classification needed
G-0267,Internal,00:17:05.740,00:17:06.260,0.520,S-0335,S-0336,Uncovered by ASR/VAD interval union,,,,,Machine-only; human full-media classification needed
G-0268,Internal,00:17:08.980,00:17:09.020,0.040,S-0336,S-0337,Uncovered by ASR/VAD interval union,,,,,Machine-only; human full-media classification needed
G-0269,Internal,00:17:10.440,00:17:10.680,0.240,S-0337,S-0338,Uncovered by ASR/VAD interval union,,,,,Machine-only; human full-media classification needed
G-0270,Internal,00:17:12.120,00:17:12.180,0.060,S-0338,S-0339,Uncovered by ASR/VAD interval union,,,,,Machine-only; human full-media classification needed
G-0271,Internal,00:17:13.300,00:17:14.540,1.240,S-0339,S-0340,Uncovered by ASR/VAD interval union,,,,,Machine-only; human full-media classification needed
G-0272,Internal,00:17:16.280,00:17:16.340,0.060,S-0340,S-0341,Uncovered by ASR/VAD interval union,,,,,Machine-only; human full-media classification needed
G-0273,Internal,00:17:18.400,00:17:18.880,0.480,S-0341,S-0342,Uncovered by ASR/VAD interval union,,,,,Machine-only; human full-media classification needed
G-0274,Internal,00:17:23.400,00:17:23.640,0.240,S-0342,S-0343,Uncovered by ASR/VAD interval union,,,,,Machine-only; human full-media classification needed
G-0275,Internal,00:17:24.380,00:17:24.980,0.600,S-0343,S-0344,Uncovered by ASR/VAD interval union,,,,,Machine-only; human full-media classification needed
G-0276,Internal,00:17:31.340,00:17:31.400,0.060,S-0345,S-0346,Uncovered by ASR/VAD interval union,,,,,Machine-only; human full-media classification needed
G-0277,Internal,00:17:32.220,00:17:32.600,0.380,S-0346,S-0347,Uncovered by ASR/VAD interval union,,,,,Machine-only; human full-media classification needed
G-0278,Internal,00:17:34.460,00:17:34.860,0.400,S-0347,S-0348,Uncovered by ASR/VAD interval union,,,,,Machine-only; human full-media classification needed
G-0279,Internal,00:17:37.000,00:17:38.080,1.080,S-0348,S-0349,Uncovered by ASR/VAD interval union,,,,,Machine-only; human full-media classification needed
G-0280,Internal,00:17:38.440,00:17:38.900,0.460,S-0349,S-0350,Uncovered by ASR/VAD interval union,,,,,Machine-only; human full-media classification needed
G-0281,Internal,00:17:40.020,00:17:40.200,0.180,S-0350,S-0351,Uncovered by ASR/VAD interval union,,,,,Machine-only; human full-media classification needed
G-0282,Internal,00:17:46.440,00:17:46.920,0.480,S-0352,S-0353,Uncovered by ASR/VAD interval union,,,,,Machine-only; human full-media classification needed
G-0283,Internal,00:17:49.100,00:17:49.200,0.100,S-0353,S-0354,Uncovered by ASR/VAD interval union,,,,,Machine-only; human full-media classification needed
G-0284,Internal,00:17:51.820,00:17:52.490,0.670,S-0354,S-0355,Uncovered by ASR/VAD interval union,,,,,Machine-only; human full-media classification needed
G-0285,Internal,00:17:54.510,00:17:54.570,0.060,S-0355,S-0356,Uncovered by ASR/VAD interval union,,,,,Machine-only; human full-media classification needed
G-0286,Internal,00:17:59.310,00:17:59.410,0.100,S-0357,S-0358,Uncovered by ASR/VAD interval union,,,,,Machine-only; human full-media classification needed
G-0287,Internal,00:18:00.350,00:18:00.610,0.260,S-0358,S-0359,Uncovered by ASR/VAD interval union,,,,,Machine-only; human full-media classification needed
G-0288,Internal,00:18:01.350,00:18:01.430,0.080,S-0359,S-0360,Uncovered by ASR/VAD interval union,,,,,Machine-only; human full-media classification needed
G-0289,Internal,00:18:03.590,00:18:03.670,0.080,S-0360,S-0361,Uncovered by ASR/VAD interval union,,,,,Machine-only; human full-media classification needed
G-0290,Internal,00:18:05.570,00:18:05.650,0.080,S-0361,S-0362,Uncovered by ASR/VAD interval union,,,,,Machine-only; human full-media classification needed
G-0291,Internal,00:18:06.430,00:18:06.950,0.520,S-0362,S-0363,Uncovered by ASR/VAD interval union,,,,,Machine-only; human full-media classification needed
G-0292,Internal,00:18:08.650,00:18:09.130,0.480,S-0363,S-0364,Uncovered by ASR/VAD interval union,,,,,Machine-only; human full-media classification needed
G-0293,Internal,00:18:11.770,00:18:12.190,0.420,S-0364,S-0365,Uncovered by ASR/VAD interval union,,,,,Machine-only; human full-media classification needed
G-0294,Internal,00:18:13.290,00:18:13.410,0.120,S-0365,S-0366,Uncovered by ASR/VAD interval union,,,,,Machine-only; human full-media classification needed
G-0295,Internal,00:18:14.010,00:18:14.090,0.080,S-0366,S-0367,Uncovered by ASR/VAD interval union,,,,,Machine-only; human full-media classification needed
G-0296,Internal,00:18:15.070,00:18:15.150,0.080,S-0367,S-0368,Uncovered by ASR/VAD interval union,,,,,Machine-only; human full-media classification needed
G-0297,Internal,00:18:16.670,00:18:17.090,0.420,S-0368,S-0369,Uncovered by ASR/VAD interval union,,,,,Machine-only; human full-media classification needed
G-0298,Internal,00:18:17.930,00:18:17.990,0.060,S-0369,S-0370,Uncovered by ASR/VAD interval union,,,,,Machine-only; human full-media classification needed
G-0299,Internal,00:18:18.770,00:18:18.890,0.120,S-0370,S-0371,Uncovered by ASR/VAD interval union,,,,,Machine-only; human full-media classification needed
G-0300,Internal,00:18:19.570,00:18:19.970,0.400,S-0371,S-0372,Uncovered by ASR/VAD interval union,,,,,Machine-only; human full-media classification needed
G-0301,Internal,00:18:24.110,00:18:24.430,0.320,S-0373,S-0374,Uncovered by ASR/VAD interval union,,,,,Machine-only; human full-media classification needed
G-0302,Internal,00:18:25.330,00:18:25.490,0.160,S-0374,S-0375,Uncovered by ASR/VAD interval union,,,,,Machine-only; human full-media classification needed
G-0303,Internal,00:18:29.470,00:18:30.650,1.180,S-0375,S-0376,Uncovered by ASR/VAD interval union,,,,,Machine-only; human full-media classification needed
G-0304,Internal,00:18:32.970,00:18:33.070,0.100,S-0376,S-0377,Uncovered by ASR/VAD interval union,,,,,Machine-only; human full-media classification needed
G-0305,Internal,00:18:33.930,00:18:34.070,0.140,S-0377,S-0378,Uncovered by ASR/VAD interval union,,,,,Machine-only; human full-media classification needed
G-0306,Internal,00:18:34.870,00:18:34.970,0.100,S-0378,S-0379,Uncovered by ASR/VAD interval union,,,,,Machine-only; human full-media classification needed
G-0307,Internal,00:18:35.710,00:18:35.990,0.280,S-0379,S-0380,Uncovered by ASR/VAD interval union,,,,,Machine-only; human full-media classification needed
G-0308,Internal,00:18:36.850,00:18:36.930,0.080,S-0380,S-0381,Uncovered by ASR/VAD interval union,,,,,Machine-only; human full-media classification needed
G-0309,Internal,00:18:37.530,00:18:37.590,0.060,S-0381,S-0382,Uncovered by ASR/VAD interval union,,,,,Machine-only; human full-media classification needed
G-0310,Internal,00:18:38.670,00:18:38.790,0.120,S-0382,S-0383,Uncovered by ASR/VAD interval union,,,,,Machine-only; human full-media classification needed
G-0311,Internal,00:18:39.510,00:18:39.770,0.260,S-0383,S-0384,Uncovered by ASR/VAD interval union,,,,,Machine-only; human full-media classification needed
G-0312,Internal,00:18:41.170,00:18:41.430,0.260,S-0384,S-0385,Uncovered by ASR/VAD interval union,,,,,Machine-only; human full-media classification needed
G-0313,Internal,00:18:48.130,00:18:48.190,0.060,S-0386,S-0387,Uncovered by ASR/VAD interval union,,,,,Machine-only; human full-media classification needed
G-0314,Internal,00:18:49.070,00:18:49.110,0.040,S-0387,S-0388,Uncovered by ASR/VAD interval union,,,,,Machine-only; human full-media classification needed
G-0315,Internal,00:18:50.790,00:18:51.110,0.320,S-0388,S-0389,Uncovered by ASR/VAD interval union,,,,,Machine-only; human full-media classification needed
G-0316,Internal,00:18:53.030,00:18:53.470,0.440,S-0389,S-0390,Uncovered by ASR/VAD interval union,,,,,Machine-only; human full-media classification needed
G-0317,Internal,00:18:54.890,00:18:55.390,0.500,S-0390,S-0391,Uncovered by ASR/VAD interval union,,,,,Machine-only; human full-media classification needed
G-0318,Internal,00:18:56.930,00:18:57.150,0.220,S-0391,S-0392,Uncovered by ASR/VAD interval union,,,,,Machine-only; human full-media classification needed
G-0319,Internal,00:19:00.990,00:19:01.490,0.500,S-0392,S-0393,Uncovered by ASR/VAD interval union,,,,,Machine-only; human full-media classification needed
G-0320,Internal,00:19:02.550,00:19:02.610,0.060,S-0393,S-0394,Uncovered by ASR/VAD interval union,,,,,Machine-only; human full-media classification needed
G-0321,Internal,00:19:03.210,00:19:03.290,0.080,S-0394,S-0395,Uncovered by ASR/VAD interval union,,,,,Machine-only; human full-media classification needed
G-0322,Internal,00:19:05.010,00:19:05.250,0.240,S-0395,S-0396,Uncovered by ASR/VAD interval union,,,,,Machine-only; human full-media classification needed
G-0323,Internal,00:19:08.230,00:19:08.570,0.340,S-0397,S-0398,Uncovered by ASR/VAD interval union,,,,,Machine-only; human full-media classification needed
G-0324,Internal,00:19:09.430,00:19:09.510,0.080,S-0398,S-0399,Uncovered by ASR/VAD interval union,,,,,Machine-only; human full-media classification needed
G-0325,Internal,00:19:11.190,00:19:11.470,0.280,S-0400,S-0401,Uncovered by ASR/VAD interval union,,,,,Machine-only; human full-media classification needed
G-0326,Internal,00:19:14.130,00:19:14.230,0.100,S-0401,S-0402,Uncovered by ASR/VAD interval union,,,,,Machine-only; human full-media classification needed
G-0327,Internal,00:19:15.650,00:19:16.250,0.600,S-0402,S-0403,Uncovered by ASR/VAD interval union,,,,,Machine-only; human full-media classification needed
G-0328,Internal,00:19:19.590,00:19:19.730,0.140,S-0403,S-0404,Uncovered by ASR/VAD interval union,,,,,Machine-only; human full-media classification needed
G-0329,Internal,00:19:21.250,00:19:21.630,0.380,S-0404,S-0405,Uncovered by ASR/VAD interval union,,,,,Machine-only; human full-media classification needed
G-0330,Internal,00:19:22.230,00:19:22.570,0.340,S-0405,S-0406,Uncovered by ASR/VAD interval union,,,,,Machine-only; human full-media classification needed
G-0331,Internal,00:19:23.510,00:19:24.390,0.880,S-0406,S-0407,Uncovered by ASR/VAD interval union,,,,,Machine-only; human full-media classification needed
G-0332,Internal,00:19:25.470,00:19:25.610,0.140,S-0407,S-0408,Uncovered by ASR/VAD interval union,,,,,Machine-only; human full-media classification needed
G-0333,Internal,00:19:27.550,00:19:27.830,0.280,S-0408,S-0409,Uncovered by ASR/VAD interval union,,,,,Machine-only; human full-media classification needed
G-0334,Internal,00:19:28.210,00:19:28.290,0.080,S-0409,S-0410,Uncovered by ASR/VAD interval union,,,,,Machine-only; human full-media classification needed
G-0335,Internal,00:19:30.310,00:19:30.710,0.400,S-0410,S-0411,Uncovered by ASR/VAD interval union,,,,,Machine-only; human full-media classification needed
G-0336,Internal,00:19:32.470,00:19:32.630,0.160,S-0411,S-0412,Uncovered by ASR/VAD interval union,,,,,Machine-only; human full-media classification needed
G-0337,Internal,00:19:34.750,00:19:35.350,0.600,S-0412,S-0413,Uncovered by ASR/VAD interval union,,,,,Machine-only; human full-media classification needed
G-0338,Internal,00:19:36.670,00:19:36.750,0.080,S-0413,S-0414,Uncovered by ASR/VAD interval union,,,,,Machine-only; human full-media classification needed
G-0339,Internal,00:19:41.210,00:19:41.610,0.400,S-0415,S-0416,Uncovered by ASR/VAD interval union,,,,,Machine-only; human full-media classification needed
G-0340,Internal,00:19:44.730,00:19:44.950,0.220,S-0416,S-0417,Uncovered by ASR/VAD interval union,,,,,Machine-only; human full-media classification needed
G-0341,Internal,00:19:46.270,00:19:46.370,0.100,S-0417,S-0418,Uncovered by ASR/VAD interval union,,,,,Machine-only; human full-media classification needed
G-0342,Internal,00:19:47.130,00:19:47.590,0.460,S-0418,S-0419,Uncovered by ASR/VAD interval union,,,,,Machine-only; human full-media classification needed
G-0343,Internal,00:19:48.330,00:19:48.610,0.280,S-0419,S-0420,Uncovered by ASR/VAD interval union,,,,,Machine-only; human full-media classification needed
G-0344,Internal,00:19:49.310,00:19:49.390,0.080,S-0420,S-0421,Uncovered by ASR/VAD interval union,,,,,Machine-only; human full-media classification needed
G-0345,Internal,00:19:49.870,00:19:49.930,0.060,S-0421,S-0422,Uncovered by ASR/VAD interval union,,,,,Machine-only; human full-media classification needed
G-0346,Internal,00:19:51.470,00:19:51.870,0.400,S-0422,S-0423,Uncovered by ASR/VAD interval union,,,,,Machine-only; human full-media classification needed
G-0347,Internal,00:19:52.430,00:19:52.530,0.100,S-0423,S-0424,Uncovered by ASR/VAD interval union,,,,,Machine-only; human full-media classification needed
G-0348,Internal,00:19:53.150,00:19:53.210,0.060,S-0424,S-0425,Uncovered by ASR/VAD interval union,,,,,Machine-only; human full-media classification needed
G-0349,Internal,00:19:54.090,00:19:54.330,0.240,S-0425,S-0426,Uncovered by ASR/VAD interval union,,,,,Machine-only; human full-media classification needed
G-0350,Internal,00:19:55.510,00:19:55.650,0.140,S-0426,S-0427,Uncovered by ASR/VAD interval union,,,,,Machine-only; human full-media classification needed
G-0351,Internal,00:19:55.750,00:20:08.190,12.440,S-0427,S-0428,Uncovered by ASR/VAD interval union,,,,,Machine-only; human full-media classification needed
G-0352,Internal,00:20:11.310,00:20:12.160,0.850,S-0428,S-0429,Uncovered by ASR/VAD interval union,,,,,Machine-only; human full-media classification needed
G-0353,Internal,00:20:13.800,00:20:14.300,0.500,S-0429,S-0430,Uncovered by ASR/VAD interval union,,,,,Machine-only; human full-media classification needed
G-0354,Internal,00:20:15.580,00:20:15.840,0.260,S-0430,S-0431,Uncovered by ASR/VAD interval union,,,,,Machine-only; human full-media classification needed
G-0355,Internal,00:20:17.140,00:20:17.640,0.500,S-0431,S-0432,Uncovered by ASR/VAD interval union,,,,,Machine-only; human full-media classification needed
G-0356,Internal,00:20:19.340,00:20:19.940,0.600,S-0432,S-0433,Uncovered by ASR/VAD interval union,,,,,Machine-only; human full-media classification needed
G-0357,Internal,00:20:20.820,00:20:21.040,0.220,S-0433,S-0434,Uncovered by ASR/VAD interval union,,,,,Machine-only; human full-media classification needed
G-0358,Internal,00:20:22.560,00:20:22.980,0.420,S-0434,S-0435,Uncovered by ASR/VAD interval union,,,,,Machine-only; human full-media classification needed
G-0359,Internal,00:20:23.780,00:20:24.500,0.720,S-0435,S-0436,Uncovered by ASR/VAD interval union,,,,,Machine-only; human full-media classification needed
G-0360,Internal,00:20:31.680,00:20:31.840,0.160,S-0438,S-0439,Uncovered by ASR/VAD interval union,,,,,Machine-only; human full-media classification needed
G-0361,Internal,00:20:33.080,00:20:33.180,0.100,S-0439,S-0440,Uncovered by ASR/VAD interval union,,,,,Machine-only; human full-media classification needed
G-0362,Internal,00:20:35.480,00:20:35.580,0.100,S-0440,S-0441,Uncovered by ASR/VAD interval union,,,,,Machine-only; human full-media classification needed
G-0363,Internal,00:20:36.760,00:20:36.860,0.100,S-0441,S-0442,Uncovered by ASR/VAD interval union,,,,,Machine-only; human full-media classification needed
G-0364,Internal,00:20:38.840,00:20:39.160,0.320,S-0442,S-0443,Uncovered by ASR/VAD interval union,,,,,Machine-only; human full-media classification needed
G-0365,Internal,00:20:41.060,00:20:41.140,0.080,S-0443,S-0444,Uncovered by ASR/VAD interval union,,,,,Machine-only; human full-media classification needed
G-0366,Internal,00:20:42.100,00:20:42.160,0.060,S-0444,S-0445,Uncovered by ASR/VAD interval union,,,,,Machine-only; human full-media classification needed
G-0367,Internal,00:20:43.940,00:20:44.280,0.340,S-0445,S-0446,Uncovered by ASR/VAD interval union,,,,,Machine-only; human full-media classification needed
G-0368,Internal,00:20:45.340,00:20:45.820,0.480,S-0446,S-0447,Uncovered by ASR/VAD interval union,,,,,Machine-only; human full-media classification needed
G-0369,Internal,00:20:47.780,00:20:47.940,0.160,S-0447,S-0448,Uncovered by ASR/VAD interval union,,,,,Machine-only; human full-media classification needed
G-0370,Internal,00:20:51.000,00:20:51.080,0.080,S-0449,S-0450,Uncovered by ASR/VAD interval union,,,,,Machine-only; human full-media classification needed
G-0371,Internal,00:20:53.100,00:20:53.520,0.420,S-0450,S-0451,Uncovered by ASR/VAD interval union,,,,,Machine-only; human full-media classification needed
G-0372,Internal,00:20:54.520,00:20:54.760,0.240,S-0451,S-0452,Uncovered by ASR/VAD interval union,,,,,Machine-only; human full-media classification needed
G-0373,Internal,00:20:55.880,00:20:55.920,0.040,S-0452,S-0453,Uncovered by ASR/VAD interval union,,,,,Machine-only; human full-media classification needed
G-0374,Internal,00:20:57.160,00:20:59.190,2.030,S-0453,S-0454,Uncovered by ASR/VAD interval union,,,,,Machine-only; human full-media classification needed
G-0375,Internal,00:21:04.570,00:21:04.830,0.260,S-0455,S-0456,Uncovered by ASR/VAD interval union,,,,,Machine-only; human full-media classification needed
G-0376,Internal,00:21:06.010,00:21:06.070,0.060,S-0456,S-0457,Uncovered by ASR/VAD interval union,,,,,Machine-only; human full-media classification needed
G-0377,Internal,00:21:07.850,00:21:08.350,0.500,S-0457,S-0458,Uncovered by ASR/VAD interval union,,,,,Machine-only; human full-media classification needed
G-0378,Internal,00:21:10.410,00:21:10.670,0.260,S-0458,S-0459,Uncovered by ASR/VAD interval union,,,,,Machine-only; human full-media classification needed
G-0379,Internal,00:21:12.210,00:21:12.550,0.340,S-0459,S-0460,Uncovered by ASR/VAD interval union,,,,,Machine-only; human full-media classification needed
G-0380,Internal,00:21:13.830,00:21:14.470,0.640,S-0460,S-0461,Uncovered by ASR/VAD interval union,,,,,Machine-only; human full-media classification needed
G-0381,Internal,00:21:16.230,00:21:16.950,0.720,S-0461,S-0462,Uncovered by ASR/VAD interval union,,,,,Machine-only; human full-media classification needed
G-0382,Internal,00:21:20.710,00:21:20.950,0.240,S-0464,S-0465,Uncovered by ASR/VAD interval union,,,,,Machine-only; human full-media classification needed
G-0383,Internal,00:21:23.390,00:21:23.490,0.100,S-0465,S-0466,Uncovered by ASR/VAD interval union,,,,,Machine-only; human full-media classification needed
G-0384,Internal,00:21:24.970,00:21:25.430,0.460,S-0466,S-0467,Uncovered by ASR/VAD interval union,,,,,Machine-only; human full-media classification needed
G-0385,Internal,00:21:32.170,00:21:32.250,0.080,S-0468,S-0469,Uncovered by ASR/VAD interval union,,,,,Machine-only; human full-media classification needed
G-0386,Internal,00:21:33.670,00:21:33.930,0.260,S-0469,S-0470,Uncovered by ASR/VAD interval union,,,,,Machine-only; human full-media classification needed
G-0387,Internal,00:21:35.430,00:21:35.590,0.160,S-0470,S-0471,Uncovered by ASR/VAD interval union,,,,,Machine-only; human full-media classification needed
G-0388,Internal,00:21:40.170,00:21:40.230,0.060,S-0471,S-0472,Uncovered by ASR/VAD interval union,,,,,Machine-only; human full-media classification needed
G-0389,Internal,00:21:41.090,00:21:41.390,0.300,S-0472,S-0473,Uncovered by ASR/VAD interval union,,,,,Machine-only; human full-media classification needed
G-0390,Internal,00:21:42.010,00:21:42.130,0.120,S-0473,S-0474,Uncovered by ASR/VAD interval union,,,,,Machine-only; human full-media classification needed
G-0391,Internal,00:21:43.550,00:21:44.490,0.940,S-0474,S-0475,Uncovered by ASR/VAD interval union,,,,,Machine-only; human full-media classification needed
G-0392,Internal,00:21:48.870,00:21:49.580,0.710,S-0476,S-0477,Uncovered by ASR/VAD interval union,,,,,Machine-only; human full-media classification needed
G-0393,Internal,00:21:49.760,00:21:50.400,0.640,S-0477,S-0478,Uncovered by ASR/VAD interval union,,,,,Machine-only; human full-media classification needed
G-0394,Internal,00:21:52.580,00:21:53.980,1.400,S-0478,S-0479,Uncovered by ASR/VAD interval union,,,,,Machine-only; human full-media classification needed
G-0395,Internal,00:21:56.240,00:21:56.320,0.080,S-0479,S-0480,Uncovered by ASR/VAD interval union,,,,,Machine-only; human full-media classification needed
G-0396,Internal,00:21:57.100,00:21:57.260,0.160,S-0480,S-0481,Uncovered by ASR/VAD interval union,,,,,Machine-only; human full-media classification needed
G-0397,Internal,00:21:58.380,00:21:59.040,0.660,S-0481,S-0482,Uncovered by ASR/VAD interval union,,,,,Machine-only; human full-media classification needed
G-0398,Internal,00:22:01.840,00:22:02.320,0.480,S-0482,S-0483,Uncovered by ASR/VAD interval union,,,,,Machine-only; human full-media classification needed
G-0399,Internal,00:22:04.520,00:22:05.390,0.870,S-0483,S-0484,Uncovered by ASR/VAD interval union,,,,,Machine-only; human full-media classification needed
G-0400,Internal,00:22:07.510,00:22:07.590,0.080,S-0484,S-0485,Uncovered by ASR/VAD interval union,,,,,Machine-only; human full-media classification needed
G-0401,Internal,00:22:08.530,00:22:08.610,0.080,S-0485,S-0486,Uncovered by ASR/VAD interval union,,,,,Machine-only; human full-media classification needed
G-0402,Internal,00:22:09.610,00:22:10.670,1.060,S-0486,S-0487,Uncovered by ASR/VAD interval union,,,,,Machine-only; human full-media classification needed
G-0403,Internal,00:22:17.250,00:22:17.450,0.200,S-0488,S-0489,Uncovered by ASR/VAD interval union,,,,,Machine-only; human full-media classification needed
G-0404,Internal,00:22:18.010,00:22:18.450,0.440,S-0489,S-0490,Uncovered by ASR/VAD interval union,,,,,Machine-only; human full-media classification needed
G-0405,Internal,00:22:19.550,00:22:19.710,0.160,S-0490,S-0491,Uncovered by ASR/VAD interval union,,,,,Machine-only; human full-media classification needed
G-0406,Internal,00:22:23.770,00:22:24.190,0.420,S-0491,S-0492,Uncovered by ASR/VAD interval union,,,,,Machine-only; human full-media classification needed
G-0407,Internal,00:22:25.350,00:22:25.810,0.460,S-0492,S-0493,Uncovered by ASR/VAD interval union,,,,,Machine-only; human full-media classification needed
G-0408,Internal,00:22:28.190,00:22:28.450,0.260,S-0493,S-0494,Uncovered by ASR/VAD interval union,,,,,Machine-only; human full-media classification needed
G-0409,Internal,00:22:31.230,00:22:31.310,0.080,S-0494,S-0495,Uncovered by ASR/VAD interval union,,,,,Machine-only; human full-media classification needed
G-0410,Internal,00:22:32.450,00:22:32.950,0.500,S-0495,S-0496,Uncovered by ASR/VAD interval union,,,,,Machine-only; human full-media classification needed
G-0411,Internal,00:22:37.370,00:22:38.190,0.820,S-0497,S-0498,Uncovered by ASR/VAD interval union,,,,,Machine-only; human full-media classification needed
G-0412,Internal,00:22:40.270,00:22:40.330,0.060,S-0498,S-0499,Uncovered by ASR/VAD interval union,,,,,Machine-only; human full-media classification needed
G-0413,Internal,00:22:42.040,00:22:42.100,0.060,S-0499,S-0500,Uncovered by ASR/VAD interval union,,,,,Machine-only; human full-media classification needed
G-0414,Internal,00:22:46.140,00:22:46.540,0.400,S-0501,S-0502,Uncovered by ASR/VAD interval union,,,,,Machine-only; human full-media classification needed
G-0415,Internal,00:22:47.560,00:22:48.180,0.620,S-0502,S-0503,Uncovered by ASR/VAD interval union,,,,,Machine-only; human full-media classification needed
G-0416,Internal,00:22:52.800,00:22:53.120,0.320,S-0504,S-0505,Uncovered by ASR/VAD interval union,,,,,Machine-only; human full-media classification needed
G-0417,Internal,00:22:59.800,00:23:00.100,0.300,S-0506,S-0507,Uncovered by ASR/VAD interval union,,,,,Machine-only; human full-media classification needed
G-0418,Internal,00:23:03.800,00:23:05.700,1.900,S-0508,S-0509,Uncovered by ASR/VAD interval union,,,,,Machine-only; human full-media classification needed
G-0419,Internal,00:23:07.620,00:23:08.910,1.290,S-0509,S-0510,Uncovered by ASR/VAD interval union,,,,,Machine-only; human full-media classification needed
G-0420,Internal,00:23:09.790,00:23:11.280,1.490,S-0510,S-0511,Uncovered by ASR/VAD interval union,,,,,Machine-only; human full-media classification needed
G-0421,Internal,00:23:14.800,00:23:15.060,0.260,S-0512,S-0513,Uncovered by ASR/VAD interval union,,,,,Machine-only; human full-media classification needed
G-0422,Internal,00:23:15.480,00:23:16.450,0.970,S-0513,S-0514,Uncovered by ASR/VAD interval union,,,,,Machine-only; human full-media classification needed
G-0423,Internal,00:23:17.850,00:23:17.930,0.080,S-0514,S-0515,Uncovered by ASR/VAD interval union,,,,,Machine-only; human full-media classification needed
G-0424,Internal,00:23:18.110,00:23:18.250,0.140,S-0515,S-0516,Uncovered by ASR/VAD interval union,,,,,Machine-only; human full-media classification needed
G-0425,Internal,00:23:19.250,00:23:19.570,0.320,S-0516,S-0517,Uncovered by ASR/VAD interval union,,,,,Machine-only; human full-media classification needed
G-0426,Internal,00:23:22.670,00:23:22.930,0.260,S-0517,S-0518,Uncovered by ASR/VAD interval union,,,,,Machine-only; human full-media classification needed
G-0427,Internal,00:23:25.940,00:23:26.220,0.280,S-0518,S-0519,Uncovered by ASR/VAD interval union,,,,,Machine-only; human full-media classification needed
G-0428,Internal,00:23:28.240,00:23:28.700,0.460,S-0519,S-0520,Uncovered by ASR/VAD interval union,,,,,Machine-only; human full-media classification needed
G-0429,Internal,00:23:31.420,00:23:31.540,0.120,S-0520,S-0521,Uncovered by ASR/VAD interval union,,,,,Machine-only; human full-media classification needed
G-0430,Internal,00:23:34.490,00:23:34.730,0.240,S-0522,S-0523,Uncovered by ASR/VAD interval union,,,,,Machine-only; human full-media classification needed
G-0431,Internal,00:23:36.670,00:23:36.770,0.100,S-0523,S-0524,Uncovered by ASR/VAD interval union,,,,,Machine-only; human full-media classification needed
G-0432,Internal,00:23:38.010,00:23:38.090,0.080,S-0524,S-0525,Uncovered by ASR/VAD interval union,,,,,Machine-only; human full-media classification needed
G-0433,Internal,00:23:40.250,00:23:42.470,2.220,S-0525,S-0526,Uncovered by ASR/VAD interval union,,,,,Machine-only; human full-media classification needed
G-0434,Internal,00:23:45.510,00:23:45.830,0.320,S-0526,S-0527,Uncovered by ASR/VAD interval union,,,,,Machine-only; human full-media classification needed
G-0435,Internal,00:23:50.290,00:23:50.730,0.440,S-0527,S-0528,Uncovered by ASR/VAD interval union,,,,,Machine-only; human full-media classification needed
G-0436,Internal,00:23:53.510,00:23:53.590,0.080,S-0528,S-0529,Uncovered by ASR/VAD interval union,,,,,Machine-only; human full-media classification needed
G-0437,Internal,00:23:56.490,00:23:56.570,0.080,S-0529,S-0530,Uncovered by ASR/VAD interval union,,,,,Machine-only; human full-media classification needed
G-0438,Internal,00:23:57.710,00:23:57.810,0.100,S-0530,S-0531,Uncovered by ASR/VAD interval union,,,,,Machine-only; human full-media classification needed
G-0439,Internal,00:24:06.330,00:24:06.850,0.520,S-0532,S-0533,Uncovered by ASR/VAD interval union,,,,,Machine-only; human full-media classification needed
G-0440,Internal,00:24:09.430,00:24:10.240,0.810,S-0533,S-0534,Uncovered by ASR/VAD interval union,,,,,Machine-only; human full-media classification needed
G-0441,Internal,00:24:10.880,00:24:11.000,0.120,S-0534,S-0535,Uncovered by ASR/VAD interval union,,,,,Machine-only; human full-media classification needed
G-0442,Internal,00:24:11.760,00:24:12.260,0.500,S-0535,S-0536,Uncovered by ASR/VAD interval union,,,,,Machine-only; human full-media classification needed
G-0443,Internal,00:24:12.620,00:24:13.140,0.520,S-0536,S-0537,Uncovered by ASR/VAD interval union,,,,,Machine-only; human full-media classification needed
G-0444,Internal,00:24:17.680,00:24:18.000,0.320,S-0537,S-0538,Uncovered by ASR/VAD interval union,,,,,Machine-only; human full-media classification needed
G-0445,Internal,00:24:20.180,00:24:22.320,2.140,S-0538,S-0539,Uncovered by ASR/VAD interval union,,,,,Machine-only; human full-media classification needed
G-0446,Internal,00:24:22.800,00:24:22.860,0.060,S-0539,S-0540,Uncovered by ASR/VAD interval union,,,,,Machine-only; human full-media classification needed
G-0447,Internal,00:24:26.900,00:24:28.180,1.280,S-0541,S-0542,Uncovered by ASR/VAD interval union,,,,,Machine-only; human full-media classification needed
G-0448,Internal,00:24:31.680,00:24:32.240,0.560,S-0542,S-0543,Uncovered by ASR/VAD interval union,,,,,Machine-only; human full-media classification needed
G-0449,Internal,00:24:35.780,00:24:37.760,1.980,S-0543,S-0544,Uncovered by ASR/VAD interval union,,,,,Machine-only; human full-media classification needed
G-0450,Internal,00:24:39.700,00:24:40.040,0.340,S-0544,S-0545,Uncovered by ASR/VAD interval union,,,,,Machine-only; human full-media classification needed
G-0451,Internal,00:24:42.120,00:24:42.240,0.120,S-0545,S-0546,Uncovered by ASR/VAD interval union,,,,,Machine-only; human full-media classification needed
G-0452,Internal,00:24:43.560,00:24:43.940,0.380,S-0546,S-0547,Uncovered by ASR/VAD interval union,,,,,Machine-only; human full-media classification needed
G-0453,Internal,00:24:45.040,00:24:45.810,0.770,S-0547,S-0548,Uncovered by ASR/VAD interval union,,,,,Machine-only; human full-media classification needed
G-0454,Internal,00:24:49.290,00:24:49.350,0.060,S-0548,S-0549,Uncovered by ASR/VAD interval union,,,,,Machine-only; human full-media classification needed
G-0455,Internal,00:24:50.410,00:24:50.790,0.380,S-0549,S-0550,Uncovered by ASR/VAD interval union,,,,,Machine-only; human full-media classification needed
G-0456,Internal,00:24:51.790,00:24:52.730,0.940,S-0550,S-0551,Uncovered by ASR/VAD interval union,,,,,Machine-only; human full-media classification needed
G-0457,Internal,00:25:01.910,00:25:02.030,0.120,S-0552,S-0553,Uncovered by ASR/VAD interval union,,,,,Machine-only; human full-media classification needed
G-0458,Internal,00:25:04.010,00:25:04.670,0.660,S-0553,S-0554,Uncovered by ASR/VAD interval union,,,,,Machine-only; human full-media classification needed
G-0459,Internal,00:25:06.690,00:25:06.750,0.060,S-0554,S-0555,Uncovered by ASR/VAD interval union,,,,,Machine-only; human full-media classification needed
G-0460,Internal,00:25:07.930,00:25:07.990,0.060,S-0555,S-0556,Uncovered by ASR/VAD interval union,,,,,Machine-only; human full-media classification needed
G-0461,Internal,00:25:09.330,00:25:09.650,0.320,S-0556,S-0557,Uncovered by ASR/VAD interval union,,,,,Machine-only; human full-media classification needed
G-0462,Internal,00:25:11.790,00:25:12.570,0.780,S-0557,S-0558,Uncovered by ASR/VAD interval union,,,,,Machine-only; human full-media classification needed
G-0463,Internal,00:25:13.570,00:25:13.670,0.100,S-0558,S-0559,Uncovered by ASR/VAD interval union,,,,,Machine-only; human full-media classification needed
G-0464,Internal,00:25:14.430,00:25:14.650,0.220,S-0559,S-0560,Uncovered by ASR/VAD interval union,,,,,Machine-only; human full-media classification needed
G-0465,Internal,00:25:15.490,00:25:15.650,0.160,S-0560,S-0561,Uncovered by ASR/VAD interval union,,,,,Machine-only; human full-media classification needed
G-0466,Internal,00:25:16.570,00:25:16.990,0.420,S-0561,S-0562,Uncovered by ASR/VAD interval union,,,,,Machine-only; human full-media classification needed
G-0467,Internal,00:25:20.110,00:25:20.670,0.560,S-0563,S-0564,Uncovered by ASR/VAD interval union,,,,,Machine-only; human full-media classification needed
G-0468,Internal,00:25:23.150,00:25:23.950,0.800,S-0564,S-0565,Uncovered by ASR/VAD interval union,,,,,Machine-only; human full-media classification needed
G-0469,Internal,00:25:26.030,00:25:26.430,0.400,S-0565,S-0566,Uncovered by ASR/VAD interval union,,,,,Machine-only; human full-media classification needed
G-0470,Internal,00:25:27.710,00:25:28.110,0.400,S-0566,S-0567,Uncovered by ASR/VAD interval union,,,,,Machine-only; human full-media classification needed
G-0471,Internal,00:25:29.570,00:25:29.690,0.120,S-0567,S-0568,Uncovered by ASR/VAD interval union,,,,,Machine-only; human full-media classification needed
G-0472,Internal,00:25:30.490,00:25:30.890,0.400,S-0568,S-0569,Uncovered by ASR/VAD interval union,,,,,Machine-only; human full-media classification needed
G-0473,Internal,00:25:32.270,00:25:32.510,0.240,S-0569,S-0570,Uncovered by ASR/VAD interval union,,,,,Machine-only; human full-media classification needed
G-0474,Internal,00:25:34.010,00:25:34.190,0.180,S-0570,S-0571,Uncovered by ASR/VAD interval union,,,,,Machine-only; human full-media classification needed
G-0475,Internal,00:25:35.870,00:25:36.390,0.520,S-0571,S-0572,Uncovered by ASR/VAD interval union,,,,,Machine-only; human full-media classification needed
G-0476,Internal,00:25:38.190,00:25:38.270,0.080,S-0572,S-0573,Uncovered by ASR/VAD interval union,,,,,Machine-only; human full-media classification needed
G-0477,Internal,00:25:39.810,00:25:40.540,0.730,S-0573,S-0574,Uncovered by ASR/VAD interval union,,,,,Machine-only; human full-media classification needed
G-0478,Internal,00:25:40.720,00:25:40.780,0.060,S-0574,S-0575,Uncovered by ASR/VAD interval union,,,,,Machine-only; human full-media classification needed
G-0479,Internal,00:25:42.780,00:25:45.640,2.860,S-0575,S-0576,Uncovered by ASR/VAD interval union,,,,,Machine-only; human full-media classification needed
G-0480,Internal,00:25:48.280,00:25:48.380,0.100,S-0577,S-0578,Uncovered by ASR/VAD interval union,,,,,Machine-only; human full-media classification needed
G-0481,Internal,00:25:51.360,00:25:51.440,0.080,S-0579,S-0580,Uncovered by ASR/VAD interval union,,,,,Machine-only; human full-media classification needed
G-0482,Internal,00:25:52.520,00:25:52.580,0.060,S-0580,S-0581,Uncovered by ASR/VAD interval union,,,,,Machine-only; human full-media classification needed
G-0483,Internal,00:25:52.960,00:25:52.980,0.020,S-0581,S-0582,Uncovered by ASR/VAD interval union,,,,,Machine-only; human full-media classification needed
G-0484,Internal,00:25:54.080,00:25:54.140,0.060,S-0582,S-0583,Uncovered by ASR/VAD interval union,,,,,Machine-only; human full-media classification needed
G-0485,Internal,00:25:54.360,00:25:55.200,0.840,S-0583,S-0584,Uncovered by ASR/VAD interval union,,,,,Machine-only; human full-media classification needed
G-0486,Internal,00:25:56.080,00:25:57.550,1.470,S-0584,S-0585,Uncovered by ASR/VAD interval union,,,,,Machine-only; human full-media classification needed
G-0487,Internal,00:25:59.730,00:25:59.950,0.220,S-0585,S-0586,Uncovered by ASR/VAD interval union,,,,,Machine-only; human full-media classification needed
G-0488,Internal,00:26:00.770,00:26:00.850,0.080,S-0586,S-0587,Uncovered by ASR/VAD interval union,,,,,Machine-only; human full-media classification needed
G-0489,Internal,00:26:03.210,00:26:03.250,0.040,S-0588,S-0589,Uncovered by ASR/VAD interval union,,,,,Machine-only; human full-media classification needed
G-0490,Internal,00:26:08.490,00:26:09.010,0.520,S-0590,S-0591,Uncovered by ASR/VAD interval union,,,,,Machine-only; human full-media classification needed
G-0491,Internal,00:26:12.470,00:26:13.010,0.540,S-0591,S-0592,Uncovered by ASR/VAD interval union,,,,,Machine-only; human full-media classification needed
G-0492,Internal,00:26:15.090,00:26:15.190,0.100,S-0593,S-0594,Uncovered by ASR/VAD interval union,,,,,Machine-only; human full-media classification needed
G-0493,Internal,00:26:16.690,00:26:16.990,0.300,S-0594,S-0595,Uncovered by ASR/VAD interval union,,,,,Machine-only; human full-media classification needed
G-0494,Internal,00:26:18.190,00:26:18.330,0.140,S-0595,S-0596,Uncovered by ASR/VAD interval union,,,,,Machine-only; human full-media classification needed
G-0495,Internal,00:26:18.830,00:26:18.850,0.020,S-0596,S-0597,Uncovered by ASR/VAD interval union,,,,,Machine-only; human full-media classification needed
G-0496,Internal,00:26:19.630,00:26:19.770,0.140,S-0597,S-0598,Uncovered by ASR/VAD interval union,,,,,Machine-only; human full-media classification needed
G-0497,Internal,00:26:20.130,00:26:20.390,0.260,S-0598,S-0599,Uncovered by ASR/VAD interval union,,,,,Machine-only; human full-media classification needed
G-0498,Internal,00:26:21.340,00:26:21.540,0.200,S-0599,S-0600,Uncovered by ASR/VAD interval union,,,,,Machine-only; human full-media classification needed
G-0499,Internal,00:26:24.840,00:26:24.960,0.120,S-0601,S-0602,Uncovered by ASR/VAD interval union,,,,,Machine-only; human full-media classification needed
G-0500,Internal,00:26:28.400,00:26:28.480,0.080,S-0603,S-0604,Uncovered by ASR/VAD interval union,,,,,Machine-only; human full-media classification needed
G-0501,Internal,00:26:31.840,00:26:32.220,0.380,S-0605,S-0606,Uncovered by ASR/VAD interval union,,,,,Machine-only; human full-media classification needed
G-0502,Internal,00:26:34.060,00:26:34.720,0.660,S-0607,S-0608,Uncovered by ASR/VAD interval union,,,,,Machine-only; human full-media classification needed
G-0503,Internal,00:26:34.800,00:26:35.080,0.280,S-0608,S-0609,Uncovered by ASR/VAD interval union,,,,,Machine-only; human full-media classification needed
G-0504,Internal,00:26:35.600,00:26:35.660,0.060,S-0609,S-0610,Uncovered by ASR/VAD interval union,,,,,Machine-only; human full-media classification needed
G-0505,Internal,00:26:36.100,00:26:36.300,0.200,S-0610,S-0611,Uncovered by ASR/VAD interval union,,,,,Machine-only; human full-media classification needed
G-0506,Internal,00:26:36.760,00:26:36.940,0.180,S-0611,S-0612,Uncovered by ASR/VAD interval union,,,,,Machine-only; human full-media classification needed
G-0507,Internal,00:26:40.160,00:26:40.720,0.560,S-0613,S-0614,Uncovered by ASR/VAD interval union,,,,,Machine-only; human full-media classification needed
G-0508,Internal,00:26:41.100,00:26:41.120,0.020,S-0614,S-0615,Uncovered by ASR/VAD interval union,,,,,Machine-only; human full-media classification needed
G-0509,Internal,00:26:42.200,00:26:42.260,0.060,S-0615,S-0616,Uncovered by ASR/VAD interval union,,,,,Machine-only; human full-media classification needed
G-0510,Internal,00:26:43.140,00:26:43.520,0.380,S-0616,S-0617,Uncovered by ASR/VAD interval union,,,,,Machine-only; human full-media classification needed
G-0511,Internal,00:26:44.520,00:26:44.800,0.280,S-0617,S-0618,Uncovered by ASR/VAD interval union,,,,,Machine-only; human full-media classification needed
G-0512,Internal,00:26:45.920,00:26:46.220,0.300,S-0618,S-0619,Uncovered by ASR/VAD interval union,,,,,Machine-only; human full-media classification needed
G-0513,Internal,00:26:48.240,00:26:48.720,0.480,S-0620,S-0621,Uncovered by ASR/VAD interval union,,,,,Machine-only; human full-media classification needed
G-0514,Internal,00:26:52.260,00:26:53.460,1.200,S-0621,S-0622,Uncovered by ASR/VAD interval union,,,,,Machine-only; human full-media classification needed
G-0515,Internal,00:26:54.880,00:26:55.280,0.400,S-0622,S-0623,Uncovered by ASR/VAD interval union,,,,,Machine-only; human full-media classification needed
G-0516,Internal,00:27:02.760,00:27:02.940,0.180,S-0626,S-0627,Uncovered by ASR/VAD interval union,,,,,Machine-only; human full-media classification needed
G-0517,Internal,00:27:04.000,00:27:04.100,0.100,S-0627,S-0628,Uncovered by ASR/VAD interval union,,,,,Machine-only; human full-media classification needed
G-0518,Internal,00:27:06.680,00:27:06.720,0.040,S-0629,S-0630,Uncovered by ASR/VAD interval union,,,,,Machine-only; human full-media classification needed
G-0519,Internal,00:27:07.920,00:27:08.000,0.080,S-0630,S-0631,Uncovered by ASR/VAD interval union,,,,,Machine-only; human full-media classification needed
G-0520,Internal,00:27:08.460,00:27:08.540,0.080,S-0631,S-0632,Uncovered by ASR/VAD interval union,,,,,Machine-only; human full-media classification needed
G-0521,Internal,00:27:09.700,00:27:10.120,0.420,S-0632,S-0633,Uncovered by ASR/VAD interval union,,,,,Machine-only; human full-media classification needed
G-0522,Internal,00:27:10.540,00:27:10.620,0.080,S-0633,S-0634,Uncovered by ASR/VAD interval union,,,,,Machine-only; human full-media classification needed
G-0523,Internal,00:27:12.540,00:27:13.040,0.500,S-0635,S-0636,Uncovered by ASR/VAD interval union,,,,,Machine-only; human full-media classification needed
G-0524,Internal,00:27:16.260,00:27:16.380,0.120,S-0637,S-0638,Uncovered by ASR/VAD interval union,,,,,Machine-only; human full-media classification needed
G-0525,Internal,00:27:18.240,00:27:18.300,0.060,S-0638,S-0639,Uncovered by ASR/VAD interval union,,,,,Machine-only; human full-media classification needed
G-0526,Internal,00:27:21.000,00:27:21.280,0.280,S-0639,S-0640,Uncovered by ASR/VAD interval union,,,,,Machine-only; human full-media classification needed
G-0527,Internal,00:27:22.560,00:27:22.660,0.100,S-0640,S-0641,Uncovered by ASR/VAD interval union,,,,,Machine-only; human full-media classification needed
G-0528,Internal,00:27:24.260,00:27:24.900,0.640,S-0641,S-0642,Uncovered by ASR/VAD interval union,,,,,Machine-only; human full-media classification needed
G-0529,Internal,00:27:28.140,00:27:28.660,0.520,S-0643,S-0644,Uncovered by ASR/VAD interval union,,,,,Machine-only; human full-media classification needed
G-0530,Internal,00:27:28.880,00:27:29.570,0.690,S-0644,S-0645,Uncovered by ASR/VAD interval union,,,,,Machine-only; human full-media classification needed
G-0531,Internal,00:27:35.970,00:27:36.010,0.040,S-0648,S-0649,Uncovered by ASR/VAD interval union,,,,,Machine-only; human full-media classification needed
G-0532,Internal,00:27:38.370,00:27:38.430,0.060,S-0650,S-0651,Uncovered by ASR/VAD interval union,,,,,Machine-only; human full-media classification needed
G-0533,Internal,00:27:40.190,00:27:40.510,0.320,S-0651,S-0652,Uncovered by ASR/VAD interval union,,,,,Machine-only; human full-media classification needed
G-0534,Internal,00:27:43.830,00:27:43.930,0.100,S-0653,S-0654,Uncovered by ASR/VAD interval union,,,,,Machine-only; human full-media classification needed
G-0535,Internal,00:27:45.030,00:27:45.530,0.500,S-0654,S-0655,Uncovered by ASR/VAD interval union,,,,,Machine-only; human full-media classification needed
G-0536,Internal,00:27:47.370,00:27:47.450,0.080,S-0655,S-0656,Uncovered by ASR/VAD interval union,,,,,Machine-only; human full-media classification needed
G-0537,Internal,00:27:48.070,00:27:48.510,0.440,S-0656,S-0657,Uncovered by ASR/VAD interval union,,,,,Machine-only; human full-media classification needed
G-0538,Internal,00:27:50.610,00:27:50.650,0.040,S-0657,S-0658,Uncovered by ASR/VAD interval union,,,,,Machine-only; human full-media classification needed
G-0539,Internal,00:27:52.510,00:27:53.470,0.960,S-0658,S-0659,Uncovered by ASR/VAD interval union,,,,,Machine-only; human full-media classification needed
G-0540,Internal,00:27:54.890,00:27:54.950,0.060,S-0659,S-0660,Uncovered by ASR/VAD interval union,,,,,Machine-only; human full-media classification needed
G-0541,Internal,00:27:55.930,00:27:56.690,0.760,S-0660,S-0661,Uncovered by ASR/VAD interval union,,,,,Machine-only; human full-media classification needed
G-0542,Internal,00:28:03.670,00:28:03.790,0.120,S-0662,S-0663,Uncovered by ASR/VAD interval union,,,,,Machine-only; human full-media classification needed
G-0543,Internal,00:28:06.410,00:28:07.010,0.600,S-0663,S-0664,Uncovered by ASR/VAD interval union,,,,,Machine-only; human full-media classification needed
G-0544,Internal,00:28:08.210,00:28:08.310,0.100,S-0664,S-0665,Uncovered by ASR/VAD interval union,,,,,Machine-only; human full-media classification needed
G-0545,Internal,00:28:08.670,00:28:08.790,0.120,S-0665,S-0666,Uncovered by ASR/VAD interval union,,,,,Machine-only; human full-media classification needed
G-0546,Internal,00:28:09.930,00:28:10.010,0.080,S-0666,S-0667,Uncovered by ASR/VAD interval union,,,,,Machine-only; human full-media classification needed
G-0547,Internal,00:28:10.890,00:28:12.930,2.040,S-0667,S-0668,Uncovered by ASR/VAD interval union,,,,,Machine-only; human full-media classification needed
G-0548,Internal,00:28:13.850,00:28:15.180,1.330,S-0668,S-0669,Uncovered by ASR/VAD interval union,,,,,Machine-only; human full-media classification needed
G-0549,Internal,00:28:15.680,00:28:15.940,0.260,S-0669,S-0670,Uncovered by ASR/VAD interval union,,,,,Machine-only; human full-media classification needed
G-0550,Internal,00:28:16.160,00:28:17.290,1.130,S-0670,S-0671,Uncovered by ASR/VAD interval union,,,,,Machine-only; human full-media classification needed
G-0551,Internal,00:28:18.170,00:28:20.170,2.000,S-0671,S-0672,Uncovered by ASR/VAD interval union,,,,,Machine-only; human full-media classification needed
G-0552,Internal,00:28:20.850,00:28:20.970,0.120,S-0672,S-0673,Uncovered by ASR/VAD interval union,,,,,Machine-only; human full-media classification needed
G-0553,Internal,00:28:21.370,00:28:21.430,0.060,S-0673,S-0674,Uncovered by ASR/VAD interval union,,,,,Machine-only; human full-media classification needed
G-0554,Internal,00:28:22.510,00:28:22.590,0.080,S-0674,S-0675,Uncovered by ASR/VAD interval union,,,,,Machine-only; human full-media classification needed
G-0555,Internal,00:28:23.570,00:28:24.170,0.600,S-0675,S-0676,Uncovered by ASR/VAD interval union,,,,,Machine-only; human full-media classification needed
G-0556,Internal,00:28:25.490,00:28:25.850,0.360,S-0676,S-0677,Uncovered by ASR/VAD interval union,,,,,Machine-only; human full-media classification needed
G-0557,Internal,00:28:28.990,00:28:29.550,0.560,S-0678,S-0679,Uncovered by ASR/VAD interval union,,,,,Machine-only; human full-media classification needed
G-0558,Internal,00:28:31.110,00:28:31.230,0.120,S-0679,S-0680,Uncovered by ASR/VAD interval union,,,,,Machine-only; human full-media classification needed
G-0559,Internal,00:28:31.450,00:28:31.730,0.280,S-0680,S-0681,Uncovered by ASR/VAD interval union,,,,,Machine-only; human full-media classification needed
G-0560,Internal,00:28:32.610,00:28:32.650,0.040,S-0681,S-0682,Uncovered by ASR/VAD interval union,,,,,Machine-only; human full-media classification needed
G-0561,Internal,00:28:34.310,00:28:35.230,0.920,S-0682,S-0683,Uncovered by ASR/VAD interval union,,,,,Machine-only; human full-media classification needed
G-0562,Internal,00:28:37.570,00:28:37.650,0.080,S-0683,S-0684,Uncovered by ASR/VAD interval union,,,,,Machine-only; human full-media classification needed
G-0563,Internal,00:28:37.950,00:28:38.430,0.480,S-0684,S-0685,Uncovered by ASR/VAD interval union,,,,,Machine-only; human full-media classification needed
G-0564,Internal,00:28:40.530,00:28:40.690,0.160,S-0685,S-0686,Uncovered by ASR/VAD interval union,,,,,Machine-only; human full-media classification needed
G-0565,Internal,00:28:41.650,00:28:41.890,0.240,S-0686,S-0687,Uncovered by ASR/VAD interval union,,,,,Machine-only; human full-media classification needed
G-0566,Internal,00:28:44.970,00:28:45.550,0.580,S-0688,S-0689,Uncovered by ASR/VAD interval union,,,,,Machine-only; human full-media classification needed
G-0567,Internal,00:28:46.990,00:28:47.210,0.220,S-0689,S-0690,Uncovered by ASR/VAD interval union,,,,,Machine-only; human full-media classification needed
G-0568,Internal,00:28:48.910,00:28:48.990,0.080,S-0690,S-0691,Uncovered by ASR/VAD interval union,,,,,Machine-only; human full-media classification needed
G-0569,Internal,00:28:49.170,00:28:49.230,0.060,S-0691,S-0692,Uncovered by ASR/VAD interval union,,,,,Machine-only; human full-media classification needed
G-0570,Internal,00:28:49.950,00:28:50.090,0.140,S-0692,S-0693,Uncovered by ASR/VAD interval union,,,,,Machine-only; human full-media classification needed
G-0571,Internal,00:28:50.250,00:28:50.330,0.080,S-0693,S-0694,Uncovered by ASR/VAD interval union,,,,,Machine-only; human full-media classification needed
G-0572,Internal,00:28:55.550,00:28:55.630,0.080,S-0696,S-0697,Uncovered by ASR/VAD interval union,,,,,Machine-only; human full-media classification needed
G-0573,Internal,00:28:57.490,00:28:57.910,0.420,S-0697,S-0698,Uncovered by ASR/VAD interval union,,,,,Machine-only; human full-media classification needed
G-0574,Internal,00:29:00.330,00:29:00.910,0.580,S-0698,S-0699,Uncovered by ASR/VAD interval union,,,,,Machine-only; human full-media classification needed
G-0575,Internal,00:29:02.510,00:29:02.570,0.060,S-0699,S-0700,Uncovered by ASR/VAD interval union,,,,,Machine-only; human full-media classification needed
G-0576,Internal,00:29:05.970,00:29:06.980,1.010,S-0700,S-0701,Uncovered by ASR/VAD interval union,,,,,Machine-only; human full-media classification needed
G-0577,Internal,00:29:07.220,00:29:07.820,0.600,S-0701,S-0702,Uncovered by ASR/VAD interval union,,,,,Machine-only; human full-media classification needed
G-0578,Internal,00:29:08.140,00:29:08.700,0.560,S-0702,S-0703,Uncovered by ASR/VAD interval union,,,,,Machine-only; human full-media classification needed
G-0579,Internal,00:29:09.900,00:29:10.600,0.700,S-0703,S-0704,Uncovered by ASR/VAD interval union,,,,,Machine-only; human full-media classification needed
G-0580,Internal,00:29:14.280,00:29:15.060,0.780,S-0704,S-0705,Uncovered by ASR/VAD interval union,,,,,Machine-only; human full-media classification needed
G-0581,Internal,00:29:17.940,00:29:19.010,1.070,S-0705,S-0706,Uncovered by ASR/VAD interval union,,,,,Machine-only; human full-media classification needed
G-0582,Internal,00:29:24.430,00:29:24.990,0.560,S-0707,S-0708,Uncovered by ASR/VAD interval union,,,,,Machine-only; human full-media classification needed
G-0583,Internal,00:29:26.270,00:29:26.310,0.040,S-0708,S-0709,Uncovered by ASR/VAD interval union,,,,,Machine-only; human full-media classification needed
G-0584,Internal,00:29:27.250,00:29:27.730,0.480,S-0709,S-0710,Uncovered by ASR/VAD interval union,,,,,Machine-only; human full-media classification needed
G-0585,Internal,00:29:29.630,00:29:30.580,0.950,S-0710,S-0711,Uncovered by ASR/VAD interval union,,,,,Machine-only; human full-media classification needed
G-0586,Internal,00:29:30.860,00:29:31.520,0.660,S-0711,S-0712,Uncovered by ASR/VAD interval union,,,,,Machine-only; human full-media classification needed
G-0587,Internal,00:29:33.680,00:29:34.220,0.540,S-0712,S-0713,Uncovered by ASR/VAD interval union,,,,,Machine-only; human full-media classification needed
G-0588,Internal,00:29:35.240,00:29:35.280,0.040,S-0713,S-0714,Uncovered by ASR/VAD interval union,,,,,Machine-only; human full-media classification needed
G-0589,Internal,00:29:36.060,00:29:36.660,0.600,S-0714,S-0715,Uncovered by ASR/VAD interval union,,,,,Machine-only; human full-media classification needed
G-0590,Internal,00:29:38.240,00:29:39.080,0.840,S-0715,S-0716,Uncovered by ASR/VAD interval union,,,,,Machine-only; human full-media classification needed
G-0591,Internal,00:29:40.480,00:29:40.580,0.100,S-0716,S-0717,Uncovered by ASR/VAD interval union,,,,,Machine-only; human full-media classification needed
G-0592,Internal,00:29:46.360,00:29:47.090,0.730,S-0718,S-0719,Uncovered by ASR/VAD interval union,,,,,Machine-only; human full-media classification needed
G-0593,Internal,00:29:49.490,00:29:49.890,0.400,S-0719,S-0720,Uncovered by ASR/VAD interval union,,,,,Machine-only; human full-media classification needed
G-0594,Internal,00:29:51.670,00:29:51.710,0.040,S-0720,S-0721,Uncovered by ASR/VAD interval union,,,,,Machine-only; human full-media classification needed
G-0595,Internal,00:29:56.450,00:29:56.950,0.500,S-0721,S-0722,Uncovered by ASR/VAD interval union,,,,,Machine-only; human full-media classification needed
G-0596,Internal,00:29:57.770,00:29:58.070,0.300,S-0722,S-0723,Uncovered by ASR/VAD interval union,,,,,Machine-only; human full-media classification needed
G-0597,Internal,00:30:01.590,00:30:01.970,0.380,S-0723,S-0724,Uncovered by ASR/VAD interval union,,,,,Machine-only; human full-media classification needed
G-0598,Internal,00:30:02.310,00:30:02.450,0.140,S-0724,S-0725,Uncovered by ASR/VAD interval union,,,,,Machine-only; human full-media classification needed
G-0599,Internal,00:30:03.550,00:30:03.770,0.220,S-0725,S-0726,Uncovered by ASR/VAD interval union,,,,,Machine-only; human full-media classification needed
G-0600,Internal,00:30:04.970,00:30:06.090,1.120,S-0726,S-0727,Uncovered by ASR/VAD interval union,,,,,Machine-only; human full-media classification needed
G-0601,Internal,00:30:07.810,00:30:07.910,0.100,S-0727,S-0728,Uncovered by ASR/VAD interval union,,,,,Machine-only; human full-media classification needed
G-0602,Internal,00:30:08.270,00:30:08.330,0.060,S-0728,S-0729,Uncovered by ASR/VAD interval union,,,,,Machine-only; human full-media classification needed
G-0603,Internal,00:30:08.730,00:30:08.770,0.040,S-0729,S-0730,Uncovered by ASR/VAD interval union,,,,,Machine-only; human full-media classification needed
G-0604,Internal,00:30:11.450,00:30:11.810,0.360,S-0730,S-0731,Uncovered by ASR/VAD interval union,,,,,Machine-only; human full-media classification needed
G-0605,Internal,00:30:13.290,00:30:13.390,0.100,S-0731,S-0732,Uncovered by ASR/VAD interval union,,,,,Machine-only; human full-media classification needed
G-0606,Internal,00:30:14.790,00:30:14.890,0.100,S-0732,S-0733,Uncovered by ASR/VAD interval union,,,,,Machine-only; human full-media classification needed
G-0607,Internal,00:30:20.870,00:30:21.190,0.320,S-0734,S-0735,Uncovered by ASR/VAD interval union,,,,,Machine-only; human full-media classification needed
G-0608,Internal,00:30:22.830,00:30:23.190,0.360,S-0735,S-0736,Uncovered by ASR/VAD interval union,,,,,Machine-only; human full-media classification needed
G-0609,Internal,00:30:26.210,00:30:26.310,0.100,S-0736,S-0737,Uncovered by ASR/VAD interval union,,,,,Machine-only; human full-media classification needed
G-0610,Internal,00:30:27.810,00:30:28.190,0.380,S-0737,S-0738,Uncovered by ASR/VAD interval union,,,,,Machine-only; human full-media classification needed
G-0611,Internal,00:30:28.970,00:30:29.470,0.500,S-0738,S-0739,Uncovered by ASR/VAD interval union,,,,,Machine-only; human full-media classification needed
G-0612,Internal,00:30:35.330,00:30:35.970,0.640,S-0740,S-0741,Uncovered by ASR/VAD interval union,,,,,Machine-only; human full-media classification needed
G-0613,Internal,00:30:37.650,00:30:38.010,0.360,S-0741,S-0742,Uncovered by ASR/VAD interval union,,,,,Machine-only; human full-media classification needed
G-0614,Internal,00:30:40.710,00:30:40.890,0.180,S-0742,S-0743,Uncovered by ASR/VAD interval union,,,,,Machine-only; human full-media classification needed
G-0615,Internal,00:30:42.810,00:30:43.830,1.020,S-0743,S-0744,Uncovered by ASR/VAD interval union,,,,,Machine-only; human full-media classification needed
G-0616,Internal,00:30:44.270,00:30:44.630,0.360,S-0744,S-0745,Uncovered by ASR/VAD interval union,,,,,Machine-only; human full-media classification needed
G-0617,Internal,00:30:44.750,00:30:45.030,0.280,S-0745,S-0746,Uncovered by ASR/VAD interval union,,,,,Machine-only; human full-media classification needed
G-0618,Internal,00:30:45.530,00:30:45.610,0.080,S-0746,S-0747,Uncovered by ASR/VAD interval union,,,,,Machine-only; human full-media classification needed
G-0619,Internal,00:30:46.970,00:30:47.290,0.320,S-0747,S-0748,Uncovered by ASR/VAD interval union,,,,,Machine-only; human full-media classification needed
G-0620,Internal,00:30:48.370,00:30:48.470,0.100,S-0748,S-0749,Uncovered by ASR/VAD interval union,,,,,Machine-only; human full-media classification needed
G-0621,Internal,00:30:49.570,00:30:50.030,0.460,S-0749,S-0750,Uncovered by ASR/VAD interval union,,,,,Machine-only; human full-media classification needed
G-0622,Internal,00:30:53.350,00:30:53.610,0.260,S-0751,S-0752,Uncovered by ASR/VAD interval union,,,,,Machine-only; human full-media classification needed
G-0623,Internal,00:30:54.670,00:30:54.750,0.080,S-0752,S-0753,Uncovered by ASR/VAD interval union,,,,,Machine-only; human full-media classification needed
G-0624,Internal,00:30:59.290,00:30:59.370,0.080,S-0754,S-0755,Uncovered by ASR/VAD interval union,,,,,Machine-only; human full-media classification needed
G-0625,Internal,00:31:00.190,00:31:00.630,0.440,S-0755,S-0756,Uncovered by ASR/VAD interval union,,,,,Machine-only; human full-media classification needed
G-0626,Internal,00:31:01.950,00:31:02.090,0.140,S-0756,S-0757,Uncovered by ASR/VAD interval union,,,,,Machine-only; human full-media classification needed
G-0627,Internal,00:31:03.490,00:31:04.410,0.920,S-0757,S-0758,Uncovered by ASR/VAD interval union,,,,,Machine-only; human full-media classification needed
G-0628,Internal,00:31:07.530,00:31:07.630,0.100,S-0759,S-0760,Uncovered by ASR/VAD interval union,,,,,Machine-only; human full-media classification needed
G-0629,Internal,00:31:09.810,00:31:10.330,0.520,S-0760,S-0761,Uncovered by ASR/VAD interval union,,,,,Machine-only; human full-media classification needed
G-0630,Internal,00:31:10.730,00:31:11.170,0.440,S-0761,S-0762,Uncovered by ASR/VAD interval union,,,,,Machine-only; human full-media classification needed
G-0631,Internal,00:31:11.750,00:31:11.870,0.120,S-0762,S-0763,Uncovered by ASR/VAD interval union,,,,,Machine-only; human full-media classification needed
G-0632,Internal,00:31:15.570,00:31:15.670,0.100,S-0764,S-0765,Uncovered by ASR/VAD interval union,,,,,Machine-only; human full-media classification needed
G-0633,Internal,00:31:17.070,00:31:17.570,0.500,S-0765,S-0766,Uncovered by ASR/VAD interval union,,,,,Machine-only; human full-media classification needed
G-0634,Internal,00:31:19.710,00:31:19.770,0.060,S-0766,S-0767,Uncovered by ASR/VAD interval union,,,,,Machine-only; human full-media classification needed
G-0635,Internal,00:31:19.990,00:31:20.730,0.740,S-0767,S-0768,Uncovered by ASR/VAD interval union,,,,,Machine-only; human full-media classification needed
G-0636,Internal,00:31:21.730,00:31:21.850,0.120,S-0768,S-0769,Uncovered by ASR/VAD interval union,,,,,Machine-only; human full-media classification needed
G-0637,Internal,00:31:30.690,00:31:30.770,0.080,S-0771,S-0772,Uncovered by ASR/VAD interval union,,,,,Machine-only; human full-media classification needed
G-0638,Internal,00:31:34.570,00:31:34.770,0.200,S-0772,S-0773,Uncovered by ASR/VAD interval union,,,,,Machine-only; human full-media classification needed
G-0639,Internal,00:31:36.230,00:31:36.690,0.460,S-0773,S-0774,Uncovered by ASR/VAD interval union,,,,,Machine-only; human full-media classification needed
G-0640,Internal,00:31:38.770,00:31:38.870,0.100,S-0774,S-0775,Uncovered by ASR/VAD interval union,,,,,Machine-only; human full-media classification needed
G-0641,Internal,00:31:42.730,00:31:43.230,0.500,S-0775,S-0776,Uncovered by ASR/VAD interval union,,,,,Machine-only; human full-media classification needed
G-0642,Internal,00:31:47.510,00:31:47.550,0.040,S-0776,S-0777,Uncovered by ASR/VAD interval union,,,,,Machine-only; human full-media classification needed
G-0643,Internal,00:31:49.510,00:31:49.910,0.400,S-0777,S-0778,Uncovered by ASR/VAD interval union,,,,,Machine-only; human full-media classification needed
G-0644,Internal,00:31:58.990,00:31:59.070,0.080,S-0780,S-0781,Uncovered by ASR/VAD interval union,,,,,Machine-only; human full-media classification needed
G-0645,Internal,00:32:01.130,00:32:01.730,0.600,S-0781,S-0782,Uncovered by ASR/VAD interval union,,,,,Machine-only; human full-media classification needed
G-0646,Internal,00:32:02.590,00:32:03.010,0.420,S-0782,S-0783,Uncovered by ASR/VAD interval union,,,,,Machine-only; human full-media classification needed
G-0647,Internal,00:32:04.530,00:32:04.770,0.240,S-0783,S-0784,Uncovered by ASR/VAD interval union,,,,,Machine-only; human full-media classification needed
G-0648,Internal,00:32:06.450,00:32:06.910,0.460,S-0784,S-0785,Uncovered by ASR/VAD interval union,,,,,Machine-only; human full-media classification needed
G-0649,Internal,00:32:10.250,00:32:10.350,0.100,S-0785,S-0786,Uncovered by ASR/VAD interval union,,,,,Machine-only; human full-media classification needed
G-0650,Internal,00:32:11.250,00:32:13.170,1.920,S-0786,S-0787,Uncovered by ASR/VAD interval union,,,,,Machine-only; human full-media classification needed
G-0651,Internal,00:32:15.290,00:32:15.670,0.380,S-0787,S-0788,Uncovered by ASR/VAD interval union,,,,,Machine-only; human full-media classification needed
G-0652,Internal,00:32:17.490,00:32:17.590,0.100,S-0789,S-0790,Uncovered by ASR/VAD interval union,,,,,Machine-only; human full-media classification needed
G-0653,Internal,00:32:20.890,00:32:21.150,0.260,S-0790,S-0791,Uncovered by ASR/VAD interval union,,,,,Machine-only; human full-media classification needed
G-0654,Internal,00:32:22.270,00:32:22.370,0.100,S-0791,S-0792,Uncovered by ASR/VAD interval union,,,,,Machine-only; human full-media classification needed
G-0655,Internal,00:32:23.470,00:32:23.690,0.220,S-0792,S-0793,Uncovered by ASR/VAD interval union,,,,,Machine-only; human full-media classification needed
G-0656,Internal,00:32:24.870,00:32:25.370,0.500,S-0793,S-0794,Uncovered by ASR/VAD interval union,,,,,Machine-only; human full-media classification needed
G-0657,Internal,00:32:26.950,00:32:27.470,0.520,S-0794,S-0795,Uncovered by ASR/VAD interval union,,,,,Machine-only; human full-media classification needed
G-0658,Internal,00:32:31.290,00:32:31.710,0.420,S-0795,S-0796,Uncovered by ASR/VAD interval union,,,,,Machine-only; human full-media classification needed
G-0659,Internal,00:32:33.290,00:32:33.390,0.100,S-0796,S-0797,Uncovered by ASR/VAD interval union,,,,,Machine-only; human full-media classification needed
G-0660,Internal,00:32:34.090,00:32:34.470,0.380,S-0797,S-0798,Uncovered by ASR/VAD interval union,,,,,Machine-only; human full-media classification needed
G-0661,Internal,00:32:37.370,00:32:37.570,0.200,S-0798,S-0799,Uncovered by ASR/VAD interval union,,,,,Machine-only; human full-media classification needed
G-0662,Internal,00:32:41.170,00:32:43.400,2.230,S-0800,S-0801,Uncovered by ASR/VAD interval union,,,,,Machine-only; human full-media classification needed
G-0663,Internal,00:32:46.180,00:32:46.980,0.800,S-0801,S-0802,Uncovered by ASR/VAD interval union,,,,,Machine-only; human full-media classification needed
G-0664,Internal,00:32:51.520,00:32:51.980,0.460,S-0802,S-0803,Uncovered by ASR/VAD interval union,,,,,Machine-only; human full-media classification needed
G-0665,Internal,00:32:55.580,00:32:56.040,0.460,S-0803,S-0804,Uncovered by ASR/VAD interval union,,,,,Machine-only; human full-media classification needed
G-0666,Internal,00:33:02.580,00:33:03.100,0.520,S-0804,S-0805,Uncovered by ASR/VAD interval union,,,,,Machine-only; human full-media classification needed
G-0667,Internal,00:33:03.300,00:33:03.360,0.060,S-0805,S-0806,Uncovered by ASR/VAD interval union,,,,,Machine-only; human full-media classification needed
G-0668,Internal,00:33:04.440,00:33:05.040,0.600,S-0806,S-0807,Uncovered by ASR/VAD interval union,,,,,Machine-only; human full-media classification needed
G-0669,Internal,00:33:10.580,00:33:10.640,0.060,S-0808,S-0809,Uncovered by ASR/VAD interval union,,,,,Machine-only; human full-media classification needed
G-0670,Internal,00:33:11.680,00:33:11.760,0.080,S-0809,S-0810,Uncovered by ASR/VAD interval union,,,,,Machine-only; human full-media classification needed
G-0671,Internal,00:33:13.420,00:33:13.500,0.080,S-0810,S-0811,Uncovered by ASR/VAD interval union,,,,,Machine-only; human full-media classification needed
G-0672,Internal,00:33:14.580,00:33:14.680,0.100,S-0811,S-0812,Uncovered by ASR/VAD interval union,,,,,Machine-only; human full-media classification needed
G-0673,Internal,00:33:15.940,00:33:16.420,0.480,S-0812,S-0813,Uncovered by ASR/VAD interval union,,,,,Machine-only; human full-media classification needed
G-0674,Internal,00:33:17.520,00:33:17.880,0.360,S-0813,S-0814,Uncovered by ASR/VAD interval union,,,,,Machine-only; human full-media classification needed
G-0675,Internal,00:33:20.460,00:33:20.740,0.280,S-0814,S-0815,Uncovered by ASR/VAD interval union,,,,,Machine-only; human full-media classification needed
G-0676,Internal,00:33:23.300,00:33:24.100,0.800,S-0815,S-0816,Uncovered by ASR/VAD interval union,,,,,Machine-only; human full-media classification needed
G-0677,Internal,00:33:25.200,00:33:25.280,0.080,S-0816,S-0817,Uncovered by ASR/VAD interval union,,,,,Machine-only; human full-media classification needed
G-0678,Internal,00:33:26.300,00:33:27.340,1.040,S-0817,S-0818,Uncovered by ASR/VAD interval union,,,,,Machine-only; human full-media classification needed
G-0679,Internal,00:33:37.400,00:33:38.620,1.220,S-0820,S-0821,Uncovered by ASR/VAD interval union,,,,,Machine-only; human full-media classification needed
G-0680,Internal,00:33:39.380,00:33:40.540,1.160,S-0821,S-0822,Uncovered by ASR/VAD interval union,,,,,Machine-only; human full-media classification needed
G-0681,Internal,00:33:40.960,00:33:43.430,2.470,S-0822,S-0823,Uncovered by ASR/VAD interval union,,,,,Machine-only; human full-media classification needed
G-0682,Internal,00:33:44.070,00:33:47.290,3.220,S-0823,S-0824,Uncovered by ASR/VAD interval union,,,,,Machine-only; human full-media classification needed
G-0683,Internal,00:33:48.190,00:33:48.350,0.160,S-0824,S-0825,Uncovered by ASR/VAD interval union,,,,,Machine-only; human full-media classification needed
G-0684,Internal,00:33:51.430,00:33:51.570,0.140,S-0825,S-0826,Uncovered by ASR/VAD interval union,,,,,Machine-only; human full-media classification needed
G-0685,Internal,00:33:53.550,00:33:55.310,1.760,S-0826,S-0827,Uncovered by ASR/VAD interval union,,,,,Machine-only; human full-media classification needed
G-0686,Internal,00:34:01.390,00:34:01.530,0.140,S-0827,S-0828,Uncovered by ASR/VAD interval union,,,,,Machine-only; human full-media classification needed
G-0687,Internal,00:34:12.790,00:34:12.850,0.060,S-0829,S-0830,Uncovered by ASR/VAD interval union,,,,,Machine-only; human full-media classification needed
G-0688,Internal,00:34:15.270,00:34:15.890,0.620,S-0830,S-0831,Uncovered by ASR/VAD interval union,,,,,Machine-only; human full-media classification needed
G-0689,Internal,00:34:17.250,00:34:17.350,0.100,S-0831,S-0832,Uncovered by ASR/VAD interval union,,,,,Machine-only; human full-media classification needed
G-0690,Internal,00:34:18.770,00:34:18.850,0.080,S-0832,S-0833,Uncovered by ASR/VAD interval union,,,,,Machine-only; human full-media classification needed
G-0691,Internal,00:34:22.210,00:34:22.610,0.400,S-0833,S-0834,Uncovered by ASR/VAD interval union,,,,,Machine-only; human full-media classification needed
G-0692,Internal,00:34:24.850,00:34:24.930,0.080,S-0834,S-0835,Uncovered by ASR/VAD interval union,,,,,Machine-only; human full-media classification needed
G-0693,Internal,00:34:40.260,00:34:41.050,0.790,S-0837,S-0838,Uncovered by ASR/VAD interval union,,,,,Machine-only; human full-media classification needed
G-0694,Internal,00:34:42.930,00:34:43.030,0.100,S-0838,S-0839,Uncovered by ASR/VAD interval union,,,,,Machine-only; human full-media classification needed
G-0695,Internal,00:34:47.330,00:34:48.240,0.910,S-0839,S-0840,Uncovered by ASR/VAD interval union,,,,,Machine-only; human full-media classification needed
G-0696,Internal,00:34:49.800,00:34:54.420,4.620,S-0840,S-0841,Uncovered by ASR/VAD interval union,,,,,Machine-only; human full-media classification needed
G-0697,Internal,00:34:56.130,00:34:58.480,2.350,S-0841,S-0842,Uncovered by ASR/VAD interval union,,,,,Machine-only; human full-media classification needed
G-0698,Internal,00:35:07.380,00:35:07.500,0.120,S-0843,S-0844,Uncovered by ASR/VAD interval union,,,,,Machine-only; human full-media classification needed
G-0699,Internal,00:35:10.380,00:35:11.110,0.730,S-0844,S-0845,Uncovered by ASR/VAD interval union,,,,,Machine-only; human full-media classification needed
G-0700,Internal,00:35:13.250,00:35:13.370,0.120,S-0845,S-0846,Uncovered by ASR/VAD interval union,,,,,Machine-only; human full-media classification needed
G-0701,Internal,00:35:14.170,00:35:14.670,0.500,S-0846,S-0847,Uncovered by ASR/VAD interval union,,,,,Machine-only; human full-media classification needed
G-0702,Internal,00:35:16.930,00:35:17.090,0.160,S-0847,S-0848,Uncovered by ASR/VAD interval union,,,,,Machine-only; human full-media classification needed
G-0703,Internal,00:35:18.070,00:35:19.310,1.240,S-0848,S-0849,Uncovered by ASR/VAD interval union,,,,,Machine-only; human full-media classification needed
G-0704,Internal,00:35:19.630,00:35:20.450,0.820,S-0849,S-0850,Uncovered by ASR/VAD interval union,,,,,Machine-only; human full-media classification needed
G-0705,Internal,00:35:21.750,00:35:22.130,0.380,S-0850,S-0851,Uncovered by ASR/VAD interval union,,,,,Machine-only; human full-media classification needed
G-0706,Internal,00:35:22.670,00:35:24.050,1.380,S-0851,S-0852,Uncovered by ASR/VAD interval union,,,,,Machine-only; human full-media classification needed
G-0707,Internal,00:35:25.210,00:35:25.490,0.280,S-0852,S-0853,Uncovered by ASR/VAD interval union,,,,,Machine-only; human full-media classification needed
G-0708,Internal,00:35:28.580,00:35:28.600,0.020,S-0853,S-0854,Uncovered by ASR/VAD interval union,,,,,Machine-only; human full-media classification needed
G-0709,Internal,00:35:28.800,00:35:30.010,1.210,S-0854,S-0855,Uncovered by ASR/VAD interval union,,,,,Machine-only; human full-media classification needed
G-0710,Internal,00:35:32.390,00:35:32.890,0.500,S-0856,S-0857,Uncovered by ASR/VAD interval union,,,,,Machine-only; human full-media classification needed
G-0711,Internal,00:35:34.870,00:35:35.710,0.840,S-0857,S-0858,Uncovered by ASR/VAD interval union,,,,,Machine-only; human full-media classification needed
G-0712,Internal,00:35:38.010,00:35:39.340,1.330,S-0858,S-0859,Uncovered by ASR/VAD interval union,,,,,Machine-only; human full-media classification needed
G-0713,Internal,00:35:44.360,00:35:44.480,0.120,S-0861,S-0862,Uncovered by ASR/VAD interval union,,,,,Machine-only; human full-media classification needed
G-0714,Internal,00:35:46.480,00:35:46.760,0.280,S-0862,S-0863,Uncovered by ASR/VAD interval union,,,,,Machine-only; human full-media classification needed
G-0715,Internal,00:35:49.380,00:35:49.580,0.200,S-0863,S-0864,Uncovered by ASR/VAD interval union,,,,,Machine-only; human full-media classification needed
G-0716,Internal,00:35:51.440,00:35:51.740,0.300,S-0864,S-0865,Uncovered by ASR/VAD interval union,,,,,Machine-only; human full-media classification needed
G-0717,Internal,00:35:54.800,00:35:55.140,0.340,S-0865,S-0866,Uncovered by ASR/VAD interval union,,,,,Machine-only; human full-media classification needed
G-0718,Internal,00:35:57.680,00:35:58.220,0.540,S-0866,S-0867,Uncovered by ASR/VAD interval union,,,,,Machine-only; human full-media classification needed
G-0719,Internal,00:36:01.860,00:36:02.180,0.320,S-0867,S-0868,Uncovered by ASR/VAD interval union,,,,,Machine-only; human full-media classification needed
G-0720,Internal,00:36:10.620,00:36:10.700,0.080,S-0870,S-0871,Uncovered by ASR/VAD interval union,,,,,Machine-only; human full-media classification needed
G-0721,Internal,00:36:11.780,00:36:11.840,0.060,S-0871,S-0872,Uncovered by ASR/VAD interval union,,,,,Machine-only; human full-media classification needed
G-0722,Internal,00:36:13.520,00:36:13.840,0.320,S-0872,S-0873,Uncovered by ASR/VAD interval union,,,,,Machine-only; human full-media classification needed
G-0723,Internal,00:36:16.840,00:36:17.260,0.420,S-0873,S-0874,Uncovered by ASR/VAD interval union,,,,,Machine-only; human full-media classification needed
G-0724,Internal,00:36:21.380,00:36:21.780,0.400,S-0874,S-0875,Uncovered by ASR/VAD interval union,,,,,Machine-only; human full-media classification needed
G-0725,Internal,00:36:22.620,00:36:23.620,1.000,S-0875,S-0876,Uncovered by ASR/VAD interval union,,,,,Machine-only; human full-media classification needed
G-0726,Internal,00:36:31.260,00:36:32.350,1.090,S-0877,S-0878,Uncovered by ASR/VAD interval union,,,,,Machine-only; human full-media classification needed
G-0727,Internal,00:36:32.650,00:36:33.110,0.460,S-0878,S-0879,Uncovered by ASR/VAD interval union,,,,,Machine-only; human full-media classification needed
G-0728,Internal,00:36:33.550,00:36:33.990,0.440,S-0879,S-0880,Uncovered by ASR/VAD interval union,,,,,Machine-only; human full-media classification needed
G-0729,Internal,00:36:37.050,00:36:37.290,0.240,S-0880,S-0881,Uncovered by ASR/VAD interval union,,,,,Machine-only; human full-media classification needed
G-0730,Internal,00:36:38.930,00:36:39.270,0.340,S-0881,S-0882,Uncovered by ASR/VAD interval union,,,,,Machine-only; human full-media classification needed
G-0731,Internal,00:36:41.690,00:36:41.750,0.060,S-0882,S-0883,Uncovered by ASR/VAD interval union,,,,,Machine-only; human full-media classification needed
G-0732,Internal,00:36:42.550,00:36:42.930,0.380,S-0883,S-0884,Uncovered by ASR/VAD interval union,,,,,Machine-only; human full-media classification needed
G-0733,Internal,00:36:44.890,00:36:45.010,0.120,S-0884,S-0885,Uncovered by ASR/VAD interval union,,,,,Machine-only; human full-media classification needed
G-0734,Internal,00:36:47.990,00:36:48.070,0.080,S-0885,S-0886,Uncovered by ASR/VAD interval union,,,,,Machine-only; human full-media classification needed
G-0735,Internal,00:36:52.050,00:36:52.090,0.040,S-0886,S-0887,Uncovered by ASR/VAD interval union,,,,,Machine-only; human full-media classification needed
G-0736,Internal,00:36:52.770,00:36:52.870,0.100,S-0887,S-0888,Uncovered by ASR/VAD interval union,,,,,Machine-only; human full-media classification needed
G-0737,Internal,00:36:57.210,00:36:57.310,0.100,S-0889,S-0890,Uncovered by ASR/VAD interval union,,,,,Machine-only; human full-media classification needed
G-0738,Internal,00:37:01.050,00:37:01.810,0.760,S-0890,S-0891,Uncovered by ASR/VAD interval union,,,,,Machine-only; human full-media classification needed
G-0739,Internal,00:37:03.810,00:37:03.890,0.080,S-0891,S-0892,Uncovered by ASR/VAD interval union,,,,,Machine-only; human full-media classification needed
G-0740,Internal,00:37:04.650,00:37:04.750,0.100,S-0892,S-0893,Uncovered by ASR/VAD interval union,,,,,Machine-only; human full-media classification needed
G-0741,Internal,00:37:05.510,00:37:05.590,0.080,S-0893,S-0894,Uncovered by ASR/VAD interval union,,,,,Machine-only; human full-media classification needed
G-0742,Internal,00:37:07.370,00:37:07.590,0.220,S-0894,S-0895,Uncovered by ASR/VAD interval union,,,,,Machine-only; human full-media classification needed
G-0743,Internal,00:37:08.150,00:37:08.810,0.660,S-0895,S-0896,Uncovered by ASR/VAD interval union,,,,,Machine-only; human full-media classification needed
G-0744,Internal,00:37:09.690,00:37:09.810,0.120,S-0896,S-0897,Uncovered by ASR/VAD interval union,,,,,Machine-only; human full-media classification needed
G-0745,Internal,00:37:10.550,00:37:12.190,1.640,S-0897,S-0898,Uncovered by ASR/VAD interval union,,,,,Machine-only; human full-media classification needed
G-0746,Internal,00:37:13.450,00:37:13.530,0.080,S-0898,S-0899,Uncovered by ASR/VAD interval union,,,,,Machine-only; human full-media classification needed
G-0747,Internal,00:37:15.230,00:37:15.470,0.240,S-0899,S-0900,Uncovered by ASR/VAD interval union,,,,,Machine-only; human full-media classification needed
G-0748,Internal,00:37:17.810,00:37:17.930,0.120,S-0900,S-0901,Uncovered by ASR/VAD interval union,,,,,Machine-only; human full-media classification needed
G-0749,Internal,00:37:19.930,00:37:19.950,0.020,S-0901,S-0902,Uncovered by ASR/VAD interval union,,,,,Machine-only; human full-media classification needed
G-0750,Internal,00:37:20.050,00:37:20.330,0.280,S-0902,S-0903,Uncovered by ASR/VAD interval union,,,,,Machine-only; human full-media classification needed
G-0751,Internal,00:37:20.850,00:37:21.170,0.320,S-0903,S-0904,Uncovered by ASR/VAD interval union,,,,,Machine-only; human full-media classification needed
G-0752,Internal,00:37:23.070,00:37:23.870,0.800,S-0904,S-0905,Uncovered by ASR/VAD interval union,,,,,Machine-only; human full-media classification needed
G-0753,Internal,00:37:26.190,00:37:26.570,0.380,S-0906,S-0907,Uncovered by ASR/VAD interval union,,,,,Machine-only; human full-media classification needed
G-0754,Internal,00:37:27.650,00:37:29.230,1.580,S-0907,S-0908,Uncovered by ASR/VAD interval union,,,,,Machine-only; human full-media classification needed
G-0755,Internal,00:37:30.230,00:37:30.350,0.120,S-0908,S-0909,Uncovered by ASR/VAD interval union,,,,,Machine-only; human full-media classification needed
G-0756,Internal,00:37:32.690,00:37:32.830,0.140,S-0909,S-0910,Uncovered by ASR/VAD interval union,,,,,Machine-only; human full-media classification needed
G-0757,Internal,00:37:34.010,00:37:34.290,0.280,S-0910,S-0911,Uncovered by ASR/VAD interval union,,,,,Machine-only; human full-media classification needed
G-0758,Internal,00:37:36.470,00:37:38.480,2.010,S-0911,S-0912,Uncovered by ASR/VAD interval union,,,,,Machine-only; human full-media classification needed
G-0759,Internal,00:37:39.480,00:37:39.860,0.380,S-0912,S-0913,Uncovered by ASR/VAD interval union,,,,,Machine-only; human full-media classification needed
G-0760,Internal,00:37:40.440,00:37:40.460,0.020,S-0913,S-0914,Uncovered by ASR/VAD interval union,,,,,Machine-only; human full-media classification needed
G-0761,Internal,00:37:42.180,00:37:42.280,0.100,S-0914,S-0915,Uncovered by ASR/VAD interval union,,,,,Machine-only; human full-media classification needed
G-0762,Internal,00:37:44.320,00:37:44.880,0.560,S-0915,S-0916,Uncovered by ASR/VAD interval union,,,,,Machine-only; human full-media classification needed
G-0763,Internal,00:37:45.720,00:37:45.780,0.060,S-0916,S-0917,Uncovered by ASR/VAD interval union,,,,,Machine-only; human full-media classification needed
G-0764,Internal,00:37:46.400,00:37:48.160,1.760,S-0917,S-0918,Uncovered by ASR/VAD interval union,,,,,Machine-only; human full-media classification needed
G-0765,Internal,00:37:49.340,00:37:49.380,0.040,S-0918,S-0919,Uncovered by ASR/VAD interval union,,,,,Machine-only; human full-media classification needed
G-0766,Internal,00:37:51.200,00:37:51.520,0.320,S-0919,S-0920,Uncovered by ASR/VAD interval union,,,,,Machine-only; human full-media classification needed
G-0767,Internal,00:37:52.380,00:37:52.700,0.320,S-0920,S-0921,Uncovered by ASR/VAD interval union,,,,,Machine-only; human full-media classification needed
G-0768,Internal,00:37:54.780,00:37:55.100,0.320,S-0922,S-0923,Uncovered by ASR/VAD interval union,,,,,Machine-only; human full-media classification needed
G-0769,Internal,00:37:57.420,00:37:57.500,0.080,S-0923,S-0924,Uncovered by ASR/VAD interval union,,,,,Machine-only; human full-media classification needed
G-0770,Internal,00:37:58.220,00:37:58.320,0.100,S-0924,S-0925,Uncovered by ASR/VAD interval union,,,,,Machine-only; human full-media classification needed
G-0771,Internal,00:37:59.540,00:37:59.900,0.360,S-0925,S-0926,Uncovered by ASR/VAD interval union,,,,,Machine-only; human full-media classification needed
G-0772,Internal,00:38:02.260,00:38:02.600,0.340,S-0926,S-0927,Uncovered by ASR/VAD interval union,,,,,Machine-only; human full-media classification needed
G-0773,Internal,00:38:04.100,00:38:04.200,0.100,S-0927,S-0928,Uncovered by ASR/VAD interval union,,,,,Machine-only; human full-media classification needed
G-0774,Internal,00:38:05.000,00:38:05.460,0.460,S-0928,S-0929,Uncovered by ASR/VAD interval union,,,,,Machine-only; human full-media classification needed
G-0775,Internal,00:38:15.760,00:38:16.120,0.360,S-0930,S-0931,Uncovered by ASR/VAD interval union,,,,,Machine-only; human full-media classification needed
G-0776,Internal,00:38:16.940,00:38:18.050,1.110,S-0931,S-0932,Uncovered by ASR/VAD interval union,,,,,Machine-only; human full-media classification needed
G-0777,Internal,00:38:18.670,00:38:18.730,0.060,S-0932,S-0933,Uncovered by ASR/VAD interval union,,,,,Machine-only; human full-media classification needed
G-0778,Internal,00:38:19.110,00:38:19.740,0.630,S-0933,S-0934,Uncovered by ASR/VAD interval union,,,,,Machine-only; human full-media classification needed
G-0779,Internal,00:38:19.900,00:38:21.700,1.800,S-0934,S-0935,Uncovered by ASR/VAD interval union,,,,,Machine-only; human full-media classification needed
G-0780,Internal,00:38:22.520,00:38:22.760,0.240,S-0935,S-0936,Uncovered by ASR/VAD interval union,,,,,Machine-only; human full-media classification needed
G-0781,Internal,00:38:24.260,00:38:26.820,2.560,S-0936,S-0937,Uncovered by ASR/VAD interval union,,,,,Machine-only; human full-media classification needed
G-0782,Internal,00:38:28.880,00:38:29.000,0.120,S-0937,S-0938,Uncovered by ASR/VAD interval union,,,,,Machine-only; human full-media classification needed
G-0783,Internal,00:38:30.000,00:38:30.120,0.120,S-0938,S-0939,Uncovered by ASR/VAD interval union,,,,,Machine-only; human full-media classification needed
G-0784,Internal,00:38:35.720,00:38:35.760,0.040,S-0940,S-0941,Uncovered by ASR/VAD interval union,,,,,Machine-only; human full-media classification needed
G-0785,Internal,00:38:37.340,00:38:37.400,0.060,S-0941,S-0942,Uncovered by ASR/VAD interval union,,,,,Machine-only; human full-media classification needed
G-0786,Internal,00:38:38.280,00:38:38.340,0.060,S-0942,S-0943,Uncovered by ASR/VAD interval union,,,,,Machine-only; human full-media classification needed
G-0787,Internal,00:38:38.660,00:38:39.060,0.400,S-0943,S-0944,Uncovered by ASR/VAD interval union,,,,,Machine-only; human full-media classification needed
G-0788,Internal,00:38:40.540,00:38:40.580,0.040,S-0944,S-0945,Uncovered by ASR/VAD interval union,,,,,Machine-only; human full-media classification needed
G-0789,Internal,00:38:44.480,00:38:44.560,0.080,S-0946,S-0947,Uncovered by ASR/VAD interval union,,,,,Machine-only; human full-media classification needed
G-0790,Internal,00:38:45.580,00:38:45.660,0.080,S-0947,S-0948,Uncovered by ASR/VAD interval union,,,,,Machine-only; human full-media classification needed
G-0791,Internal,00:38:47.460,00:38:47.560,0.100,S-0948,S-0949,Uncovered by ASR/VAD interval union,,,,,Machine-only; human full-media classification needed
G-0792,Internal,00:38:48.740,00:38:50.080,1.340,S-0949,S-0950,Uncovered by ASR/VAD interval union,,,,,Machine-only; human full-media classification needed
G-0793,Internal,00:38:51.380,00:38:51.980,0.600,S-0950,S-0951,Uncovered by ASR/VAD interval union,,,,,Machine-only; human full-media classification needed
G-0794,Internal,00:38:52.500,00:38:52.580,0.080,S-0951,S-0952,Uncovered by ASR/VAD interval union,,,,,Machine-only; human full-media classification needed
G-0795,Internal,00:38:53.800,00:38:54.040,0.240,S-0952,S-0953,Uncovered by ASR/VAD interval union,,,,,Machine-only; human full-media classification needed
G-0796,Internal,00:38:55.620,00:38:56.660,1.040,S-0953,S-0954,Uncovered by ASR/VAD interval union,,,,,Machine-only; human full-media classification needed
G-0797,Internal,00:38:59.660,00:38:59.820,0.160,S-0954,S-0955,Uncovered by ASR/VAD interval union,,,,,Machine-only; human full-media classification needed
G-0798,Internal,00:39:01.760,00:39:01.860,0.100,S-0955,S-0956,Uncovered by ASR/VAD interval union,,,,,Machine-only; human full-media classification needed
G-0799,Internal,00:39:03.160,00:39:03.280,0.120,S-0956,S-0957,Uncovered by ASR/VAD interval union,,,,,Machine-only; human full-media classification needed
G-0800,Internal,00:39:05.480,00:39:08.510,3.030,S-0957,S-0958,Uncovered by ASR/VAD interval union,,,,,Machine-only; human full-media classification needed
G-0801,Internal,00:39:11.300,00:39:11.500,0.200,S-0958,S-0959,Uncovered by ASR/VAD interval union,,,,,Machine-only; human full-media classification needed
G-0802,Internal,00:39:11.880,00:39:11.900,0.020,S-0959,S-0960,Uncovered by ASR/VAD interval union,,,,,Machine-only; human full-media classification needed
G-0803,Internal,00:39:13.120,00:39:13.790,0.670,S-0960,S-0961,Uncovered by ASR/VAD interval union,,,,,Machine-only; human full-media classification needed
G-0804,Internal,00:39:13.970,00:39:14.150,0.180,S-0961,S-0962,Uncovered by ASR/VAD interval union,,,,,Machine-only; human full-media classification needed
G-0805,Internal,00:39:23.630,00:39:24.150,0.520,S-0962,S-0963,Uncovered by ASR/VAD interval union,,,,,Machine-only; human full-media classification needed
G-0806,Internal,00:39:25.850,00:39:26.150,0.300,S-0963,S-0964,Uncovered by ASR/VAD interval union,,,,,Machine-only; human full-media classification needed
G-0807,Internal,00:39:28.910,00:39:30.970,2.060,S-0964,S-0965,Uncovered by ASR/VAD interval union,,,,,Machine-only; human full-media classification needed
G-0808,Internal,00:39:33.550,00:39:33.870,0.320,S-0965,S-0966,Uncovered by ASR/VAD interval union,,,,,Machine-only; human full-media classification needed
G-0809,Internal,00:39:55.030,00:39:55.110,0.080,S-0969,S-0970,Uncovered by ASR/VAD interval union,,,,,Machine-only; human full-media classification needed
G-0810,Internal,00:39:57.410,00:39:59.830,2.420,S-0970,S-0971,Uncovered by ASR/VAD interval union,,,,,Machine-only; human full-media classification needed
G-0811,Internal,00:40:09.560,00:40:10.360,0.800,S-0973,S-0974,Uncovered by ASR/VAD interval union,,,,,Machine-only; human full-media classification needed
G-0812,Internal,00:40:13.120,00:40:17.380,4.260,S-0974,S-0975,Uncovered by ASR/VAD interval union,,,,,Machine-only; human full-media classification needed
G-0813,Internal,00:40:19.020,00:40:19.080,0.060,S-0975,S-0976,Uncovered by ASR/VAD interval union,,,,,Machine-only; human full-media classification needed
G-0814,Internal,00:40:20.120,00:40:20.990,0.870,S-0976,S-0977,Uncovered by ASR/VAD interval union,,,,,Machine-only; human full-media classification needed
G-0815,Internal,00:40:22.590,00:40:25.890,3.300,S-0977,S-0978,Uncovered by ASR/VAD interval union,,,,,Machine-only; human full-media classification needed
G-0816,Internal,00:40:26.290,00:40:26.810,0.520,S-0978,S-0979,Uncovered by ASR/VAD interval union,,,,,Machine-only; human full-media classification needed
G-0817,Internal,00:40:29.450,00:40:30.070,0.620,S-0979,S-0980,Uncovered by ASR/VAD interval union,,,,,Machine-only; human full-media classification needed
G-0818,Internal,00:40:33.730,00:40:34.410,0.680,S-0980,S-0981,Uncovered by ASR/VAD interval union,,,,,Machine-only; human full-media classification needed
G-0819,Internal,00:40:35.190,00:40:36.560,1.370,S-0981,S-0982,Uncovered by ASR/VAD interval union,,,,,Machine-only; human full-media classification needed
G-0820,Internal,00:40:38.820,00:40:39.020,0.200,S-0982,S-0983,Uncovered by ASR/VAD interval union,,,,,Machine-only; human full-media classification needed
G-0821,Internal,00:40:41.040,00:40:41.080,0.040,S-0983,S-0984,Uncovered by ASR/VAD interval union,,,,,Machine-only; human full-media classification needed
G-0822,Internal,00:40:50.230,00:40:51.290,1.060,S-0985,S-0986,Uncovered by ASR/VAD interval union,,,,,Machine-only; human full-media classification needed
G-0823,Internal,00:40:54.710,00:40:56.120,1.410,S-0986,S-0987,Uncovered by ASR/VAD interval union,,,,,Machine-only; human full-media classification needed
G-0824,Internal,00:41:03.400,00:41:04.230,0.830,S-0987,S-0988,Uncovered by ASR/VAD interval union,,,,,Machine-only; human full-media classification needed
G-0825,Internal,00:41:08.510,00:41:09.160,0.650,S-0988,S-0989,Uncovered by ASR/VAD interval union,,,,,Machine-only; human full-media classification needed
G-0826,Internal,00:41:10.320,00:41:11.420,1.100,S-0989,S-0990,Uncovered by ASR/VAD interval union,,,,,Machine-only; human full-media classification needed
G-0827,Internal,00:41:14.770,00:41:21.730,6.960,S-0990,S-0991,Uncovered by ASR/VAD interval union,,,,,Machine-only; human full-media classification needed
G-0828,Internal,00:41:23.290,00:41:23.850,0.560,S-0991,S-0992,Uncovered by ASR/VAD interval union,,,,,Machine-only; human full-media classification needed
G-0829,Internal,00:41:29.980,00:41:30.340,0.360,S-0992,S-0993,Uncovered by ASR/VAD interval union,,,,,Machine-only; human full-media classification needed
G-0830,Internal,00:41:43.140,00:41:43.380,0.240,S-0993,S-0994,Uncovered by ASR/VAD interval union,,,,,Machine-only; human full-media classification needed
G-0831,Internal,00:41:49.590,00:41:49.950,0.360,S-0994,S-0995,Uncovered by ASR/VAD interval union,,,,,Machine-only; human full-media classification needed
G-0832,Internal,00:42:06.690,00:42:09.020,2.330,S-0996,S-0997,Uncovered by ASR/VAD interval union,,,,,Machine-only; human full-media classification needed
G-0833,Internal,00:42:10.920,00:42:12.110,1.190,S-0997,S-0998,Uncovered by ASR/VAD interval union,,,,,Machine-only; human full-media classification needed
G-0834,Internal,00:42:14.720,00:42:15.510,0.790,S-0999,S-1000,Uncovered by ASR/VAD interval union,,,,,Machine-only; human full-media classification needed
G-0835,Internal,00:42:22.420,00:42:22.660,0.240,S-1004,S-1005,Uncovered by ASR/VAD interval union,,,,,Machine-only; human full-media classification needed
G-0836,Internal,00:42:22.940,00:42:23.260,0.320,S-1005,S-1006,Uncovered by ASR/VAD interval union,,,,,Machine-only; human full-media classification needed
G-0837,Internal,00:42:25.980,00:42:27.130,1.150,S-1008,S-1009,Uncovered by ASR/VAD interval union,,,,,Machine-only; human full-media classification needed
G-0838,Internal,00:42:28.290,00:42:29.260,0.970,S-1010,S-1011,Uncovered by ASR/VAD interval union,,,,,Machine-only; human full-media classification needed
G-0839,Internal,00:42:30.120,00:42:30.660,0.540,S-1011,S-1012,Uncovered by ASR/VAD interval union,,,,,Machine-only; human full-media classification needed
G-0840,Internal,00:42:32.880,00:42:33.000,0.120,S-1012,S-1013,Uncovered by ASR/VAD interval union,,,,,Machine-only; human full-media classification needed
G-0841,Internal,00:42:34.400,00:42:34.660,0.260,S-1014,S-1015,Uncovered by ASR/VAD interval union,,,,,Machine-only; human full-media classification needed
G-0842,Internal,00:42:39.220,00:42:39.580,0.360,S-1018,S-1019,Uncovered by ASR/VAD interval union,,,,,Machine-only; human full-media classification needed
G-0843,Internal,00:42:43.650,00:42:49.790,6.140,S-1021,S-1022,Uncovered by ASR/VAD interval union,,,,,Machine-only; human full-media classification needed
G-0844,Internal,00:42:53.270,00:42:53.710,0.440,S-1024,S-1025,Uncovered by ASR/VAD interval union,,,,,Machine-only; human full-media classification needed
G-0845,Internal,00:42:56.250,00:42:58.430,2.180,S-1026,S-1027,Uncovered by ASR/VAD interval union,,,,,Machine-only; human full-media classification needed
G-0846,Internal,00:43:01.090,00:43:02.710,1.620,S-1028,S-1029,Uncovered by ASR/VAD interval union,,,,,Machine-only; human full-media classification needed
G-0847,Internal,00:43:05.830,00:43:05.970,0.140,S-1029,S-1030,Uncovered by ASR/VAD interval union,,,,,Machine-only; human full-media classification needed
G-0848,Internal,00:43:11.740,00:43:11.800,0.060,S-1031,S-1032,Uncovered by ASR/VAD interval union,,,,,Machine-only; human full-media classification needed
G-0849,Internal,00:43:12.160,00:43:13.600,1.440,S-1032,S-1033,Uncovered by ASR/VAD interval union,,,,,Machine-only; human full-media classification needed
G-0850,Internal,00:43:14.540,00:43:14.640,0.100,S-1033,S-1034,Uncovered by ASR/VAD interval union,,,,,Machine-only; human full-media classification needed
G-0851,Internal,00:43:16.000,00:43:16.480,0.480,S-1034,S-1035,Uncovered by ASR/VAD interval union,,,,,Machine-only; human full-media classification needed
G-0852,Internal,00:43:16.860,00:43:17.180,0.320,S-1035,S-1036,Uncovered by ASR/VAD interval union,,,,,Machine-only; human full-media classification needed
G-0853,Internal,00:43:23.920,00:43:23.980,0.060,S-1039,S-1040,Uncovered by ASR/VAD interval union,,,,,Machine-only; human full-media classification needed
G-0854,Internal,00:43:25.960,00:43:26.700,0.740,S-1041,S-1042,Uncovered by ASR/VAD interval union,,,,,Machine-only; human full-media classification needed
G-0855,Internal,00:43:28.900,00:43:28.940,0.040,S-1042,S-1043,Uncovered by ASR/VAD interval union,,,,,Machine-only; human full-media classification needed
G-0856,Internal,00:43:31.100,00:43:32.330,1.230,S-1044,S-1045,Uncovered by ASR/VAD interval union,,,,,Machine-only; human full-media classification needed
G-0857,Internal,00:43:32.510,00:43:32.990,0.480,S-1045,S-1046,Uncovered by ASR/VAD interval union,,,,,Machine-only; human full-media classification needed
G-0858,Internal,00:43:34.530,00:43:34.870,0.340,S-1046,S-1047,Uncovered by ASR/VAD interval union,,,,,Machine-only; human full-media classification needed
G-0859,Internal,00:43:36.910,00:43:37.010,0.100,S-1048,S-1049,Uncovered by ASR/VAD interval union,,,,,Machine-only; human full-media classification needed
G-0860,Internal,00:43:38.030,00:43:38.110,0.080,S-1050,S-1051,Uncovered by ASR/VAD interval union,,,,,Machine-only; human full-media classification needed
G-0861,Internal,00:43:38.630,00:43:38.730,0.100,S-1051,S-1052,Uncovered by ASR/VAD interval union,,,,,Machine-only; human full-media classification needed
G-0862,Internal,00:43:40.350,00:43:42.040,1.690,S-1053,S-1054,Uncovered by ASR/VAD interval union,,,,,Machine-only; human full-media classification needed
G-0863,Internal,00:43:44.500,00:43:44.620,0.120,S-1055,S-1056,Uncovered by ASR/VAD interval union,,,,,Machine-only; human full-media classification needed
G-0864,Internal,00:43:46.000,00:43:46.790,0.790,S-1057,S-1058,Uncovered by ASR/VAD interval union,,,,,Machine-only; human full-media classification needed
G-0865,Internal,00:43:47.250,00:43:47.310,0.060,S-1058,S-1059,Uncovered by ASR/VAD interval union,,,,,Machine-only; human full-media classification needed
G-0866,Internal,00:43:51.360,00:43:52.300,0.940,S-1062,S-1063,Uncovered by ASR/VAD interval union,,,,,Machine-only; human full-media classification needed
G-0867,Internal,00:43:53.360,00:43:54.680,1.320,S-1064,S-1065,Uncovered by ASR/VAD interval union,,,,,Machine-only; human full-media classification needed
G-0868,Internal,00:43:57.200,00:43:57.700,0.500,S-1066,S-1067,Uncovered by ASR/VAD interval union,,,,,Machine-only; human full-media classification needed
G-0869,Internal,00:44:00.200,00:44:00.690,0.490,S-1067,S-1068,Uncovered by ASR/VAD interval union,,,,,Machine-only; human full-media classification needed
G-0870,Internal,00:44:00.990,00:44:01.980,0.990,S-1068,S-1069,Uncovered by ASR/VAD interval union,,,,,Machine-only; human full-media classification needed
G-0871,Internal,00:44:04.480,00:44:05.570,1.090,S-1072,S-1073,Uncovered by ASR/VAD interval union,,,,,Machine-only; human full-media classification needed
G-0872,Internal,00:44:06.990,00:44:07.110,0.120,S-1073,S-1074,Uncovered by ASR/VAD interval union,,,,,Machine-only; human full-media classification needed
G-0873,Internal,00:44:09.550,00:44:09.630,0.080,S-1076,S-1077,Uncovered by ASR/VAD interval union,,,,,Machine-only; human full-media classification needed
G-0874,Internal,00:44:11.090,00:44:11.110,0.020,S-1078,S-1079,Uncovered by ASR/VAD interval union,,,,,Machine-only; human full-media classification needed
G-0875,Internal,00:44:12.210,00:44:12.610,0.400,S-1079,S-1080,Uncovered by ASR/VAD interval union,,,,,Machine-only; human full-media classification needed
G-0876,Internal,00:44:14.190,00:44:14.910,0.720,S-1080,S-1081,Uncovered by ASR/VAD interval union,,,,,Machine-only; human full-media classification needed
G-0877,Internal,00:44:15.730,00:44:18.230,2.500,S-1081,S-1082,Uncovered by ASR/VAD interval union,,,,,Machine-only; human full-media classification needed
G-0878,Internal,00:44:21.010,00:44:21.450,0.440,S-1082,S-1083,Uncovered by ASR/VAD interval union,,,,,Machine-only; human full-media classification needed
G-0879,Internal,00:44:23.250,00:44:23.350,0.100,S-1083,S-1084,Uncovered by ASR/VAD interval union,,,,,Machine-only; human full-media classification needed
G-0880,Internal,00:44:24.510,00:44:24.610,0.100,S-1084,S-1085,Uncovered by ASR/VAD interval union,,,,,Machine-only; human full-media classification needed
G-0881,Internal,00:44:28.070,00:44:28.150,0.080,S-1087,S-1088,Uncovered by ASR/VAD interval union,,,,,Machine-only; human full-media classification needed
G-0882,Internal,00:44:28.970,00:44:29.530,0.560,S-1089,S-1090,Uncovered by ASR/VAD interval union,,,,,Machine-only; human full-media classification needed
G-0883,Internal,00:44:31.650,00:44:32.470,0.820,S-1090,S-1091,Uncovered by ASR/VAD interval union,,,,,Machine-only; human full-media classification needed
G-0884,Internal,00:44:32.810,00:44:32.890,0.080,S-1091,S-1092,Uncovered by ASR/VAD interval union,,,,,Machine-only; human full-media classification needed
G-0885,Internal,00:44:34.730,00:44:34.770,0.040,S-1093,S-1094,Uncovered by ASR/VAD interval union,,,,,Machine-only; human full-media classification needed
G-0886,Internal,00:44:38.110,00:44:39.350,1.240,S-1098,S-1099,Uncovered by ASR/VAD interval union,,,,,Machine-only; human full-media classification needed
G-0887,Internal,00:44:40.710,00:44:41.500,0.790,S-1100,S-1101,Uncovered by ASR/VAD interval union,,,,,Machine-only; human full-media classification needed
G-0888,Internal,00:44:41.700,00:44:41.780,0.080,S-1101,S-1102,Uncovered by ASR/VAD interval union,,,,,Machine-only; human full-media classification needed
G-0889,Internal,00:44:42.940,00:44:43.180,0.240,S-1102,S-1103,Uncovered by ASR/VAD interval union,,,,,Machine-only; human full-media classification needed
G-0890,Internal,00:44:50.490,00:44:50.570,0.080,S-1106,S-1107,Uncovered by ASR/VAD interval union,,,,,Machine-only; human full-media classification needed
G-0891,Internal,00:44:52.010,00:44:55.490,3.480,S-1108,S-1109,Uncovered by ASR/VAD interval union,,,,,Machine-only; human full-media classification needed
G-0892,Internal,00:44:57.510,00:44:57.550,0.040,S-1109,S-1110,Uncovered by ASR/VAD interval union,,,,,Machine-only; human full-media classification needed
G-0893,Internal,00:44:59.290,00:44:59.350,0.060,S-1111,S-1112,Uncovered by ASR/VAD interval union,,,,,Machine-only; human full-media classification needed
G-0894,Internal,00:45:00.130,00:45:00.910,0.780,S-1112,S-1113,Uncovered by ASR/VAD interval union,,,,,Machine-only; human full-media classification needed
G-0895,Internal,00:45:03.650,00:45:03.750,0.100,S-1115,S-1116,Uncovered by ASR/VAD interval union,,,,,Machine-only; human full-media classification needed
G-0896,Internal,00:45:06.010,00:45:06.270,0.260,S-1117,S-1118,Uncovered by ASR/VAD interval union,,,,,Machine-only; human full-media classification needed
G-0897,Internal,00:45:07.950,00:45:08.910,0.960,S-1119,S-1120,Uncovered by ASR/VAD interval union,,,,,Machine-only; human full-media classification needed
G-0898,Internal,00:45:12.150,00:45:12.670,0.520,S-1123,S-1124,Uncovered by ASR/VAD interval union,,,,,Machine-only; human full-media classification needed
G-0899,Internal,00:45:15.490,00:45:16.150,0.660,S-1127,S-1128,Uncovered by ASR/VAD interval union,,,,,Machine-only; human full-media classification needed
G-0900,Internal,00:45:18.790,00:45:18.870,0.080,S-1130,S-1131,Uncovered by ASR/VAD interval union,,,,,Machine-only; human full-media classification needed
G-0901,Internal,00:45:19.990,00:45:20.070,0.080,S-1132,S-1133,Uncovered by ASR/VAD interval union,,,,,Machine-only; human full-media classification needed
G-0902,Internal,00:45:20.530,00:45:20.670,0.140,S-1133,S-1134,Uncovered by ASR/VAD interval union,,,,,Machine-only; human full-media classification needed
G-0903,Internal,00:45:21.190,00:45:21.270,0.080,S-1134,S-1135,Uncovered by ASR/VAD interval union,,,,,Machine-only; human full-media classification needed
G-0904,Internal,00:45:24.710,00:45:24.730,0.020,S-1136,S-1137,Uncovered by ASR/VAD interval union,,,,,Machine-only; human full-media classification needed
G-0905,Internal,00:45:25.230,00:45:25.310,0.080,S-1137,S-1138,Uncovered by ASR/VAD interval union,,,,,Machine-only; human full-media classification needed
G-0906,Internal,00:45:25.490,00:45:25.650,0.160,S-1138,S-1139,Uncovered by ASR/VAD interval union,,,,,Machine-only; human full-media classification needed
G-0907,Internal,00:45:27.310,00:45:27.750,0.440,S-1140,S-1141,Uncovered by ASR/VAD interval union,,,,,Machine-only; human full-media classification needed
G-0908,Internal,00:45:29.230,00:45:29.330,0.100,S-1142,S-1143,Uncovered by ASR/VAD interval union,,,,,Machine-only; human full-media classification needed
G-0909,Internal,00:45:33.350,00:45:34.970,1.620,S-1145,S-1146,Uncovered by ASR/VAD interval union,,,,,Machine-only; human full-media classification needed
G-0910,Internal,00:45:36.770,00:45:36.850,0.080,S-1147,S-1148,Uncovered by ASR/VAD interval union,,,,,Machine-only; human full-media classification needed
G-0911,Internal,00:45:39.090,00:45:39.410,0.320,S-1149,S-1150,Uncovered by ASR/VAD interval union,,,,,Machine-only; human full-media classification needed
G-0912,Internal,00:45:40.770,00:45:40.810,0.040,S-1152,S-1153,Uncovered by ASR/VAD interval union,,,,,Machine-only; human full-media classification needed
G-0913,Internal,00:45:45.890,00:45:46.890,1.000,S-1157,S-1158,Uncovered by ASR/VAD interval union,,,,,Machine-only; human full-media classification needed
G-0914,Internal,00:45:53.090,00:45:53.230,0.140,S-1162,S-1163,Uncovered by ASR/VAD interval union,,,,,Machine-only; human full-media classification needed
G-0915,Internal,00:45:54.010,00:45:54.970,0.960,S-1163,S-1164,Uncovered by ASR/VAD interval union,,,,,Machine-only; human full-media classification needed
G-0916,Internal,00:45:59.630,00:46:00.330,0.700,S-1167,S-1168,Uncovered by ASR/VAD interval union,,,,,Machine-only; human full-media classification needed
G-0917,Internal,00:46:01.870,00:46:02.690,0.820,S-1169,S-1170,Uncovered by ASR/VAD interval union,,,,,Machine-only; human full-media classification needed
G-0918,Internal,00:46:02.990,00:46:03.450,0.460,S-1170,S-1171,Uncovered by ASR/VAD interval union,,,,,Machine-only; human full-media classification needed
G-0919,Internal,00:46:03.810,00:46:04.600,0.790,S-1171,S-1172,Uncovered by ASR/VAD interval union,,,,,Machine-only; human full-media classification needed
G-0920,Internal,00:46:05.140,00:46:06.100,0.960,S-1172,S-1173,Uncovered by ASR/VAD interval union,,,,,Machine-only; human full-media classification needed
G-0921,Internal,00:46:06.480,00:46:06.640,0.160,S-1173,S-1174,Uncovered by ASR/VAD interval union,,,,,Machine-only; human full-media classification needed
G-0922,Internal,00:46:07.060,00:46:07.420,0.360,S-1174,S-1175,Uncovered by ASR/VAD interval union,,,,,Machine-only; human full-media classification needed
G-0923,Internal,00:46:07.820,00:46:07.880,0.060,S-1175,S-1176,Uncovered by ASR/VAD interval union,,,,,Machine-only; human full-media classification needed
G-0924,Internal,00:46:08.660,00:46:08.720,0.060,S-1176,S-1177,Uncovered by ASR/VAD interval union,,,,,Machine-only; human full-media classification needed
G-0925,Internal,00:46:14.620,00:46:15.690,1.070,S-1181,S-1182,Uncovered by ASR/VAD interval union,,,,,Machine-only; human full-media classification needed
G-0926,Internal,00:46:16.050,00:46:16.230,0.180,S-1182,S-1183,Uncovered by ASR/VAD interval union,,,,,Machine-only; human full-media classification needed
G-0927,Internal,00:46:16.650,00:46:16.770,0.120,S-1183,S-1184,Uncovered by ASR/VAD interval union,,,,,Machine-only; human full-media classification needed
G-0928,Internal,00:46:17.070,00:46:17.730,0.660,S-1184,S-1185,Uncovered by ASR/VAD interval union,,,,,Machine-only; human full-media classification needed
G-0929,Internal,00:46:18.230,00:46:19.830,1.600,S-1186,S-1187,Uncovered by ASR/VAD interval union,,,,,Machine-only; human full-media classification needed
G-0930,Internal,00:46:20.750,00:46:20.930,0.180,S-1188,S-1189,Uncovered by ASR/VAD interval union,,,,,Machine-only; human full-media classification needed
G-0931,Internal,00:46:23.090,00:46:23.250,0.160,S-1190,S-1191,Uncovered by ASR/VAD interval union,,,,,Machine-only; human full-media classification needed
G-0932,Internal,00:46:23.550,00:46:23.830,0.280,S-1191,S-1192,Uncovered by ASR/VAD interval union,,,,,Machine-only; human full-media classification needed
G-0933,Internal,00:46:24.130,00:46:24.450,0.320,S-1192,S-1193,Uncovered by ASR/VAD interval union,,,,,Machine-only; human full-media classification needed
G-0934,Tail,00:46:25.010,00:46:26.283,1.273,S-1195,,Uncovered by ASR/VAD interval union,,,,,Machine-only; human full-media classification needed
